place_id,platform_name,hashtag,category,place_name,address,latitude,longitude,phone,menu1,price1,menu2,price2,description,price1_num,price2_num
P000001,착한가격업소,,식당,돈까스보라,서울특별시 종로구 대학로5길 5 (연건동),37.5781982996716,127.001695852612,02-741-3455,수제 돈까스,7000원,돈까스 정식,8000원,가성비 수제 돈까스,7000,8000.0
P000002,착한가격업소,,식당,삼삼 뚝배기,서울특별시 종로구 동숭길 51 (동숭동),37.5805564090189,127.004190744723,02-765-4683,된장뚝배기,7000원,김치찌개,7000원,가성비 된장뚝배기,7000,7000.0
P000003,착한가격업소,,카페,약속커피숍,서울특별시 종로구 종로 302 (창신동),37.5716332944196,127.01140072111,02-764-1100,맥심커피,2000원,녹차,2000원,가성비 맥심커피,2000,2000.0
P000004,착한가격업소,,미용,영미용실,서울특별시 종로구 지봉로 62 (숭인동),37.5755618391963,127.015850681862,02-743-6052,커트,8000원,파마,20000원,가성비 커트,8000,20000.0
P000005,착한가격업소,,카페,왕관커피숍,서울특별시 종로구 종로 222 (종로5가),37.570760396587,127.002357657235,02-2266-8365,커피,2000원,국산차,2000원,가성비 커피,2000,2000.0
P000006,착한가격업소,,미용,은미용실,서울특별시 종로구 사직로 108-6 (내자동),37.5757821511679,126.970611077009,02-738-1882,커트,5000원,파마,25000원,가성비 커트,5000,25000.0
P000007,착한가격업소,,미용,이레이발관,서울특별시 종로구 수표로 115 (낙원동),37.5715425171338,126.989053894726,,커트,7000원,염색,8000원,가성비 커트,7000,8000.0
P000008,착한가격업소,,미용,이소빈 머리나라,서울특별시 종로구 명륜길 9 (명륜3가),37.5879678107949,126.996150319087,02-766-0545,커트,10000원,파마,25000원,가성비 커트,10000,25000.0
P000009,착한가격업소,,미용,인터미용실,서울특별시 종로구 숭인동길 46 (숭인동),37.5770418729569,127.022187363612,02-922-6363,커트,12000원,파마,35000원,가성비 커트,12000,35000.0
P000010,착한가격업소,,미용,종묘이용원,서울특별시 종로구 종로 146 (종로3가),37.5702281241325,126.993699073444,,커트,7000원,염색,7000원,가성비 커트,7000,7000.0
P000011,착한가격업소,,미용,파고다이용원,서울특별시 종로구 종로17길 12 (종로2가),37.5709410977686,126.988999535085,,커트,6000원,염색,6000원,가성비 커트,6000,6000.0
P000012,착한가격업소,,식당,전주콩나물국밥,서울특별시 종로구 자하문로 3 (내자동),37.5764830744797,126.972264842484,02-738-8223,콩나물국밥,7000원,순두부찌개,7000원,가성비 콩나물국밥,7000,7000.0
P000013,착한가격업소,,식당,먹고갈래지고갈래,서울특별시 종로구 수표로 117 (낙원동),37.5717755006791,126.988906023959,02-3673-1239,삼계탕,13000원,산채비빔밥,7000원,가성비 삼계탕,13000,7000.0
P000014,착한가격업소,,식당,수원성갈비,서울특별시 종로구 창신3길 9 (창신동),37.5732182566597,127.011172071825,02-745-3576,돼지갈비(250g),13000원,돼지갈비(250g)(포장),12000원,가성비 돼지갈비(250g),13000,12000.0
P000015,착한가격업소,,기타,㈜추억을 파는 극장(허리우드클래식),"서울특별시 종로구 삼일대로 428 (낙원동, 4층)",37.5727635233966,126.987902476529,02-3672-4235,영화입장권(경로),2000원,,,가성비 영화입장권(경로),2000,
P000016,착한가격업소,,식당,만족김치삼겹살,서울특별시 종로구 종로53길 7-2,37.572952861839,127.013401276692,02-765-1298,생고기김치찌개(점심),9000원,김치삽겹살(180g),15000원,가성비 생고기김치찌개(점심),9000,15000.0
P000017,착한가격업소,,미용,현미용실,서울특별시 종로구 지봉로17길 12,37.579746404278,127.014548746774,,커트,12000원,파마,40000원,가성비 커트,12000,40000.0
P000018,착한가격업소,,식당,인사동칼국수,서울특별시 종로구 인사동5길 25,37.5720973140597,126.985392406484,02-737-1151,칼국수,7500원,된장찌개,7500원,가성비 칼국수,7500,7500.0
P000019,착한가격업소,,미용,믿음미용실,서울특별시 종로구 계동길 91,37.5814377145875,126.986679281786,,커트,8000원,파마,25000원,가성비 커트,8000,25000.0
P000020,착한가격업소,,식당,눈나무집,서울특별시 종로구 삼청로 136-1,37.5874914824006,126.98189944814,02-739-6742,김치말이국수,6500원,김치볶음밥,6500원,가성비 김치말이국수,6500,6500.0
P000021,착한가격업소,,식당,홍순두부,서울특별시 종로구 명륜길 50 1층,37.5892935619767,126.994629871047,,홍순두부,5500원,순두부,6000원,가성비 홍순두부,5500,6000.0
P000022,착한가격업소,,식당,청정바지락칼국수,서울특별시 종로구 창신길 11,37.5722071295158,127.010524084538,02-743-6557,칼국수,7000원,보리비빔밥,6000원,가성비 칼국수,7000,6000.0
P000023,착한가격업소,,기타,재희플라워,"서울특별시 종로구 새문안로3길 12, 지층 1호",37.5713188201533,126.972944583484,02-739-9386,꽃다발(중),"25,000~45,000원",꽃다발(대),"50,000~70,000원",가성비 꽃다발(중),25000,50000.0
P000024,착한가격업소,,카페,세종커피,"서울특별시 종로구 세종대로23길 54, 지층 26호",37.5718394925759,126.973284555591,,아메리카노,2500원,카페라떼,3500원,가성비 아메리카노,2500,3500.0
P000025,착한가격업소,,식당,효자왕족발,서울특별시 종로구 자하문로 31-2,37.5788039794644,126.971276575353,02-735-7601,보쌈정식(점심),9000원,쟁반막국수,9000원,가성비 보쌈정식(점심),9000,9000.0
P000026,착한가격업소,,식당,토리베이커리,서울특별시 종로구 옥인길 30-3,37.5810719501489,126.96709240261,,막걸리식빵,4000원,화이트롤케이크,12000원,가성비 막걸리식빵,4000,12000.0
P000027,착한가격업소,,식당,서울풍경,서울특별시 종로구 북촌로5길 39,37.5793376128612,126.982701926649,02-735-7799,"정식(제육,뚝불,고등어조림,된장찌개)",16000원,왕돈가스,11000원,"가성비 정식(제육,뚝불,고등어조림,된장찌개)",16000,11000.0
P000028,착한가격업소,,식당,서울식당,서울특별시 종로구 창신길 50,37.5738362027887,127.010698756801,02-764-7587,백반,8000원,,,가성비 백반,8000,
P000029,착한가격업소,,식당,진미김밥,서울특별시 종로구 종로46길 28,37.5704709419319,127.010179837332,02-2268-0069,진미김밥,4000원,냉면,8000원,가성비 진미김밥,4000,8000.0
P000030,착한가격업소,,식당,옛촌,서울특별시 종로구 종로44길 94,37.5706759746126,127.015468174516,02-745-1235,돼지갈비김치찜,13000원,동태탕,11000원,가성비 돼지갈비김치찜,13000,11000.0
P000031,착한가격업소,,식당,스윗샐러드,"서울특별시 종로구 종로1길 50, 지하1층",37.5747244659804,126.979022440109,02-733-3225,버섯샐러드,7900원,닭가슴살샐러드,8900원,가성비 버섯샐러드,7900,8900.0
P000032,착한가격업소,,식당,종가대박집,서울특별시 종로구 종로 307,37.5722159232795,127.011854397226,02-744-4888,암퇘지삼겹살(170g),14000원,대박삼겹살(110g),5500원,가성비 암퇘지삼겹살(170g),14000,5500.0
P000033,착한가격업소,,식당,꽃백숙,서울특별시 종로구 창신길 18,37.5723843287421,127.010817294838,,능이삼계탕,15000원,능이반계탕,9000원,가성비 능이삼계탕,15000,9000.0
P000034,착한가격업소,,기타,정사진,"서울특별시 종로구 창덕궁1길 41, 2층",37.579260843905,126.986862276363,02-745-0828,증명사진,25000원,가족사진(3명),120000원,가성비 증명사진,25000,120000.0
P000035,착한가격업소,,식당,금하낙지마당,서울특별시 종로구 종로35길 40,37.5729596846722,127.003904828972,02-765-4412,낙지볶음,11000원,낙지철판볶음(중),45000원,가성비 낙지볶음,11000,45000.0
P000036,착한가격업소,,식당,백제고기집,서울특별시 종로구 종로35길 31,37.5726136194676,127.003688034186,02-764-7718,육회(500g),39000원,차돌박이(500g),47000원,가성비 육회(500g),39000,47000.0
P000037,착한가격업소,,식당,복코돼지,서울특별시 종로구 종로 232,37.5707627999585,127.00353275048,02-2271-5989,김치찌개(점심),7000원,황태해장국(점심),7000원,가성비 김치찌개(점심),7000,7000.0
P000038,착한가격업소,,식당,국수전문점,서울특별시 종로구 종로 246,37.5708386957387,127.005118978637,02-2275-7443,잔치국수,5000원,비빔국수,6000원,가성비 잔치국수,5000,6000.0
P000039,착한가격업소,,식당,남도식당,서울특별시 종로구 종로 374-1,37.5736893412123,127.019225031923,02-2234-5544,짜장면,3500원,우동,3500원,가성비 짜장면,3500,3500.0
P000040,착한가격업소,,식당,장원식당,서울특별시 종로구 창신5나길 3,37.5737764224116,127.011178154865,02-6777-1437,우거지뼈해장국,8000원,잔치/비빔국수,6000원,가성비 우거지뼈해장국,8000,6000.0
P000041,착한가격업소,,식당,동대문 한국통닭,서울특별시 종로구 종로 304,37.5716711229533,127.011537243548,02-747-2443,통닭 1마리,4500원,통닭 2마리,8000원,가성비 통닭 1마리,4500,8000.0
P000042,착한가격업소,,식당,중국,서울특별시 종로구 자하문로33길 2,37.5861940804564,126.969723642462,02-737-8055,짜장면,6000원,짬뽕,8000원,가성비 짜장면,6000,8000.0
P000043,착한가격업소,,식당,샐러드하우스,"서울특별시 종로구 새문안로5가길 28, 지층 119호",37.574460196686,126.973597076089,02-722-5891,에그듬뿍샌드위치,4900원,그린샐러드,6500원,가성비 에그듬뿍샌드위치,4900,6500.0
P000044,착한가격업소,,식당,카츠연,"서울특별시 종로구 삼봉로 81, 지층 136호",37.5725639351805,126.981506298154,,등심돈카츠정식,9500원,카레카츠정식,10500원,가성비 등심돈카츠정식,9500,10500.0
P000045,착한가격업소,,식당,육미,서울특별시 종로구 종로9길 18,37.5710165518871,126.984539905226,02-738-0122,쭈꾸미덮밥(점심),9000원,해물순두부탕(점심),7000원,가성비 쭈꾸미덮밥(점심),9000,7000.0
P000046,착한가격업소,,식당,불백당,서울특별시 종로구 우정국로2길 34,37.5694595040515,126.984945123988,02-722-0086,고추장불백,5500원,갈비양념불백,5500원,가성비 고추장불백,5500,5500.0
P000047,착한가격업소,,식당,수인인사동닭한마리,서울특별시 종로구 인사동10길 23-8,37.5747847174107,126.986190073207,070-7716-0082,삼계탕,13000원,,,가성비 삼계탕,13000,
P000048,착한가격업소,,식당,완판생국수,서울특별시 종로구 종로 258,37.5706294173625,127.006487394713,02-2272-0066,멸치국수,5500원,콩국수,8000원,가성비 멸치국수,5500,8000.0
P000049,착한가격업소,,식당,청년밥상문간 슬로우점,"서울특별시 종로구 동숭3길 33, 지하1층",37.5825936339102,127.004512048282,,김치찌개,3000원,,,가성비 김치찌개,3000,
P000050,착한가격업소,,식당,동문식당,서울특별시 종로구 종로 300-1,37.5715889805158,127.011243709036,,콩나물비빔밥,5000원,소고기콩나물밥,7000원,가성비 콩나물비빔밥,5000,7000.0
P000051,착한가격업소,,식당,창신숯불돼지갈비,서울특별시 종로구 종로 322-11,37.571668378973,127.013613745385,02-766-5861,돼지갈비정식,10000원,생선구이정식,10000원,가성비 돼지갈비정식,10000,10000.0
P000052,착한가격업소,,카페,착한커피공장,서울특별시 종로구 자하문로7길 66,37.5801973823904,126.969195225427,02-738-7774,아메리카노,2000원,카페라떼,3500원,가성비 아메리카노,2000,3500.0
P000053,착한가격업소,,식당,체부동잔치집,서울특별시 종로구 자하문로1길 16,37.5765518168746,126.971493775769,02-730-5420,잔치국수,5000원,비빔국수,6000원,가성비 잔치국수,5000,6000.0
P000054,착한가격업소,,식당,이모네감자탕,서울특별시 종로구 새문안로9길 29-3,37.5712732816389,126.975233336141,02-733-7314,뼈해장국,9000원,,,가성비 뼈해장국,9000,
P000055,착한가격업소,,식당,현궁,"서울특별시 종로구 종로1길 42, 지하1층",37.5739029320481,126.978983502911,02-736-3369,철판제육쌈밥,10000원,,,가성비 철판제육쌈밥,10000,
P000056,착한가격업소,,식당,흥진옥,서울특별시 종로구 종로5길 19-12,37.5713987489389,126.980273412814,02-732-2214,뼈해장국,10000원,,,가성비 뼈해장국,10000,
P000057,착한가격업소,,식당,인사동보리밥,"서울특별시 종로구 인사동7길 37, 지하1층",37.5726406166543,126.984701444611,,제육보리밥정식,14900원,,,가성비 제육보리밥정식,14900,
P000058,착한가격업소,,식당,을밀대(소문난국밥전문),서울특별시 종로구 수표로 131,37.5724935312538,126.988259663514,02-742-1633,우거지해장국,3000원,,,가성비 우거지해장국,3000,
P000059,착한가격업소,,식당,리브포나우,"서울특별시 종로구 새문안로5가길 28, 지하1층 121호",37.574460196686,126.973597076089,0507-1379-3315,아라비아따(토마토파스타),13500원,제철주먹밥,3500원,가성비 아라비아따(토마토파스타),13500,3500.0
P000060,착한가격업소,,카페,유로시안커피전문점,서울특별시 종로구 종로40길 4,37.5707603280844,127.006557927503,02-2268-1007,아메리카노(16oz) 포장,1500원,아메리카노(1L) 포장,2500원,가성비 아메리카노(16oz) 포장,1500,2500.0
P000061,착한가격업소,,식당,둘리분식,서울특별시 종로구 창경궁로34길 15,37.5843250630596,127.001182552211,02-744-8626,된장찌개,4000원,제육덮밥,4000원,가성비 된장찌개,4000,4000.0
P000062,착한가격업소,,식당,맛밥김밥전문점,서울특별시 종로구 창경궁로 269,37.5853421081725,127.000665725381,02-747-5425,돈가스,7500원,떡만둣국,7500원,가성비 돈가스,7500,7500.0
P000063,착한가격업소,,식당,영자씨우동김밥,서울특별시 중구 마른내로 15-1 (저동2가),37.5649541262687,126.989606762221,02-2272-9791, 김치찌개 ,7000원, 김밥 (야채),3500원,가성비  김치찌개 ,7000,3500.0
P000064,착한가격업소,,식당,코너집,"서울특별시 중구 퇴계로 336, 1층101호 (광희동2가, 성진오피스텔)",37.5642008377656,127.008866132716,02-2279-6266, 된장찌개 ,8000원, 돈가스 ,8000원,가성비  된장찌개 ,8000,8000.0
P000065,착한가격업소,,식당,광희식당,서울특별시 중구 장충단로 212-2 (광희동2가),37.5636366550507,127.007233814214,02-2265-1555, 된장찌개 ,7000원, 비빔밥 ,7000원,가성비  된장찌개 ,7000,7000.0
P000066,착한가격업소,,식당,우리집 맛자랑,서울특별시 중구 퇴계로20길 26 (남산동2가),37.559092298164,126.985816423839,02-319-8939, 된장찌개 ,7000원, 김치찌개 ,7000원,가성비  된장찌개 ,7000,7000.0
P000067,착한가격업소,,식당,돈우가식당,"서울특별시 중구 남대문로 25-17, 1층 (북창동)",37.5620306338518,126.97816807023,02-3789-1313, 김치찌개 ,7000원, 삼겹살(200g) ,11000원,가성비  김치찌개 ,7000,11000.0
P000068,착한가격업소,,식당,장수보리밥,서울특별시 중구 퇴계로85길 12-4 (황학동),37.5662631412838,127.01986332429,02-2252-2808, 보리밥 ,8000원, 고기쌈밥 ,12000원,가성비  보리밥 ,8000,12000.0
P000069,착한가격업소,,식당,형제정육식당,"서울특별시 중구 다산로40길 56, 1층 (신당5동)",37.5631864591946,127.019075758025,02-2235-9902, 된장찌개 ,7000원, 김치찌개 ,7000원,가성비  된장찌개 ,7000,7000.0
P000070,착한가격업소,,식당,흑돈연가,"서울특별시 중구 퇴계로88길 20, 1층 (신당5동)",37.5647641578328,127.020885801266,02-2234-7854, 점심백반 ,7000원, 삼겹살(180g) ,15000원,가성비  점심백반 ,7000,15000.0
P000071,착한가격업소,,미용,채미미용실,서울특별시 중구 다산로 101 (신당동),37.553274501935,127.009303145852,02-2234-8339, 커트 ,10000원, 펌 ,40000원,가성비  커트 ,10000,40000.0
P000072,착한가격업소,,세탁&목욕,일광사,서울특별시 중구 다산로 33다길 29 (신당동),37.5640829919161,127.013561996977,02-2238-6492, 드라이크리닝(양복 상하의) ,10000원, 하의 수선 ,4000원,가성비  드라이크리닝(양복 상하의) ,10000,4000.0
P000073,착한가격업소,,식당,유가,"서울특별시 중구 퇴계로12길 68, 1층 (회현동1가)",37.5566718882239,126.981473444416,02-3789-9688, 자장면 ,7000원,,,가성비  자장면 ,7000,
P000074,착한가격업소,,식당,민정이네,서울특별시 중구 만리재로 37길 21 (만리동1가),37.5565915616197,126.967168586088,02-312-1420, 점심백반 ,7000원,,,가성비  점심백반 ,7000,
P000075,착한가격업소,,식당,충정로김밥,"서울특별시 중구 서소문로6길 34, 1층108호 (중림동, 성요셉아파트상가)",37.5596149765767,126.967598813552,02-313-1006, 충정로김밥 ,3000원, 참치김밥 ,4000원,가성비  충정로김밥 ,3000,4000.0
P000076,착한가격업소,,식당,거목식당,서울특별시 중구 을지로36길 18 (을지로5가),37.5659767545803,127.001477572948,02-2263-0010, 된장찌개 ,7000원,순두부찌개,7000원,가성비  된장찌개 ,7000,7000.0
P000077,착한가격업소,,식당,풍년식당,서울특별시 중구 퇴계로36가길 47 (필동2가),37.5582187442402,126.995702195702,02-2272-0870, 가정식백반 ,7000원,,,가성비  가정식백반 ,7000,
P000078,착한가격업소,,식당,이조식당,"서울특별시 중구 청파로103길 33, 1층 (중림동)",37.5576624371646,126.968304863066,02-365-5993, 콩나물비빔밥 ,7000원, 잔치국수 ,7000원,가성비  콩나물비빔밥 ,7000,7000.0
P000079,착한가격업소,,카페,신빙고,"서울특별시 중구 동호로12길 93, 1층 (신당동)",37.559329134852,127.012071243923,02-2235-8819, 아메리카노 ,2300원, 복숭아아이스티 ,2300원,가성비  아메리카노 ,2300,2300.0
P000080,착한가격업소,,식당,장안김밥,서울특별시 중구 다산로36길 25,37.5623751136675,127.016683863515,02-2236-8135,떡국 ,4000원,떡볶이,3500원,가성비 떡국 ,4000,3500.0
P000081,착한가격업소,,식당,명동얼큰수제비,서울특별시 중구 남대문로 64,37.5627658956023,126.982216802182,02-752-7649, 김치찌개 ,8000원, 된장찌개 ,8000원,가성비  김치찌개 ,8000,8000.0
P000082,착한가격업소,,식당,345국수,서울특별시 중구 청구로 83-9 1층,37.5601687381546,127.013245400694,02-2237-5257, 손수제비 ,8000원, 잔치국수 ,7000원,가성비  손수제비 ,8000,7000.0
P000083,착한가격업소,,식당,옛날홍두깨손칼국수,서울특별시 중구 동호로7길 32,37.5525136777809,127.010624637953,02-2231-1458, 손수제비 ,6000원, 잔치국수 ,4000원,가성비  손수제비 ,6000,4000.0
P000084,착한가격업소,,식당,왕비집 명동본점,서울특별시 중구 명동8가길 26 2층,37.5616031804762,126.986448865343,02-3789-1945, 한우 등심구이(140g) ,45000원, 한우 육회(150g) ,29000원,가성비  한우 등심구이(140g) ,45000,29000.0
P000085,착한가격업소,,식당,명동중앙점 왕비집,서울특별시 중구 명동8나길 45 2층,37.5610751129026,126.982401011409,02-776-2361, 한우 등심구이(140g) ,45000원, 한우 육회(150g) ,29000원,가성비  한우 등심구이(140g) ,45000,29000.0
P000086,착한가격업소,,식당,왕비집 명동2호점,서울특별시 중구 명동9길 13 2층,37.5644068781235,126.984779529696,02-3789-1946, 한우 등심구이(140g) ,45000원, 한우 육회(150g) ,29000원,가성비  한우 등심구이(140g) ,45000,29000.0
P000087,착한가격업소,,식당,왕비집 육호점,서울특별시 중구 남대문로 64 2층 203호,37.5627658956023,126.982216802182,02-3789-1544, 한우 등심구이(140g) ,45000원, 한우 육회(150g) ,29000원,가성비  한우 등심구이(140g) ,45000,29000.0
P000088,착한가격업소,,식당,왕비집 시청무교점,서울특별시 중구 무교로 19 2층,37.5676347080798,126.978984811389,02-755-9229, 한우 등심구이(140g) ,46000원, 한우 육회(150g) ,29000원,가성비  한우 등심구이(140g) ,46000,29000.0
P000089,착한가격업소,,미용,고은미용실,서울특별시 중구 충무로 14-1 (충무로3가) 1층,37.5623931316613,126.99330811718,02-2268-9849,커트,12000원,파마,40000원,가성비 커트,12000,40000.0
P000090,착한가격업소,,식당,대박물갈비,서울특별시 중구 퇴계로4길 7 (남창동) 1층,37.5575384511336,126.977728218838,02-755-6974,제육볶음,9000원,돼지불고기,9000원,가성비 제육볶음,9000,9000.0
P000091,착한가격업소,,기타,로이필라테스,서울특별시 중구 퇴계로 461 (황학동) 1501호,37.5654978890631,127.023038399771,02-2231-8484,필라테스 개인레슨 10회,660000원,,,가성비 필라테스 개인레슨 10회,660000,
P000092,착한가격업소,,식당,산과들그리고바다,서울특별시 중구 을지로14길 22 (을지로3가) 1층,37.5652432645115,126.992034721625,02-2277-7887,모듬돌솥비빔밥,10000원,,,가성비 모듬돌솥비빔밥,10000,
P000093,착한가격업소,,식당,이모분식,서울특별시 중구 충무로 43-2 (초동) 1층,37.5650958071738,126.992583246148,02-2279-3897,김밥,4000원,라면,4500원,가성비 김밥,4000,4500.0
P000094,착한가격업소,,카페,콩다방,서울특별시 중구 마른내로 50 (인현동1가) 1층,37.5642397201096,126.993242190558,02-2274-1678,아메리카노,1800원,카페라떼,2900원,가성비 아메리카노,1800,2900.0
P000095,착한가격업소,,식당,공화춘,"서울특별시 중구 청파로 457-1, 2층",37.5602060884752,126.967810544752,02-723-4038,짜장면,6000원,짬뽕,7000원,가성비 짜장면,6000,7000.0
P000096,착한가격업소,,카페,바재커피,서울특별시 중구 남대문시장8길 25,37.5593472045347,126.978713698141,02-776-5577,아메리카노(힛),2000원,아메리카노(아이스),2500원,가성비 아메리카노(힛),2000,2500.0
P000097,착한가격업소,,식당,뉴욕스넥,"서울특별시 중구 을지로 지하 131, 을지로3구역지하 56호",37.5664453133971,126.994077559861,02-2274-1110,야채김밥,3500원,칼국수,7000원,가성비 야채김밥,3500,7000.0
P000098,착한가격업소,,식당,이원,서울특별시 중구 동호로 37길 33-16,37.5685910027871,126.999672984722,02-2273-5568,칼국수,7000원,만두,6000원,가성비 칼국수,7000,6000.0
P000099,착한가격업소,,미용,중림헤어,"서울특별시 중구 청파로 425-1, 1층",37.5576052077912,126.968922378934,02-365-2220,남성커트,8000원,남성염색,13000원,가성비 남성커트,8000,13000.0
P000100,착한가격업소,,미용,신라미용실,"서울특별시 중구 퇴계로 217, 1층 36호, 37호",37.5624227137843,126.995931151636,02-2267-0896,남성커트,10000원,여성커트,15000원,가성비 남성커트,10000,15000.0
P000101,착한가격업소,,식당,하우마라탕,"서울특별시 중구 퇴계로27길 42, 2층",37.563178944345,126.991358773904,0507-1405-5357,소고기 마라탕,9000원,,,가성비 소고기 마라탕,9000,
P000102,착한가격업소,,식당,동경우동집,"서울특별시 중구 충무로 48, 1층 1호",37.5653760401311,126.992961493923,02-2274-3440,우동,5000원,카레라이스,6500원,가성비 우동,5000,6500.0
P000103,착한가격업소,,식당,동경우동,"서울특별시 중구 퇴계로27길 16, 1층 105호",37.5619768682224,126.991828962716,02-2277-3223,우동,5000원,카레라이스,6500원,가성비 우동,5000,6500.0
P000104,착한가격업소,,식당,화로가,서울특별시 용산구 한강대로 39길 5,37.5305301811316,126.96859635845,02-798-8480,돌솥비빔밥,10000원, 생선구이정식 ,10000원,가성비 돌솥비빔밥,10000,10000.0
P000105,착한가격업소,,식당,감베로니,서울특별시 용산구 한강대로 81길 5,37.5429793370245,126.971946055378,02-3273-1791,돈 까 스 (1인분),9000원, 파스타 ,8000원,가성비 돈 까 스 (1인분),9000,8000.0
P000106,착한가격업소,,식당,풍년숯불갈비,서울특별시 용산구 새창로 130,37.5359434126284,126.961088803009,02-719-6530,돌솥비밤밥,9000원, 뚝배기불고기 ,9000원,가성비 돌솥비밤밥,9000,9000.0
P000107,착한가격업소,,식당,흑돈연가,서울특별시 용산구 한강대로 76길 11-2,37.5417031695849,126.973949334171,02-797-8060,돼지스떼끼,18000원, 생등심한우(180g) ,38000원,가성비 돼지스떼끼,18000,38000.0
P000108,착한가격업소,,식당,한일각,서울특별시 용산구 보광로 21-1 2층,37.526344336243,127.000589177803,02-796-2557,자장면,4000원, 짬뽕 ,5000원,가성비 자장면,4000,5000.0
P000109,착한가격업소,,식당,일공오삼겹살,서울특별시 용산구 백범로87길 52,37.5394589579514,126.969434444107,02-3273-0105,된장찌개,8000원, 김치찌개 ,8000원,가성비 된장찌개,8000,8000.0
P000110,착한가격업소,,식당,면마루,"서울특별시 용산구 신흥로 86, 2층",37.5456536557396,126.985939031575,02-797-3449,물냉면,9000원, 칼국수 ,9000원,가성비 물냉면,9000,9000.0
P000111,착한가격업소,,식당,용산풍천숯불민물장어,서울특별시 용산구 한강대로39길 10,37.5312479318758,126.968986718823,02-749-5905,손칼국수,5500원, 손칼국수만두 ,6000원,가성비 손칼국수,5500,6000.0
P000112,착한가격업소,,식당,원돈까스우동,서울특별시 용산구 서빙고로65길 10,37.5206387935546,126.994548371044,02-797-9718,원우동,7000원, 야채비빔밥 ,8000원,가성비 원우동,7000,8000.0
P000113,착한가격업소,,식당,용산픙천장어마을,서울특별시 용산구 백범로 318,37.5383327765565,126.964226159435,02-711-1139, 추어장어탕 ,11000원,,,가성비  추어장어탕 ,11000,
P000114,착한가격업소,,식당,영광정육식당,서울특별시 용산구 서빙고로91나길 104,37.5252696495859,126.996147660543,02-798-2423,곰탕,9000원, 청국장 ,8000원,가성비 곰탕,9000,8000.0
P000115,착한가격업소,,카페,커피스모키,"서울특별시 용산구 한강대로30길 25, 지하1층 26호",37.527358545339,126.968861735609,,아메리카노,2900원, 콜드브루 ,3400원,가성비 아메리카노,2900,3400.0
P000116,착한가격업소,,식당,용대박,"서울특별시 용산구 원효로83길 13-5 101, 102호",37.5400072571702,126.967560569215,02-718-8853,순대국,8000원, 비빔국수 ,5000원,가성비 순대국,8000,5000.0
P000117,착한가격업소,,식당,진미식당,"서울특별시 용산구 백범로 90길 46, 1층",37.5366958702301,126.970177576899,02-703-6842,오징어볶음,10000원,,,가성비 오징어볶음,10000,
P000118,착한가격업소,,식당,부자식당,서울특별시 용산구 대사관로24길 13,37.5329998449266,127.004894298627,02-797-9046,고등어쌈밥정식,12000원, 불고기쌈밥정식 ,11000원,가성비 고등어쌈밥정식,12000,11000.0
P000119,착한가격업소,,식당,장원,서울특별시 용산구 원효로19길 34,37.5331134182461,126.953729977052,02-711-8948,"오늘의메뉴(백반,찌개류)",9000원, 오늘의메뉴(불고기류) ,10000원,"가성비 오늘의메뉴(백반,찌개류)",9000,10000.0
P000120,착한가격업소,,식당,호정식당,서울특별시 용산구 보광로 17,37.5260131257855,127.000915325754,02-794-3295,삼겹살(200g),13000원, 오겹살(200g) ,13000원,가성비 삼겹살(200g),13000,13000.0
P000121,착한가격업소,,식당,지혜식당,서울특별시 용산구 이촌로18길 21-15,37.5257915480316,126.9549698632,02-706-5255,가정식백반,9000원,,,가성비 가정식백반,9000,
P000122,착한가격업소,,식당,친구의천(후랜드천),서울특별시 용산구 장문로 88,37.525986638102,126.999353921205,02-790-9415,즉석떡볶이,5000원,,,가성비 즉석떡볶이,5000,
P000123,착한가격업소,,식당,경리단578,서울특별시 용산구 녹사평대로 226,37.5378167884317,126.986972174924,02-798-6577,부대찌개,10000원,짜글이,10000원,가성비 부대찌개,10000,10000.0
P000124,착한가격업소,,식당,윤경남7통황태국,"서울특별시 용산구 녹사평대로26가길 9, 지층",37.5323529435483,126.992100673191,02-790-3790,황태국,10000원,,,가성비 황태국,10000,
P000125,착한가격업소,,식당,원조보리밥수제비,서울특별시 용산구 이태원로14길 24,37.5332730395748,126.990771296133,02-798-4762,감자수제비,9000원,김치수제비,9000원,가성비 감자수제비,9000,9000.0
P000126,착한가격업소,,식당,소문난 국수집,"서울특별시 용산구 보광로 41, 1층",37.527761521483,126.999269736048,02-790-8494,칼국수,8000원,우동,6000원,가성비 칼국수,8000,6000.0
P000127,착한가격업소,,식당,5빠 떡볶이,"서울특별시 용산구 후암로 37-1, 1층",37.5493239922749,126.977408824535,02-3789-1489,떡볶이,4000원,어묵,2500원,가성비 떡볶이,4000,2500.0
P000128,착한가격업소,,식당,대포항,"서울특별시 용산구 새창로 116-7, 1층",37.5367664717508,126.96026252916,02-3211-3272,삼치구이,10000원,초밥,10000원,가성비 삼치구이,10000,10000.0
P000129,착한가격업소,,식당,가마골,"서울특별시 용산구 이촌로75길 16-5, 107호",37.5207243224003,126.974675060366,02-794-6489,오늘의정식,8000원,,,가성비 오늘의정식,8000,
P000130,착한가격업소,,미용,형한나미용실,"서울특별시 용산구 청파로47길 17-5, 1층",37.5445909202286,126.969273702942,02-704-3955,커트(여성),10000원,커트(남성),8000원,가성비 커트(여성),10000,8000.0
P000131,착한가격업소,,기타,목욕하는 고양이,"서울특별시 용산구 장문로 71, 1층",37.526091670177,126.997496115914,02-796-4648,강아지미용,44000원,,,가성비 강아지미용,44000,
P000132,착한가격업소,,카페,y brew(와이브루),서울특별시 용산구 서빙고로 17 센트럴파크몰a동 1층76호,37.5269056148241,126.966566172294,,아메리카노,1800원,카페라떼,2500원,가성비 아메리카노,1800,2500.0
P000133,착한가격업소,,식당,준참치,서울특별시 용산구 두텁바위로 79-1 (후암동) 1층 준참치,37.5465677061716,126.980737689934,02-773-3838,회덮밥,9000원,,,가성비 회덮밥,9000,
P000134,착한가격업소,,식당,강남화로숯불갈비,서울특별시 용산구 청파로47길 56 (청파동2가) 1층,37.5449365558532,126.967306431744,02-713-9708,백반,8000원,,,가성비 백반,8000,
P000135,착한가격업소,,식당,김정문숯불갈비,서울특별시 용산구 장문로 98 (보광동) 1층,37.5260061009381,127.000369365753,02-792-6088,된장찌게,8000원,김치찌게,8000원,가성비 된장찌게,8000,8000.0
P000136,착한가격업소,,식당,대도식당,서울특별시 용산구 청파로93길 9 (서계동) 1층,37.5542654031888,126.968293739764,02-704-2033,된장찌게,8000원,김치찌게,9000원,가성비 된장찌게,8000,9000.0
P000137,착한가격업소,,식당,장군이네,서울특별시 용산구 청파로 325 (청파동1가) 1층,37.5486746554287,126.969807175081,02-712-7708,버섯불고시,10000원,,,가성비 버섯불고시,10000,
P000138,착한가격업소,,식당,돼지집,서울특별시 용산구 이태원로20길 17 (이태원동) 1층,37.5336217418379,126.992229858812,02-794-0433,냉동삼겹살,14000원,,,가성비 냉동삼겹살,14000,
P000139,착한가격업소,,식당,효창돈까스,서울특별시 용산구 효창원로 147 (효창동) 1층,37.5412850612069,126.961852857892,02-716-1988,돈까스,11000원,,,가성비 돈까스,11000,
P000140,착한가격업소,,카페,미스터 아메리카노,서울특별시 용산구 백범로99길 46 (한강로1가) 1층,37.5361067967582,126.972021155499,070-7868-5557,아메리카노(Takeout),2500원,,,가성비 아메리카노(Takeout),2500,
P000141,착한가격업소,,식당,부자반점,서울특별시 용산구 한강대로 275-1 (갈월동) 1층,37.5429280043936,126.972048705679,02-718-7889,짜장면,6500원,볶음밥,7500원,가성비 짜장면,6500,7500.0
P000142,착한가격업소,,식당,쿠쿠스,서울특별시 용산구 한강대로15길 19-2 (한강로3가) 1층,37.5260218617933,126.963070431619,02-798-9233,제육덮밥,7500원,김밥,3000원,가성비 제육덮밥,7500,3000.0
P000143,착한가격업소,,식당,홍콩중화요리,서울특별시 용산구 한강대로 367-1 (동자동) 1층,37.5513779921924,126.971921179598,,짜장면,6500원,짬뽕,7500원,가성비 짜장면,6500,7500.0
P000144,착한가격업소,,식당,콩양황군,서울특별시 용산구 청파로93길 7 (서계동),37.5542783294719,126.968450590107,02-6369-4023,황태콩나물해장국,9000원,돌솥비빔밥,9000원,가성비 황태콩나물해장국,9000,9000.0
P000145,착한가격업소,,카페,인디에어,서울특별시 용산구 백범로 325,37.5384299387279,126.965246365187,,아메리카노(Takeout),3000원,,,가성비 아메리카노(Takeout),3000,
P000146,착한가격업소,,식당,이태원그리들,서울특별시 용산구 회나무로 30-1,37.5395014153205,126.990022272539,,삼겹살,17000원,,,가성비 삼겹살,17000,
P000147,착한가격업소,,식당,좋은날,서울특별시 용산구 원효로19길 3 (원효로4가),37.5329918513573,126.952093377471,02-701-0322,초밥 ,13000원,회덮밥,11000원,가성비 초밥 ,13000,11000.0
P000148,착한가격업소,,식당,서리김밥,서울특별시 용산구 원효로 220 (원효로1가),37.5377353223699,126.966369327926,02-707-0936,서리김밥,3000원,참치김밥,4500원,가성비 서리김밥,3000,4500.0
P000149,착한가격업소,,식당,정가네왕김밥,서울특별시 용산구 효창원로 91 (용문동),37.5370964520946,126.959043436377,,정가네왕김밥,3000원,참치김밥,4500원,가성비 정가네왕김밥,3000,4500.0
P000150,착한가격업소,,식당,맛드림,서울특별시 용산구 한강대로84길 11-29 (남영동),37.5443396442205,126.973012612026,,생대구탕,176000원,,,가성비 생대구탕,176000,
P000151,착한가격업소,,식당,맛사랑,서울특별시 용산구 한강대로42길 5 (한강로2가),37.5308374451688,126.970071185744,02-796-8778,쭈꾸미비빔밥,10000원,철판쭈꾸미볶음,14000원,가성비 쭈꾸미비빔밥,10000,14000.0
P000152,착한가격업소,,식당,남산집,서울특별시 용산구 한강대로7길 10-11 (한강로동),37.5247748070734,126.962569214955,,급랭삼겹살,14000원,차돌박이,23000원,가성비 급랭삼겹살,14000,23000.0
P000153,착한가격업소,,카페,와이브루,"서울특별시 용산구 새창로45길 12, 1층 (신계동)",37.5344444055464,126.963013441723,,아메리카노,2000원,라떼,2500원,가성비 아메리카노,2000,2500.0
P000154,착한가격업소,,식당,찌갠,"서울특별시 용산구 원효로41길 60, 1층 (원효로2가)",37.5353280020429,126.960734532788,,쭈꾸미(철판),14000원,매운갈비찜,12000원,가성비 쭈꾸미(철판),14000,12000.0
P000155,착한가격업소,,미용,은혜미용실,"서울특별시 용산구 효창원로42길 15, 1층 (용문동)",37.5366401134209,126.960149564433,,커트,10000원,드라이,10000원,가성비 커트,10000,10000.0
P000156,착한가격업소,,미용,라인미용실,서울특별시 용산구 효창원로42길 38-36 1층,37.5368212221753,126.959378722978,,커트,15000원,드라이 ,15000원,가성비 커트,15000,15000.0
P000157,착한가격업소,,식당,원효로돈가스*어쩌다열게된소주집,"서울특별시 용산구 백범로 323-1, 1층 (원효로1가)",37.5384804134586,126.965004658262,,돈가스,8000원,함박,9000원,가성비 돈가스,8000,9000.0
P000158,착한가격업소,,식당,용산국제회관,서울특별시 용산구 청파로20길 49 (한강로2가),37.5318959964847,126.96563893049,,모듬스테이크(100g),18000원,부대찌게,10000원,가성비 모듬스테이크(100g),18000,10000.0
P000159,착한가격업소,,식당,기사식당,서울특별시 용산구 백범로 283 (효창동),37.5396678066765,126.960874372919,,짜장,5000원,우동,5000원,가성비 짜장,5000,5000.0
P000160,착한가격업소,,식당,보광정 이태원점,"서울특별시 용산구 보광로 118, 1층 (이태원동)",37.5333258927732,126.994547900247,,찌게,8000원,칼국수,8000원,가성비 찌게,8000,8000.0
P000161,착한가격업소,,미용,참존이발,서울특별시 용산구 보광로 29 1층,37.5268579088422,126.999898748512,,커트,13000원,,,가성비 커트,13000,
P000162,착한가격업소,,식당,가장 맛있는 족발 족과의 동침,서울특별시 용산구 한강대로 153 (한강로2가),37.5329237936686,126.97111689069,,족발(대),37000원,족발(중),34000원,가성비 족발(대),37000,34000.0
P000163,착한가격업소,,미용,로즈헤어,"서울특별시 용산구 청파로 205-26, 301동 107호",37.5388663773281,126.969812488134,,컷트(여),17000원,컷트(남),15000원,가성비 컷트(여),17000,15000.0
P000164,착한가격업소,,식당,만나칼국수,"서울특별시 용산구 청파로49길 18, 지1층01호 (청파동2가, 덕수빌라)",37.5454268020355,126.969369318027,,칼국수,8000원,,,가성비 칼국수,8000,
P000165,착한가격업소,,카페,시온,"서울특별시 용산구 한강대로7길 13, 1층",37.5243263248753,126.962119309376,02-792-4688,아메리카노,3300원,까페라떼,4000원,가성비 아메리카노,3300,4000.0
P000166,착한가격업소,,카페,테폼,"서울특별시 용산구 녹사평대로26길 21 (이태원동, 미광빌딩 1층)",37.5308746149099,126.991306047155,02-793-6926,아메리카노(핫),3000원,까페라떼(핫),4000원,가성비 아메리카노(핫),3000,4000.0
P000167,착한가격업소,,식당,해바라기정육식당,"서울특별시 용산구 청파로 289, 1층",37.5453805217866,126.970195051872,02-701-3012,된장찌개,8000원,김치찌개,8000원,가성비 된장찌개,8000,8000.0
P000168,착한가격업소,,식당,갑을,서울특별시 용산구 이촌로77길 19,37.5205536707079,126.974666973357,,떡만두국,10000원,,,가성비 떡만두국,10000,
P000169,착한가격업소,,미용,손맛집온밥,"서울특별시 용산구 원효로89길 13-3, 1층 (원효로1가)",37.5405355852942,126.968155626743,02-702-7677,된장찌개,8000원,김치찌개,8000원,가성비 된장찌개,8000,8000.0
P000170,착한가격업소,,식당,통큰칼국수,서울특별시 용산구 장문로 112,37.5263959488037,127.001963927361,02-712-9874,손칼국수,9000원,,,가성비 손칼국수,9000,
P000171,착한가격업소,,미용,수네일,"서울특별시 용산구 만리재로 196, B01호 (서계동)",37.5547768859146,126.967909529315,,손젤,40000원,발젤,50000원,가성비 손젤,40000,50000.0
P000172,착한가격업소,,식당,동해루,서울특별시 성동구 고산자로8길 26,37.5581421344486,127.036653756474,02-2292-5342,자장면,6000원,짬뽕 ,7000원,가성비 자장면,6000,7000.0
P000173,착한가격업소,,미용,아씨머리방,서울특별시 성동구 고산자로8길 23-1,37.5582910247082,127.036506811635,02-2291-2874,미용료(커트) ,5000원,미용료(파마) ,20000원,가성비 미용료(커트) ,5000,20000.0
P000174,착한가격업소,,미용,채미용실,서울특별시 성동구 용답중앙13길 14,37.565276022281,127.053075089282,02-2247-0471,미용료(커트),10000원,미용료(파마) ,25000원,가성비 미용료(커트),10000,25000.0
P000175,착한가격업소,,미용,은헤어,서울특별시 성동구 금호산길 57,37.5533461025732,127.019233498577,02-2234-7262,미용료(커트),15000원,미용료(파마) ,40000원,가성비 미용료(커트),15000,40000.0
P000176,착한가격업소,,세탁&목욕,백광컴퓨터크리닝,서울특별시 성동구 마조로 59,37.5632719792507,127.041494936359,02-2292-8310,세탁료(정장한벌),6000원,와이셔츠 ,2000원,가성비 세탁료(정장한벌),6000,2000.0
P000177,착한가격업소,,세탁&목욕,벽산세탁,서울특별시 성동구 금호로 100 벽산 (아) 상가 6층,37.5545314695033,127.026186636459,02-2298-6675,세탁료,8000원,와이셔츠 ,3000원,가성비 세탁료,8000,3000.0
P000178,착한가격업소,,식당,송하정,서울특별시 성동구 무학봉15길 6,37.5618652262984,127.031021327577,02-2291-3346,백반 ,9000원,,,가성비 백반 ,9000,
P000179,착한가격업소,,식당,고향냉면,서울특별시 성동구 독서당로 301-93,37.5488200114508,127.022392761196,02-2234-8043,냉면,9000원,보리비빔밥 ,8000원,가성비 냉면,9000,8000.0
P000180,착한가격업소,,미용,주노헤어숍,서울특별시 성동구 왕십리로24길 13-1,37.5637471846589,127.034117063401,02-2298-3546,미용료(커트),8000원,미용료(파마) ,25000원,가성비 미용료(커트),8000,25000.0
P000181,착한가격업소,,식당,전주식당,서울특별시 성동구 무학봉15가길 1,37.5615017145303,127.030867248642,02-2295-0517,백반,8000원,생선구이,10000원,가성비 백반,8000,10000.0
P000182,착한가격업소,,미용,현미프로헤어,서울특별시 성동구 무학봉15길 17-1,37.5628672349017,127.03063668911,02-2281-3040,미용료(커트),10000원,미용료(파마) ,30000원,가성비 미용료(커트),10000,30000.0
P000183,착한가격업소,,식당,아랫목식당,서울특별시 성동구 송정 14길 14-1 (송정동),37.5510338225438,127.067938257278,02-498-3217,감자탕(소),26000원,닭볶음탕(소),26000원,가성비 감자탕(소),26000,26000.0
P000184,착한가격업소,,미용,수주머리나라,서울특별시 성동구 광나루로 11길 9-1 (송정동),37.5491222087025,127.065809609058,02-466-3882,미용료(커트),10000원,미용료(파마) ,30000원,가성비 미용료(커트),10000,30000.0
P000185,착한가격업소,,미용,덤앤더머,서울특별시 성동구 사근동길 25-1 (사근동),37.5611469523893,127.043812856394,02-2292-9700,미용료(커트),10000원,미용료(파마) ,15000원,가성비 미용료(커트),10000,15000.0
P000186,착한가격업소,,식당,고바우생삼겹,"서울특별시 성동구 동일로 221, 1층",37.551669481941,127.069016755899,02-498-8442,백반,8000원,,,가성비 백반,8000,
P000187,착한가격업소,,식당,베네토,"서울특별시 성동구 마조로 3길 7-1, 1층",37.558460032864,127.03963897954,02-3395-8858,페퍼로니 피자,12900원,알리오올리오 스파게티,8900원,가성비 페퍼로니 피자,12900,8900.0
P000188,착한가격업소,,식당,명가,서울특별시 성동구 무학봉16길 1,37.5613574218419,127.031372661236,02-2292-9294,소불고기,10000원,,,가성비 소불고기,10000,
P000189,착한가격업소,,식당,수제비먹는닭갈비,"서울특별시 성동구 왕십리로21다길 39, 1층",37.5596426799865,127.03321982721,02-2292-8557,칼국수,7500원,비빔밥,7000원,가성비 칼국수,7500,7000.0
P000190,착한가격업소,,식당,전과함께,서울특별시 성동구 무학봉15길 28-1,37.5636066628094,127.030364780309,02-2294-6222,백반,8000원,,,가성비 백반,8000,
P000191,착한가격업소,,식당,서울맛집,"서울특별시 성동구 아차산로7길 29, 1층",37.547906787263,127.055210245751,02-498-7775,삼겹살,16000원,김치찌개,8000원,가성비 삼겹살,16000,8000.0
P000192,착한가격업소,,식당,성수식당,서울특별시 성동구 성수일로12길 19-1,37.5484325275189,127.053431149445,02-464-2168,삼겹살,16000원,백반,7000원,가성비 삼겹살,16000,7000.0
P000193,착한가격업소,,식당,란칼국수,"서울특별시 성동구 성수일로8길 42, 1층 104호",37.5453542444305,127.055045076117,0507-1349-6931,칼국수,9000원,열무비빔밥,8000원,가성비 칼국수,9000,8000.0
P000194,착한가격업소,,식당,착한짜장,"서울특별시 성동구 아차산로7길 17-1, 1층",37.5467286248079,127.054664623794,02-461-2394,자장면,5500원,짬뽕 ,7000원,가성비 자장면,5500,7000.0
P000195,착한가격업소,,미용,궁전미용실,"서울특별시 성동구 성덕정길 114, 1층",37.5368947543504,127.056010888619,,미용료(커트),15000원,미용료(파마),30000원,가성비 미용료(커트),15000,30000.0
P000196,착한가격업소,,미용,하나미용실,서울특별시 성동구 상원10길 9,37.5495287240516,127.048971444027,02-497-5678,미용료(커트),15000원,미용료(파마),40000원,가성비 미용료(커트),15000,40000.0
P000197,착한가격업소,,식당,엘닷,"서울특별시 성동구 성수일로12길 20, 1층 103호",37.5481744730279,127.0532504713,02-469-4003,모듬초밥,6900원,,,가성비 모듬초밥,6900,
P000198,착한가격업소,,식당,맹꽁이,서울특별시 성동구 용답중앙25길 1 (용답동) 1층,37.563007299815,127.054098481146,02-2214-9996,칼국수,6000원,냉면,7000원,가성비 칼국수,6000,7000.0
P000199,착한가격업소,,식당,할루우치킨,서울특별시 성동구 용답19길 10-2 (용답동) 1층,37.5630964181578,127.052276721177,02-2244-6020,치킨,17000원,,,가성비 치킨,17000,
P000200,착한가격업소,,카페,코너스톤,서울특별시 성동구 용답길 169-1 (용답동) 1층,37.5637882249342,127.055963671377,02-2249-9445,아메리카노,3000원,,,가성비 아메리카노,3000,
P000201,착한가격업소,,식당,별난만두,서울특별시 성동구 용답중앙길 52 (용답동) 1층,37.5645432432599,127.051650562428,02-2246-2751,손칼국수,7000원,냉면,7000원,가성비 손칼국수,7000,7000.0
P000202,착한가격업소,,식당,한우공감,서울특별시 성동구 용답중앙길 57-1 (용답동) 1층,37.5643255366512,127.052323307506,0507-1329-2861,김치찌개,8000원,,,가성비 김치찌개,8000,
P000203,착한가격업소,,식당,또와,서울특별시 성동구 성수일로12길 20 (성수동2가) 1층 101호,37.5481744730279,127.0532504713,02-468-4111,한식뷔페,7000원,삼겹살,13000원,가성비 한식뷔페,7000,13000.0
P000204,착한가격업소,,식당,수제비먹는 닭갈비,서울특별시 성동구 왕십리로21길 14 (행당동) 1층,37.5612978205226,127.032864490866,02-2297-8522,수제비,7500원,,,가성비 수제비,7500,
P000205,착한가격업소,,식당,또와분식,서울특별시 성동구 마장로35나길 40 (마장동) 101호,37.5671883517622,127.043217160881,02-6052-8083,떡볶이 ,5000원,,,가성비 떡볶이 ,5000,
P000206,착한가격업소,,식당,5오돈까스,"서울특별시 성동구 용답중앙길 57-1, 1층 (용답동)",37.5643255366512,127.052323307506,,등심돈까스,9000원,치즈롤돈까스,11000원,가성비 등심돈까스,9000,11000.0
P000207,착한가격업소,,식당,소문난순대국왕족발,"서울특별시 성동구 용답25라길 23, 1층 (용답동)",37.5635180292566,127.053006723049,02-2244-0207,순대국,8000원,미니족,5000원,가성비 순대국,8000,5000.0
P000208,착한가격업소,,카페,동네커피,"서울특별시 성동구 용답중앙길 57, 1층 (용답동)",37.5642428633497,127.052440397868,,아메리카노,2000원,,,가성비 아메리카노,2000,
P000209,착한가격업소,,카페,커피로 그리는 꿈 협동조합,"서울특별시 성동구 상원6나길 22-11, 1층 (성수동1가, 성동지역경제혁신센터)",37.5476908001764,127.049991185761,,아메리카노,3000원,,,가성비 아메리카노,3000,
P000210,착한가격업소,,식당,금강숯불생고기,서울특별시 광진구 용마산로7길 9 (중곡동),37.558985617161,127.087089650743,,삼겹살,15000원, 냉면 ,6000원,가성비 삼겹살,15000,6000.0
P000211,착한가격업소,,식당,흥부농장,서울특별시 광진구 뚝섬로59길 81-2 (자양동),37.5355225542768,127.082799348183,02-3437-3611,김치찌개,8000원, 냉면 ,6000원,가성비 김치찌개,8000,6000.0
P000212,착한가격업소,,미용,머리천국미용실,서울특별시 광진구 뚝섬로49길 31 (자양동),37.5336667798013,127.079363371954,,미용료(파마) ,35000원, 미용료(커트) ,12000원,가성비 미용료(파마) ,35000,12000.0
P000213,착한가격업소,,미용,모짜르트헤어샵,서울특별시 광진구 자양번영로1길 12 (자양동),37.5307531715762,127.074302765646,02-447-1623,미용료(파마) ,30000원, 미용료(커트) ,12000원,가성비 미용료(파마) ,30000,12000.0
P000214,착한가격업소,,미용,유나미용실,서울특별시 광진구 동일로4길 44 (자양동),37.5358417710136,127.063292708967,02-463-7832,미용료(파마) ,40000원, 미용료(커트) ,14000원,가성비 미용료(파마) ,40000,14000.0
P000215,착한가격업소,,미용,이계임미용실,서울특별시 광진구 자양로15길 101 (자양동),37.5345764353132,127.078275572517,02-446-9831,미용료(파마) ,30000원, 미용료(커트) ,12000원,가성비 미용료(파마) ,30000,12000.0
P000216,착한가격업소,,미용,헤어포인트,서울특별시 광진구 능동로3길 44 (자양동),37.534040553561,127.065164801422,02-498-1746,미용료(파마) ,30000원, 미용료(커트) ,13000원,가성비 미용료(파마) ,30000,13000.0
P000217,착한가격업소,,미용,조희미용실,서울특별시 광진구 뚝섬로52나길 25,37.530655031383,127.080652644803,,미용료(파마) ,30000원, 미용료(커트) ,10000원,가성비 미용료(파마) ,30000,10000.0
P000218,착한가격업소,,세탁&목욕,그린세탁,서울특별시 광진구 뚝섬로54길 57 (자양동),37.5290927394244,127.07992475871,,의복수선료,4000원, 양복세탁료 ,7000원,가성비 의복수선료,4000,7000.0
P000219,착한가격업소,,세탁&목욕,으뜸크리닝,서울특별시 광진구 아차산로51길 74 (구의동),37.5401684513294,127.085108450352,02-446-1756,의복수선료,5000원, 양복세탁료 ,8000원,가성비 의복수선료,5000,8000.0
P000220,착한가격업소,,세탁&목욕,한일세탁,서울특별시 광진구 자양번영로5길 7 (자양동),37.5323210771224,127.074899542077,,의복수선료,3000원, 양복세탁료 ,7000원,가성비 의복수선료,3000,7000.0
P000221,착한가격업소,,식당,겨울나그네,서울특별시 광진구 능동로 147-1 (화양동),37.5440353858273,127.072221992568,02-498-3650,돈까스,6500원,,,가성비 돈까스,6500,
P000222,착한가격업소,,미용,이도희머리방,"서울특별시 광진구 아차산로36길 39, 상가동 2층 (자양동)",37.5363129421233,127.074358517781,02-446-9924,미용료(파마) ,15000원, 미용료(커트) ,5000원,가성비 미용료(파마) ,15000,5000.0
P000223,착한가격업소,,미용,갤러리헤어,서울특별시 광진구 동일로72길 46 (중곡동),37.5653019726373,127.079941922432,,미용료(파마) ,30000원, 미용료(커트) ,10000원,가성비 미용료(파마) ,30000,10000.0
P000224,착한가격업소,,미용,제이필헤어,서울특별시 광진구 자양로 183 (구의동),37.5439722092855,127.084594859371,02-3437-4063,미용료(파마) ,25000원, 미용료(커트) ,10000원,가성비 미용료(파마) ,25000,10000.0
P000225,착한가격업소,,미용,장미미용실,서울특별시 광진구 면목로167 (중곡동),37.5681677559313,127.082321802714,,미용료(파마) ,25000원, 미용료(커트) ,10000원,가성비 미용료(파마) ,25000,10000.0
P000226,착한가격업소,,세탁&목욕,동현세탁,서울특별시 광진구 뚝섬로52라길 65 (자양동),37.5293850230579,127.082158673972,02-458-6268, 양복세탁료 ,7000원, 의복수선료 ,4000원,가성비  양복세탁료 ,7000,4000.0
P000227,착한가격업소,,세탁&목욕,진아보석사우나,서울특별시 광진구 자양로15길 109 (자양동),37.5341204451659,127.077993714026,02-457-3355,목욕료,8000원,,,가성비 목욕료,8000,
P000228,착한가격업소,,식당,이삭홍두깨칼국수,서울특별시 광진구 동일로72길 51 (중곡동),37.5653450430501,127.080468294062,02-464-8457,칼국수,5000원, 냉면 ,6000원,가성비 칼국수,5000,6000.0
P000229,착한가격업소,,미용,방미헤어컬쳐,서울특별시 광진구 군자로 138 (군자동),37.5539653056186,127.074658980888,02-462-3711,미용료(파마) ,30000원, 미용료(커트) ,10000원,가성비 미용료(파마) ,30000,10000.0
P000230,착한가격업소,,식당,종로식당,서울특별시 광진구 아차산로 324,37.5374179594352,127.078758734579,02-457-2411,된장찌개,7000원, 김치찌개 ,7000원,가성비 된장찌개,7000,7000.0
P000231,착한가격업소,,식당,보광식당,서울특별시 광진구 아차산로 341-1 (자양동),37.5373620251826,127.080865340982,02-456-3707, 된장찌개 ,7000원, 김치찌개 ,8000원,가성비  된장찌개 ,7000,8000.0
P000232,착한가격업소,,식당,중국관,서울특별시 광진구 긴고랑로 39 (중곡동),37.5630759218576,127.080677509112,,짜장면,4000원, 짬뽕 ,5000원,가성비 짜장면,4000,5000.0
P000233,착한가격업소,,식당,능라도분식,서울특별시 광진구 천호대로110길 50 (능동),37.5551457109101,127.079074919213,02-455-0322,김밥,2500원, 돈가스 ,5500원,가성비 김밥,2500,5500.0
P000234,착한가격업소,,식당,마니아우동,서울특별시 광진구 긴고랑로 25 (중곡동),37.5635316803178,127.079296570847,,냉면,7000원, 자장면 ,5000원,가성비 냉면,7000,5000.0
P000235,착한가격업소,,미용,자이헤어,서울특별시 광진구 광나루로52길 44-1,37.5403684649799,127.093118943036,02-457-9151, 미용료(커트) ,15000원,미용료(파마) ,30000원,가성비  미용료(커트) ,15000,30000.0
P000236,착한가격업소,,식당,채움,서울특별시 광진구 군자로 104-1,37.5523503895716,127.071699141373,02-462-8859,김치찌개,8000원,냉면,8000원,가성비 김치찌개,8000,8000.0
P000237,착한가격업소,,카페,달디빈,서울특별시 광진구 능동로39길 11 1층,37.5585293444964,127.079434892288,,아메리카노,2500원, 국산차 ,3500원,가성비 아메리카노,2500,3500.0
P000238,착한가격업소,,식당,옥돌바베큐,서울특별시 광진구 군자로 138,37.5539653056186,127.074658980888,02-3409-5577,치킨,15000원,,,가성비 치킨,15000,
P000239,착한가격업소,,카페,자양다방,서울특별시 광진구 자양로15길 100,37.5347343376592,127.078204571221,,커피,2000원, 국산차 ,3000원,가성비 커피,2000,3000.0
P000240,착한가격업소,,미용,헤어아이디,서울특별시 광진구 능동로48길 75,37.5620753611358,127.086659189016,02-452-0981,미용료(파마) ,35000원, 미용료(커트) ,15000원,가성비 미용료(파마) ,35000,15000.0
P000241,착한가격업소,,카페,고은별,서울특별시 광진구 자양로 177,37.5434577433462,127.084336510516,02-453-4933,아메리카노,3000원,,,가성비 아메리카노,3000,
P000242,착한가격업소,,식당,보리&치킨,서울특별시 광진구 군자로 175,37.5563287731714,127.077637832508,,치킨,15000원,,,가성비 치킨,15000,
P000243,착한가격업소,,미용,윤선영헤어샵,서울특별시 광진구 영화사로 21-1,37.5575157402136,127.08984276804,02-454-9928,커트,14000원, 파마 ,40000원,가성비 커트,14000,40000.0
P000244,착한가격업소,,세탁&목욕,한양세탁소,서울특별시 광진구 뚝섬로46길 34,37.5312491485435,127.0764580604,02-452-3769,세탁료(양복1벌),8000원, 의복수선료 ,4000원,가성비 세탁료(양복1벌),8000,4000.0
P000245,착한가격업소,,식당,무병장수한방삼계탕,서울특별시 광진구 자양번영로 65,37.5354363044071,127.076140669245,02-444-9988,삼계탕,13000원,,,가성비 삼계탕,13000,
P000246,착한가격업소,,식당,오목대,서울특별시 광진구 동일로80길 23,37.5702682551131,127.081137709861,02-433-6692, 삼계탕 ,14000원,삼겹살,15000원,가성비  삼계탕 ,14000,15000.0
P000247,착한가격업소,,식당,석기시대짜장마을,서울특별시 광진구 군자로 111,37.5529612679396,127.072139956245,02-467-7123,자장면,4000원, 짬뽕 ,4500원,가성비 자장면,4000,4500.0
P000248,착한가격업소,,미용,미도미용실,서울특별시 광진구 긴고랑로 149,37.5587699951444,127.091515012744,,커트,12000원, 파마 ,35000원,가성비 커트,12000,35000.0
P000249,착한가격업소,,미용,서승미헤어,서울특별시 광진구 용마산로24길 6,37.5651369246202,127.087177740735,02-456-0773,커트,8000원, 파마 ,25000원,가성비 커트,8000,25000.0
P000250,착한가격업소,,미용,양컷퍼드업헤어샵,"서울특별시 광진구 뚝섬로 622-1, 2층",37.5320827422087,127.078807204044,02-454-4447,커트,12000원, 파마 ,40000원,가성비 커트,12000,40000.0
P000251,착한가격업소,,미용,정은정헤어샵,서울특별시 광진구 자양로28길 10,37.5422855157893,127.084752386767,,커트,10000원, 파마 ,25000원,가성비 커트,10000,25000.0
P000252,착한가격업소,,미용,헤어라인,서울특별시 광진구 광나루로30나길 6-1,37.5436236638171,127.082097011554,,커트,7000원, 파마 ,30000원,가성비 커트,7000,30000.0
P000253,착한가격업소,,식당,다비다식당,서울특별시 광진구 동일로 444,37.5697005648114,127.079776378236,02-466-1074,삼겹살,14000원, 된장찌개 ,7000원,가성비 삼겹살,14000,7000.0
P000254,착한가격업소,,식당,세종원,서울특별시 광진구 광나루로 373 (군자동),37.5482417291505,127.07158079852,02-499-1800,자장면,6000원, 짬뽕 ,7000원,가성비 자장면,6000,7000.0
P000255,착한가격업소,,식당,손수제치킨,"서울특별시 광진구 군자로 129, 1층 (군자동)",37.5538042039805,127.073804267091,02-465-0366,치킨,10500원,,,가성비 치킨,10500,
P000256,착한가격업소,,식당,위락,"서울특별시 광진구 능동로16길 50, 1층 (화양동)",37.5450828437467,127.075883427175,,된장찌개,6500원, 비빔밥 ,7000원,가성비 된장찌개,6500,7000.0
P000257,착한가격업소,,식당,구름초밥,"서울특별시 광진구 뚝섬로 678, 1층 (자양동)",37.5319855424998,127.084765507611,02-6212-0678,초밥(10p),13000원,,,가성비 초밥(10p),13000,
P000258,착한가격업소,,식당,스시붐,서울특별시 광진구 광나루로17길 14-5 (군자동),37.548390033317,127.072760434793,02-466-6077,초밥(10p),10000원,,,가성비 초밥(10p),10000,
P000259,착한가격업소,,식당,무한정수제돈가스,"서울특별시 광진구 군자로 102, 1층 (군자동)",37.5521905589032,127.071540099809,02-469-3122,돈가스,8500원,,,가성비 돈가스,8500,
P000260,착한가격업소,,식당,하루,"서울특별시 광진구 능동로16길 60, 1층 (화양동)",37.5452297113773,127.076295470745,,돈가스,8500원,,,가성비 돈가스,8500,
P000261,착한가격업소,,식당,새맛식당,"서울특별시 광진구 자양로18길 12-3, 1층 (구의동)",37.5373807702894,127.084337133659,02-444-1749,삼겹살,10000원,김치찌개,7000원,가성비 삼겹살,10000,7000.0
P000262,착한가격업소,,식당,마미가,서울특별시 광진구 아차산로51길 101 (구의동),37.5415361240021,127.085295348424,02-456-3362,돈가스,8000원,칼국수,6000원,가성비 돈가스,8000,6000.0
P000263,착한가격업소,,미용,초원미용실,서울특별시 광진구 자양로13길 79 (자양동),37.5331866924246,127.080742941094,02-457-1489,미용(커트),13000원,미용(파마),30000원,가성비 미용(커트),13000,30000.0
P000264,착한가격업소,,세탁&목욕,중원사,서울특별시 광진구 천호대로135길 8 (구의동),37.5498676458881,127.092265274315,,의복수선료,3000원,양복세탁료,6000원,가성비 의복수선료,3000,6000.0
P000265,착한가격업소,,식당,금쪽삼겹,"서울특별시 광진구 능동로16길 57, 1층 (화양동)",37.5453845146894,127.076137772935,02-6958-5792,삼겹살,11900원,목살,11900원,가성비 삼겹살,11900,11900.0
P000266,착한가격업소,,식당,곰곰탕,"서울특별시 광진구 용마산로 128, 1층 (중곡동)",37.5649861974625,127.086920515699,0507-1487-1216,돼지곰탕,8500원,홍곰탕,9000원,가성비 돼지곰탕,8500,9000.0
P000267,착한가격업소,,카페,리플커피 건국대점,서울특별시 광진구 광나루로24길 20 (화양동) 1층,37.5454553064569,127.076318784936,02-455-5600,커피,1500원,,,가성비 커피,1500,
P000268,착한가격업소,,기타,리오스포토스튜디오,서울특별시 광진구 능동로40길 3 (중곡동) 1층,37.5583093337166,127.080480533476,02-455-6727,반명함판(칼라),22000원,,,가성비 반명함판(칼라),22000,
P000269,착한가격업소,,미용,김미라헤어,서울특별시 광진구 동일로24길 18 (화양동) 1층,37.5437708683394,127.066038684491,,커트,11000원,,,가성비 커트,11000,
P000270,착한가격업소,,카페,베이지크,서울특별시 광진구 뚝섬로24길 21 (자양동) 1층,37.5354824434622,127.063476489208,0507-1351-9020,아메리카노,3000원,,,가성비 아메리카노,3000,
P000271,착한가격업소,,미용,세실리아미용실,서울특별시 광진구 긴고랑로11길 26 (중곡동) 1층,37.5643323404984,127.082014920652,02-463-5282,커트,10000원,,,가성비 커트,10000,
P000272,착한가격업소,,식당,차우동짜장,서울특별시 광진구 뚝섬로 472 (자양동) 1층,37.5366343680318,127.06281092898,02-466-2006,짜장면,5000원,,,가성비 짜장면,5000,
P000273,착한가격업소,,미용,파랑노랑미용실,서울특별시 광진구 자양로45길 18 (구의동) 1층,37.5520854387525,127.091355985423,,커트,10000원,퍼머,25000원,가성비 커트,10000,25000.0
P000274,착한가격업소,,식당,59년왕십리성수점,서울특별시 광진구 동일로4길 15 (자양동) 1층,37.5363582224391,127.061937108783,02-462-6775,인삼왕갈비(300g),15000원,삼겹살(200g),14000원,가성비 인삼왕갈비(300g),15000,14000.0
P000275,착한가격업소,,미용,가연미용실,서울특별시 광진구 아차산로30길 39 (자양동) 1층,37.5389966421946,127.067489336786,,커트,12000원,,,가성비 커트,12000,
P000276,착한가격업소,,식당,옛골,서울특별시 광진구 자양로26길 10 (구의동) 1층,37.5417527707951,127.084604459005,0507-1323-9423,백반,6000원,,,가성비 백반,6000,
P000277,착한가격업소,,식당,스시교센,"서울특별시 광진구 능동로35길 9, 2층 (군자동)",37.5566462360305,127.078393153264,,모듬초밥,11000원,오늘의초밥,15000원,가성비 모듬초밥,11000,15000.0
P000278,착한가격업소,,식당,스시텐,"서울특별시 광진구 구의강변로 86, 101호 (구의동)",37.5381146951572,127.094039760254,,런치초밥,11000원,텐초밥,13500원,가성비 런치초밥,11000,13500.0
P000279,착한가격업소,,카페,청담커피 자양점,"서울특별시 광진구 뚝섬로52길 41, 1층",37.5301468796083,127.078899521931,02-6952-0543,아메리카노,2500원,,,가성비 아메리카노,2500,
P000280,착한가격업소,,식당,국이랑찌개랑,"서울특별시 광진구 자양로26길 21, 1층",37.5417147908299,127.08529724925,02-2201-6259,김치찌개백반,8000원,,,가성비 김치찌개백반,8000,
P000281,착한가격업소,,미용,쁘띠헤어,"서울특별시 광진구 구의로 34, 1층",37.5409026054223,127.089944467755,,"커트(남,녀)",10000원,펌,28000원,"가성비 커트(남,녀)",10000,28000.0
P000282,착한가격업소,,미용,세라헤어,"서울특별시 광진구 능동로5길 25, 1층",37.5367778438842,127.066528319076,,"커트(남,녀)",13000원,펌,35000원,"가성비 커트(남,녀)",13000,35000.0
P000283,착한가격업소,,미용,보광헤어샵,"서울특별시 광진구 광나루로12길 22, 1층",37.5467711437225,127.067405364467,,"커트(남,녀)",15000원,,,"가성비 커트(남,녀)",15000,
P000284,착한가격업소,,카페,면곡당,"서울특별시 광진구 면목로17길 24, 1층",37.5706216673276,127.081989895297,,커피(콜드브루),3400원,,,가성비 커피(콜드브루),3400,
P000285,착한가격업소,,식당,화양삼계,"서울특별시 광진구 아차산로29길 67, 1층 (화양동)",37.5437174982038,127.069392230067,,삼계탕,13900원,,,가성비 삼계탕,13900,
P000286,착한가격업소,,식당,고기굽는놈,서울특별시 광진구 아차산로31길 8 (화양동),37.5413286478003,127.06944421585,02-462-8821,돼지갈비(250g),16000원,,,가성비 돼지갈비(250g),16000,
P000287,착한가격업소,,식당,통영돌문어산곰장어,"서울특별시 광진구 용마산로6길 9, 1층 (중곡동)",37.5574120435232,127.088640032232,02-452-5330,열무비빔밥,7000원,,,가성비 열무비빔밥,7000,
P000288,착한가격업소,,미용,란미용실,서울특별시 광진구 아차산로42길 35,37.5358584587724,127.078967541778,,"커트(남,녀)",12000원,펌,35000원,"가성비 커트(남,녀)",12000,35000.0
P000289,착한가격업소,,식당,기절초풍물닭갈비,"서울특별시 광진구 자양로13길 88-1, 1층",37.5330001176132,127.080181002823,02-444-9222,조리라면,4000원,,,가성비 조리라면,4000,
P000290,착한가격업소,,식당,아차산통닭,"서울특별시 광진구 천호대로 659, 1층",37.5523039456894,127.089928064798,02-455-8881,통닭,5000원,,,가성비 통닭,5000,
P000291,착한가격업소,,식당,옛날집,"서울특별시 광진구 면목로17길 40, 1층",37.5708453857498,127.081074719437,,보리비빔밥,7500원,,,가성비 보리비빔밥,7500,
P000292,착한가격업소,,식당,윤가네,"서울특별시 광진구 동일로60길 43, 1층",37.5578680664131,127.075789438417,02-467-8990,냉면,8000원,,,가성비 냉면,8000,
P000293,착한가격업소,,식당,오성정육식당구의점,"서울특별시 광진구 구의강변로106, 1층",37.53985699394,127.09489656845,02-456-1000,한우 등심(100g),11000원,한우 채끝(100g),13000원,가성비 한우 등심(100g),11000,13000.0
P000294,착한가격업소,,식당,오케이식당,서울특별시 동대문구 장한로 18길 36,37.5675264679054,127.071021744961,02-2213-3671,칼국수,6000원, 잔치국수 ,6000원,가성비 칼국수,6000,6000.0
P000295,착한가격업소,,식당,금복,서울특별시 동대문구 안암로 20길 16,37.5873670338882,127.035014819615,02-923-7844,김치찌개,5000원,된장찌개,5000원,가성비 김치찌개,5000,5000.0
P000296,착한가격업소,,미용,우주미용실,서울특별시 동대문구 전농로 16길 33,37.5783796335794,127.05916117044,02-2244-2180,커트,3000원, 파마 ,12000원,가성비 커트,3000,12000.0
P000297,착한가격업소,,미용,경로이발관,서울특별시 동대문구 왕산로 175-1,37.5796079576696,127.042658968115,,커트,7000원, 염색 ,8000원,가성비 커트,7000,8000.0
P000298,착한가격업소,,식당,놀부만두,서울특별시 동대문구 망우로 16길15,37.5893525413018,127.061487903115,02-2241-7550,수제고기만두,6000원,김치만두,6000원,가성비 수제고기만두,6000,6000.0
P000299,착한가격업소,,식당,제일정육식당,"서울특별시 동대문구 장한로10길 45, 지하1층",37.564599959278,127.069786244986,02-2242-9925,목살(600g),18000원,소뚝불고기,7000원,가성비 목살(600g),18000,7000.0
P000300,착한가격업소,,식당,명물식당,서울특별시 동대문구 답십리로51길 8-4,37.5732545383074,127.05873782209,02-2212-4039,백반,6000원,,,가성비 백반,6000,
P000301,착한가격업소,,식당,전주곰탕,"서울특별시 동대문구 답십리로51길 15-12, 12호",37.5733608421755,127.058219447537,02-2249-3399,소머리국밥,10000원, 도가니탕 ,10000원,가성비 소머리국밥,10000,10000.0
P000302,착한가격업소,,식당,영칼국수,서울특별시 동대문구 답십리로51길 10,37.5734273579937,127.058719958936,02-2213-0994,칼국수,6000원, 수제비 ,6000원,가성비 칼국수,6000,6000.0
P000303,착한가격업소,,식당,정성 서울국수집,"서울특별시 동대문구 휘경로51, 지상1층 (휘경동)",37.5946072647816,127.065419926367,02-966-0579,멸치국수,5000원, 비빔국수 ,6000원,가성비 멸치국수,5000,6000.0
P000304,착한가격업소,,식당,버드나무순대국,"서울특별시 동대문구 휘경로2길 42 (이문동, 1층)",37.5943931905466,127.059990363605,02-960-2932,순대국밥,7000원, 머리국밥 ,7000원,가성비 순대국밥,7000,7000.0
P000305,착한가격업소,,식당,장안골,"서울특별시 동대문구 답십리로65길 124-3, 1F동 (장안동)",37.5781820887267,127.070410467383,02-2242-9476,뚝배기불고기,6000원, 갈치조림 ,6000원,가성비 뚝배기불고기,6000,6000.0
P000306,착한가격업소,,식당,수빈마마,"서울특별시 동대문구 사가정로221, 1층 103호 (장안동)",37.5789191658125,127.069695228668,02-2244-9294,된장찌개,8000원, 순두부찌개 ,8000원,가성비 된장찌개,8000,8000.0
P000307,착한가격업소,,식당,김가네김밥,서울특별시 동대문구 서울시립대로16길 97-2 (전농동),37.5778233947261,127.055757608642,02-2245-6340,김가네김밥,3000원, 깻잎김밥 ,3500원,가성비 김가네김밥,3000,3500.0
P000308,착한가격업소,,식당,그린하우스,"서울특별시 동대문구 전농로 219, 1층 (전농동)",37.5836791356617,127.053213708433,02-2247-2247,김치찌개,8000원, 참치찌개 ,8000원,가성비 김치찌개,8000,8000.0
P000309,착한가격업소,,식당,제주흑돼지알토란쌈밥,"서울특별시 동대문구 한천로14길 69, 1층 103호 (장안동)",37.5666033159951,127.066522010262,02-2246-8987,백반,6000원, 순두부찌개 ,7000원,가성비 백반,6000,7000.0
P000310,착한가격업소,,식당,장진주,"서울특별시 동대문구 약령동길 97, 1층 (제기동)",37.5826867555773,127.037867559412,02-957-3993,콩나물비빔밥,9000원, 제육볶음 ,9000원,가성비 콩나물비빔밥,9000,9000.0
P000311,착한가격업소,,식당,칼리앤메리,"서울특별시 동대문구 서울시립대로 160, 105호 (전농동, 영광빌딩)",37.5834168787586,127.05454674953,,제육비빔밥,7000원,불고기비빔밥 ,8000원,가성비 제육비빔밥,7000,8000.0
P000312,착한가격업소,,식당,영수네고기세상,"서울특별시 동대문구 신이문로 34-1, 1층 (이문동)",37.6028753142263,127.065875956428,02-969-7779,생삼겹살(200g),15000원, 뚝배기소불고기 ,7000원,가성비 생삼겹살(200g),15000,7000.0
P000313,착한가격업소,,식당,옛고을닭한마리,"서울특별시 동대문구 사가정로7, 1층",37.5706008629445,127.049007876884,02-2215-1316,백반,6500원, 닭곰탕 ,7000원,가성비 백반,6500,7000.0
P000314,착한가격업소,,식당,청량리할머니냉면,서울특별시 동대문구 왕산로37길 51 (제기동),37.5822715535487,127.043676583037,02-963-5362,냉면,7000원, 냉면곱배기 ,9000원,가성비 냉면,7000,9000.0
P000315,착한가격업소,,식당,낙원떡방앗간,서울특별시 동대문구 회기로25길 11 (회기동),37.5909701503054,127.054979127858,,인절미(400g),3000원,영양떡(400g),3000원,가성비 인절미(400g),3000,3000.0
P000316,착한가격업소,,식당,지노돈까스,"서울특별시 동대문구 제기로38길 40, 1층 (청량리동)",37.5844887637521,127.04949600224,,돈까스,8000원, 제육덮밥 ,8000원,가성비 돈까스,8000,8000.0
P000317,착한가격업소,,카페,서울쉬퐁,"서울특별시 동대문구 한천로63길 17, 1층 (이문동)",37.6039449644645,127.066527842097,02-966-2539,아메리카노,2500원, 카페라떼 ,3000원,가성비 아메리카노,2500,3000.0
P000318,착한가격업소,,카페,까페뜨랑,"서울특별시 동대문구 제기로 130, 2층 (청량리동)",37.5864273533873,127.047490117497,02-6949-3928,아메리카노,2500원, 카페라떼 ,3500원,가성비 아메리카노,2500,3500.0
P000319,착한가격업소,,카페,배트콩,"서울특별시 동대문구 경희대로4길 52, 1층 (회기동)",37.5915419343972,127.055141124803,,아메리카노,3000원, 에스프레소 ,3000원,가성비 아메리카노,3000,3000.0
P000320,착한가격업소,,식당,40년전통 그시절 그맛,"서울특별시 동대문구 고산자로38길 25 (제기동, 경동시장 다-11)",37.5801684528241,127.039860944339,,꽈배기,500원,도너츠,500원,가성비 꽈배기,500,500.0
P000321,착한가격업소,,식당,비에르 에 프리트,서울특별시 동대문구 제기로5길 40 (제기동),37.5880323854649,127.035422393241,02-3291-5111,소세지볶음,10000원,불고기양념치킨,11000원,가성비 소세지볶음,10000,11000.0
P000322,착한가격업소,,식당,세진식당,서울특별시 동대문구 서울시립대로 61-4 (전농동),37.576828323232,127.047775298893,02-2215-0305,백반,6000원,된장찌개,7000원,가성비 백반,6000,7000.0
P000323,착한가격업소,,식당,신설보쌈앤칼국수,"서울특별시 동대문구 하정로3길 10 (신설동, 1층)",37.5755942823163,127.025980168367,02-925-3030,보쌈정식,9000원,바지락칼국수,8000원,가성비 보쌈정식,9000,8000.0
P000324,착한가격업소,,식당,충북식당,서울특별시 동대문구 고산자로38길 27 (제기동),37.5801884862893,127.040034393951,02-964-3031,청국장보리밥,8000원,된장보리밥,8000원,가성비 청국장보리밥,8000,8000.0
P000325,착한가격업소,,식당,오뚝식당,서울특별시 동대문구 회기로21길 8-18 (회기동),37.5913549488338,127.053839321242,02-966-6680,된장찌개,8000원,부대찌개,8000원,가성비 된장찌개,8000,8000.0
P000326,착한가격업소,,식당,삼보닭꼬치,"서울특별시 동대문구 한천로 186 (장안동, 1층 우측코너점포)",37.5774874101017,127.068284018089,,파닭꼬치,3000원,염통꼬치(4개),6000원,가성비 파닭꼬치,3000,6000.0
P000327,착한가격업소,,식당,신원식당,"서울특별시 동대문구 장한로 92, 101호 (장안동, 화성빌딩)",37.5688108189618,127.069843827191,02-3394-5121,삼겹살,16000원,김치칼국수,8000원,가성비 삼겹살,16000,8000.0
P000328,착한가격업소,,식당,신라방마라탕 장안동맛집,서울특별시 동대문구 천호대로79길 66 (장안동),37.5650430235262,127.064479053461,02-2212-9991,마라탕,7000원,마라상궈,16000원,가성비 마라탕,7000,16000.0
P000329,착한가격업소,,식당,서희,"서울특별시 동대문구 사가정로23길 64, 105-101 (장안동, 성우스타팰리스)",37.581436242417,127.070049439958,02-2212-8877,자장면(현금),4500원,짬뽕,6000원,가성비 자장면(현금),4500,6000.0
P000330,착한가격업소,,카페,원더월커피로스터스,서울특별시 동대문구 답십리로 80 (답십리동),37.5747324363678,127.049509015035,,텀블러(to go) 아메리카노,1500원,아메리카노,3000원,가성비 텀블러(to go) 아메리카노,1500,3000.0
P000331,착한가격업소,,기타,이문동사진관,서울특별시 동대문구 이문로12길 4-3 (이문동),37.5930376616822,127.058346644325,,증명사진,10000원,여권사진,15000원,가성비 증명사진,10000,15000.0
P000332,착한가격업소,,식당,홍두깨손칼국수(청량리),"서울특별시 동대문구 왕산로 185, 1층 (청량리동)",37.5800963307551,127.043795202414,02-957-7734,손칼국수,4000원,손짜장면,4500원,가성비 손칼국수,4000,4500.0
P000333,착한가격업소,,식당,푸드김밥,서울특별시 동대문구 왕산로9길 6 (용두동),37.5773517646862,127.027940949514,02-929-4123,김밥,2500원,라면,3500원,가성비 김밥,2500,3500.0
P000334,착한가격업소,,식당,79번지국수집,"서울특별시 동대문구 회기로13길 25, 1층 (회기동)",37.5926788782586,127.05097160045,02-6082-9494,닭칼국수,6000원,김치말이국수,5000원,가성비 닭칼국수,6000,5000.0
P000335,착한가격업소,,식당,휘경할매순대국,서울특별시 동대문구 망우로 76 (휘경동),37.5897492517301,127.061653878029,02-2247-1213,순대국,9000원,콩나물국밥,8000원,가성비 순대국,9000,8000.0
P000336,착한가격업소,,식당,휘경곱창,서울특별시 동대문구 휘경로14길 15-1 (휘경동),37.5945277807102,127.063302409055,02-959-7973,야채곱창,10000원,순대곱창,12000원,가성비 야채곱창,10000,12000.0
P000337,착한가격업소,,식당,친친,서울특별시 동대문구 정릉천동로 58 (용두동),37.5771867895785,127.036238453059,070-8960-9891,짜장면,6000원,짬뽕,8000원,가성비 짜장면,6000,8000.0
P000338,착한가격업소,,미용,태평미용실,서울특별시 동대문구 서울시립대로3길 8 (전농동),37.5753333225985,127.046370960762,02-2245-9869,파마,2000원,커트,7000원,가성비 파마,2000,7000.0
P000339,착한가격업소,,미용,형제이발,서울특별시 동대문구 왕산로35길 8 (청량리동),37.5801454730732,127.043448127118,,커트,7000원,,,가성비 커트,7000,
P000340,착한가격업소,,식당,인 더 베이글(In The Bagel),"서울특별시 동대문구 회기로13길 19, 1층 (회기동)",37.5923059991065,127.050875667513,0507-1374-3338,훈제연어 샌드,7900원,잠봉뵈르 샌드,5900원,가성비 훈제연어 샌드,7900,5900.0
P000341,착한가격업소,,식당,사나이뚝배기,"서울특별시 동대문구 경희대로4길 5, 1층 (회기동)",37.5925789236514,127.052893264244,02-963-2407,된장뚝배기,6300원,순두부뚝배기,6300원,가성비 된장뚝배기,6300,6300.0
P000342,착한가격업소,,식당,잇츠소유,"서울특별시 동대문구 회기로19길 18, 2층 (회기동)",37.5923358610789,127.053038252032,070-8160-6095,소유돈카츠,11000원,카레덮밥,9000원,가성비 소유돈카츠,11000,9000.0
P000343,착한가격업소,,식당,다옴감자탕 양평해장국,서울특별시 동대문구 전농로 91 (답십리동),37.5733020510431,127.057022081587,02-2244-8500,뼈해장국,9000원,냉면,8000원,가성비 뼈해장국,9000,8000.0
P000344,착한가격업소,,식당,또래가마솥해장국,서울특별시 동대문구 제기로 15 (제기동),37.5866326526276,127.034648660012,02-924-9319,해장국,6000원,,,가성비 해장국,6000,
P000345,착한가격업소,,식당,행복한연탄구이,서울특별시 동대문구 답십리로 145-1 (답십리동),37.5730721819771,127.05632402826,02-2216-4861,라면,4000원,누룽지탕,6000원,가성비 라면,4000,6000.0
P000346,착한가격업소,,식당,가위바위보떡볶이,서울특별시 동대문구 전농로 222 (전농동),37.5839388978562,127.053599055745,070-8742-0006,라면,4000원,우동,5000원,가성비 라면,4000,5000.0
P000347,착한가격업소,,식당,푸른하늘,서울특별시 동대문구 경희대로6길 3-4 (회기동),37.5935462368517,127.053075231731,02-966-3394,물냉면,6000원,원조김밥,3000원,가성비 물냉면,6000,3000.0
P000348,착한가격업소,,식당,솔낭구,"서울특별시 동대문구 회기로13길 11, 1층 (회기동)",37.5920770917479,127.050795119244,02-957-9611,돼지한판(1kg),58000원,뚝배기불고기,9000원,가성비 돼지한판(1kg),58000,9000.0
P000349,착한가격업소,,식당,불꽃냉면칼국수,"서울특별시 동대문구 경희대로3길 13, 2층 (회기동)",37.5926598392702,127.051657872528,02-6014-0013,장칼국수,8000원,냉면,7000원,가성비 장칼국수,8000,7000.0
P000350,착한가격업소,,식당,39돈가스,서울특별시 동대문구 휘경로2길 5-2 (이문동),37.5956340092929,127.061096298819,070-4103-9632,등심돈가스,8500원,김치돈가스,9000원,가성비 등심돈가스,8500,9000.0
P000351,착한가격업소,,식당,선이네순대국,서울특별시 동대문구 이문로28길 16 (이문동),37.5954973335287,127.060562855075,02-968-9168,순대국,8000원,갈비탕,8000원,가성비 순대국,8000,8000.0
P000352,착한가격업소,,식당,아리랑동가스,서울특별시 동대문구 이문로28길 13 (이문동),37.5956193826959,127.06063134742,02-3295-2897,마늘돈까스,6500원,치즈돈까스,6500원,가성비 마늘돈까스,6500,6500.0
P000353,착한가격업소,,식당,주연푸드,서울특별시 동대문구 휘경로 3-4 (이문동),37.596483309138,127.060872673765,0507-1400-8509,돼지짜글이,8500원,육개장,9000원,가성비 돼지짜글이,8500,9000.0
P000354,착한가격업소,,식당,이도감식당,서울특별시 동대문구 휘경로 3-12 (이문동),37.5967602706485,127.06105328415,,김치찌개,7000원,된장찌개,7000원,가성비 김치찌개,7000,7000.0
P000355,착한가격업소,,식당,광주회관,서울특별시 동대문구 이문로 118 (이문동),37.5971294761998,127.060918834447,02-957-3876,김치찌개,9000원,된장찌개,8000원,가성비 김치찌개,9000,8000.0
P000356,착한가격업소,,식당,돈태자,서울특별시 동대문구 한천로24길 10 (장안동) 1층,37.5705286015565,127.065702112405,02-2244-9255,돈까스,10000원,생선까스,11000원,가성비 돈까스,10000,11000.0
P000357,착한가격업소,,식당,호미,서울특별시 동대문구 안암로20길 7-15 (제기동) 지하1층,37.5880286866125,127.034832954289,,참치김치찌개,7000원,부대찌개,8000원,가성비 참치김치찌개,7000,8000.0
P000358,착한가격업소,,기타,오드리스튜디오,서울특별시 동대문구 회기로 162 (회기동) 1층,37.5905848417805,127.053903079158,02-969-7475,증명사진,7900원,여권사진,12900원,가성비 증명사진,7900,12900.0
P000359,착한가격업소,,식당,경희쌈밥,"서울특별시 동대문구 경희대로1가길 4 (회기동, 힐링빌)",37.5918807420793,127.051473337709,02-959-9379,한식뷔페,7000원,오리백반,9000원,가성비 한식뷔페,7000,9000.0
P000360,착한가격업소,,식당,자매분식,서울특별시 동대문구 경희대로1가길 15 (회기동),37.5925419262177,127.051390116494,02-2000-1109,오징어볶음,10000원,김치제육볶음,10000원,가성비 오징어볶음,10000,10000.0
P000361,착한가격업소,,식당,신설동뚝배기,서울특별시 동대문구 한빛로 18 (신설동),37.5772842467757,127.025292007791,,김치찌개,7000원,순두부찌개,7000원,가성비 김치찌개,7000,7000.0
P000362,착한가격업소,,식당,용두동홍가네,서울특별시 동대문구 무학로 116 (용두동),37.5744824475741,127.03087486972,02-2243-2465,한식뷔페,7000원,감자탕,9000원,가성비 한식뷔페,7000,9000.0
P000363,착한가격업소,,식당,명성식당,서울특별시 동대문구 무학로 142-2 (용두동) 1층,37.5769812836617,127.030806279787,02-922-3192,백반,7000원,청국장,8000원,가성비 백반,7000,8000.0
P000364,착한가격업소,,식당,이문동그집 회기역직영점,서울특별시 동대문구 회기로28길 14 (휘경동) 1층,37.5891762137007,127.056255998479,02-966-7891,한우차돌,15000원,소곱장전골,26000원,가성비 한우차돌,15000,26000.0
P000365,착한가격업소,,식당,따께리아 라 비다(Taqueria La Vida),서울특별시 동대문구 경희대로1길 27 (회기동) 1층,37.591757399893,127.050631739972,0507-1389-4311,타코(3p),9000원,케사디야(퀘사디아),6000원,가성비 타코(3p),9000,6000.0
P000366,착한가격업소,,식당,우담,서울특별시 동대문구 경희대로1가길 39 (회기동),37.5931507326913,127.052197075409,,양파보쌈정식,8400원,양파족발정식,10000원,가성비 양파보쌈정식,8400,10000.0
P000367,착한가격업소,,식당,신쭈 회기점,"서울특별시 동대문구 경희대로4길 74, 2층 (회기동)",37.5911616801736,127.056360982756,0507-1303-8908,쭈꾸미,13000원,오뎅탕,9000원,가성비 쭈꾸미,13000,9000.0
P000368,착한가격업소,,식당,갈비장터,서울특별시 동대문구 회기로 188 (휘경동),37.5897656433708,127.056819285026,02-969-9200,된장찌개,8000원,비빔밥,8000원,가성비 된장찌개,8000,8000.0
P000369,착한가격업소,,식당,청정생고기집,서울특별시 동대문구 서울시립대로 121 (전농동),37.5814103006045,127.051689610036,02-2244-3467,삼겹살(150g),7000원,갈매기살(150g),8000원,가성비 삼겹살(150g),7000,8000.0
P000370,착한가격업소,,식당,오뚜기부대찌개,서울특별시 동대문구 휘경로 6-5 (이문동)1층,37.5959003956359,127.060818638956,02-968-0256,부대찌개,9000원,,,가성비 부대찌개,9000,
P000371,착한가격업소,,식당,비나레스토랑,서울특별시 동대문구 안암로24길 4 (제기동)1층,37.5884310249523,127.035287620012,02-926-5860,커리,9000원,,,가성비 커리,9000,
P000372,착한가격업소,,식당,난망베이킹스튜디오,서울특별시 동대문구 사가정로 41-1 (답십리동) 3층,37.5729802022403,127.051565941955,,대만카스테라,3500원,대만펑리수,3200원,가성비 대만카스테라,3500,3200.0
P000373,착한가격업소,,식당,따뜻한밥상 외대점,서울특별시 동대문구 이문로 58 (휘경동) 오스카빌딩 2층,37.5923757925664,127.057798324522,0507-1354-2143,김치찌개,3000원,,,가성비 김치찌개,3000,
P000374,착한가격업소,,식당,24시회마트,"서울특별시 동대문구 전농로4길 42, 지상 1층 (답십리동)",37.5666918895194,127.058876986331,02-2242-4882,광어+우럭,30000원,광어,20000원,가성비 광어+우럭,30000,20000.0
P000375,착한가격업소,,식당,대광반점,"서울특별시 동대문구 전농로 19-1, 1층 (답십리동)",37.5668622524802,127.056133832753,02-2214-2341,짜장면,5000원,,,가성비 짜장면,5000,
P000376,착한가격업소,,식당,도읍지,서울특별시 동대문구 회기로21길 38-1 (회기동),37.5930706847977,127.053094369606,02-964-2388,순두부찌개백반,8000원,,,가성비 순두부찌개백반,8000,
P000377,착한가격업소,,식당,충청도식당,서울특별시 동대문구 경동시장로12길 26 (제기동),37.5820824024783,127.042028874178,02-959-1192,정식백반,6000원,순두부찌개,7000원,가성비 정식백반,6000,7000.0
P000378,착한가격업소,,식당,홍두깨칼국수(제기동),서울특별시 동대문구 왕산로 165 (제기동),37.579366432265,127.041561603405,02-960-6126,칼국수,4000원,손짜장면,4500원,가성비 칼국수,4000,4500.0
P000379,착한가격업소,,식당,형제집칼국수,서울특별시 동대문구 사가정로25길 46 (장안동),37.58079543406,127.070990760876,02-2216-7502,칼국수,7000원,냉면,8000원,가성비 칼국수,7000,8000.0
P000380,착한가격업소,,식당,고향홍두깨손칼국수,서울특별시 동대문구 경동시장로10길 53 (제기동),37.5814092982677,127.043688645919,02-6339-8868,손칼국수,5000원,손수제비,7000원,가성비 손칼국수,5000,7000.0
P000381,착한가격업소,,식당,고대멸치국수,서울특별시 동대문구 제기로 2 (제기동),37.5862261117288,127.033124418016,02-928-9394,멸치국수,7000원,비빔국수,8000원,가성비 멸치국수,7000,8000.0
P000382,착한가격업소,,카페,이문동커피집 크럼블로스터스,서울특별시 동대문구 이문로25길 39 (이문동) 1층,37.5954715513459,127.057343593494,070-8776-4147,아메리카노,2300원,카페라떼,3000원,가성비 아메리카노,2300,3000.0
P000383,착한가격업소,,식당,할머니보쌈,"서울특별시 동대문구 회기로21길 26, 1층 (회기동)",37.5926289649356,127.053413023652,02-967-4277,보쌈정식,11000원,마늘보쌈정식,11000원,가성비 보쌈정식,11000,11000.0
P000384,착한가격업소,,식당,일심해장국 본점,"서울특별시 동대문구 장한로 179, 1층 (장안동)",37.5764749815622,127.071746605254,02-2243-4525,해장국,7000원,비빔밥,8000원,가성비 해장국,7000,8000.0
P000385,착한가격업소,,식당,홍두깨칼국수(답십리동),"서울특별시 동대문구 전농로 99, 1층 (답십리동)",37.5738999228993,127.05726659937,02-2243-2734,손칼국수,5000원,떡만두국,7000원,가성비 손칼국수,5000,7000.0
P000386,착한가격업소,,식당,국수천천히,"서울특별시 동대문구 서울시립대로28길 6, 1층 (전농동)",37.5824800062405,127.053007710684,02-2215-1025,멸치국수,5000원,비빔국수,6000원,가성비 멸치국수,5000,6000.0
P000387,착한가격업소,,식당,밥이야기,"서울특별시 동대문구 한천로33길 21, 1층 (답십리동)",37.576427007926,127.06690647597,02-3394-7433,특정식(10찬),7000원,,,가성비 특정식(10찬),7000,
P000388,착한가격업소,,카페,디디카페,"서울특별시 동대문구 회기로21가길 10, 1층 101호 (회기동)",37.5919819636381,127.053609579093,0507-1483-1997,아메리카노,1900원,카페라떼,3300원,가성비 아메리카노,1900,3300.0
P000389,착한가격업소,,식당,시루앤도마,"서울특별시 동대문구 제기로 131, 121동 1층 6호 (청량리동, 한신아파트)",37.5880281566858,127.049226158581,,호두강정,3000원,쌀술빵,2500원,가성비 호두강정,3000,2500.0
P000390,착한가격업소,,기타,studio환히(SBS사진실),서울특별시 중랑구 동일로109길 28-16,37.5920068039795,127.077641704523,02-495-1440,사진촬영료,10000원,,,가성비 사진촬영료,10000,
P000391,착한가격업소,,미용,강헤어컬렉션,서울특별시 중랑구 겸재로49길 22,37.590059359206,127.090241590436,02-2208 - 4790,미용료(파마) ,30000원, 커트 ,12000원,가성비 미용료(파마) ,30000,12000.0
P000392,착한가격업소,,식당,광양불고기,서울특별시 중랑구 망우로71길 31,37.6017726663241,127.102003046846,02-492-1934,삼겹살(200g),14000원,,,가성비 삼겹살(200g),14000,
P000393,착한가격업소,,미용,금천이발관,서울특별시 중랑구 면목로29길 21,37.575726501017,127.084575411368,02-492-5613,이용료(커트),7000원,,,가성비 이용료(커트),7000,
P000394,착한가격업소,,미용,더 이등병,서울특별시 중랑구 면목로33길 33,37.5764891385977,127.084020210143,,이용료(커트) ,9000원,,,가성비 이용료(커트) ,9000,
P000395,착한가격업소,,식당,박리김밥,서울특별시 중랑구 공릉로2길 22,37.6119559660238,127.079036383266,02-949-7101,김밥,3000원,된장찌개,6500원,가성비 김밥,3000,6500.0
P000396,착한가격업소,,미용,보원헤어,서울특별시 중랑구 동일로130길 71,37.6007313501278,127.083608539245,,미용료(파마) ,25000원, 커트 ,7000원,가성비 미용료(파마) ,25000,7000.0
P000397,착한가격업소,,미용,상록수미용실,서울특별시 중랑구 동일로99길 22,37.587922318728,127.078621025398,,미용료(파마),27000원, 커트 ,7000원,가성비 미용료(파마),27000,7000.0
P000398,착한가격업소,,식당,세븐돈가스,서울특별시 중랑구 용마산로 557,37.6006970374489,127.100246556563,02-433-1644, 김치찌개 ,7000원, 돈가스 ,7500원,가성비  김치찌개 ,7000,7500.0
P000399,착한가격업소,,미용,수지헤어,서울특별시 중랑구 봉우재로 41 (회진빌딩 2층),37.5907829369907,127.077853865667,, 이용료(커트) ,7000원,,,가성비  이용료(커트) ,7000,
P000400,착한가격업소,,미용,스타이발관,서울특별시 중랑구 망우로 382-2,37.5984167441294,127.09476491164,, 이용료(커트) ,7000원,,,가성비  이용료(커트) ,7000,
P000401,착한가격업소,,미용,아폴로헤어크리닉,서울특별시 중랑구 용마산로51길 45,37.5799611048585,127.089315906202,,미용료(파마) ,30000원, 커트 ,7000원,가성비 미용료(파마) ,30000,7000.0
P000402,착한가격업소,,식당,와우돈까스,"서울특별시 중랑구 공릉로12가길 6, 1층",37.6163424774824,127.080165526507,02-2209-3607,돈가스,7000원,냉면,7000원,가성비 돈가스,7000,7000.0
P000403,착한가격업소,,미용,장미미용실,서울특별시 중랑구 용마산로129길 61-4,37.6069212183619,127.097385915059,,미용료(파마) ,30000원, 커트 ,10000원,가성비 미용료(파마) ,30000,10000.0
P000404,착한가격업소,,식당,정가네홍두깨손칼국수,서울특별시 중랑구 망우로62길 61,37.5966527672409,127.098957490859,02-491-8457,칼국수,5000원,냉면,5500원,가성비 칼국수,5000,5500.0
P000405,착한가격업소,,식당,짜장나루,서울특별시 중랑구 겸재로 161,37.5880809932158,127.085476828026,02-494-4774, 자장면 ,5000원, 짬뽕 ,6000원,가성비  자장면 ,5000,6000.0
P000406,착한가격업소,,미용,착한이발관,서울특별시 중랑구 봉화산로 54,37.601476557412,127.080368810985,,이용료(커트),7000원,,,가성비 이용료(커트),7000,
P000407,착한가격업소,,기타,포토아트,서울특별시 중랑구 면목로40길 16,37.5789701273514,127.087962102299,02-435-1757,사진촬영료 ,10000원,,,가성비 사진촬영료 ,10000,
P000408,착한가격업소,,식당,한밀청년밥상,"서울특별시 중랑구 동일로140길 15, 1층",37.6043694603432,127.079965365014,,김치찌개,3000원,,,가성비 김치찌개,3000,
P000409,착한가격업소,,식당,할매김밥,서울특별시 중랑구 동일로163길 17,37.611832862996,127.07634160145,02-979-6227,김치찌개,5000원, 된장찌개 ,5000원,가성비 김치찌개,5000,5000.0
P000410,착한가격업소,,미용,행운미용실,서울특별시 중랑구 동일로120길 121-11,37.5982997619865,127.086722586547,02-2208-7385,미용료(파마) ,20000원, 커트 ,8000원,가성비 미용료(파마) ,20000,8000.0
P000411,착한가격업소,,미용,현정미용실,서울특별시 중랑구 면목로33길 14 1층,37.5767986761052,127.085088087063,,파마,20000원, 커트 ,5000원,가성비 파마,20000,5000.0
P000412,착한가격업소,,세탁&목욕,호계대중사우나,"서울특별시 중랑구 봉화산로56길 153, 지하2층",37.6014843289566,127.096785094457,02-433-5490,목욕료(성인) ,8500원,,,가성비 목욕료(성인) ,8500,
P000413,착한가격업소,,미용,홍헤어샵,서울특별시 중랑구 상봉중앙로6길 17,37.6009546206739,127.088422942533,,미용료(파마),25000원, 미용료(커트) ,9000원,가성비 미용료(파마),25000,9000.0
P000414,착한가격업소,,식당,화성각,서울특별시 중랑구 면목로48길 37,37.5822683789334,127.090720477178,02-432-8301,자장면,4000원, 짬뽕 ,5000원,가성비 자장면,4000,5000.0
P000415,착한가격업소,,미용,효자동이발소,"서울특별시 중랑구 용마산로 394, 2호",37.5866519523067,127.095551256708,, 이용료(커트) ,7000원,,,가성비  이용료(커트) ,7000,
P000416,착한가격업소,,식당,왕짜장,서울특별시 중랑구 신내로14길 26,37.6054986627446,127.097037404944,02-433-0202, 짜장면 ,4500원,짬뽕,6000원,가성비  짜장면 ,4500,6000.0
P000417,착한가격업소,,기타,린스튜디오,"서울특별시 중랑구 봉화산로 194, 201호",37.6064526315197,127.094707041869,0507-1412-0549, 촬영비 ,15000원,,,가성비  촬영비 ,15000,
P000418,착한가격업소,,미용,제일이발관,"서울특별시 중랑구 중랑역로 15-1, 2층",37.5955649352659,127.076080619786,, 이용료(커트) ,7000원,,,가성비  이용료(커트) ,7000,
P000419,착한가격업소,,카페,마션,서울특별시 중랑구 봉화산로56길 69,37.6056953618392,127.098111378036,, 커피 ,2000원,,,가성비  커피 ,2000,
P000420,착한가격업소,,카페,아르카디아커피컴퍼니,서울특별시 중랑구 면목로88길 5-9,37.5944534334494,127.086350457246,02-6401-9692, 커피 ,2000원,,,가성비  커피 ,2000,
P000421,착한가격업소,,카페,스텔라커피,서울특별시 중랑구 신내로7가길 13,37.6023913424372,127.095139356268,, 커피 ,2000원,녹차,3000원,가성비  커피 ,2000,3000.0
P000422,착한가격업소,,식당,대흥각,서울특별시 중랑구 동일로139길 7,37.6033649457218,127.078490281355,,자장면,5000원,짬뽕,6000원,가성비 자장면,5000,6000.0
P000423,착한가격업소,,식당,용궁,서울특별시 중랑구 봉우재로5길 16,37.5906822753005,127.075669278767,02-437-2007,자장면,5000원,,,가성비 자장면,5000,
P000424,착한가격업소,,식당,짜앤짬,서울특별시 중랑구 겸재로 130,37.5869922858088,127.082103633158,,자장면,5000원,짬뽕,6000원,가성비 자장면,5000,6000.0
P000425,착한가격업소,,카페,수리야,서울특별시 중랑구 양원역로19,37.6022479074522,127.107914248589,,커피,1500원,,,가성비 커피,1500,
P000426,착한가격업소,,카페,커피나무,서울특별시 중랑구 겸재로 263,37.590663791828,127.096778327105,02-6013-1333,커피,2500원,,,가성비 커피,2500,
P000427,착한가격업소,,카페,코끼리카페,"서울특별시 중랑구 봉우재로33길 25, 102호",37.593888437183,127.087430938906,,커피,2500원,,,가성비 커피,2500,
P000428,착한가격업소,,식당,이가김밥,서울특별시 중랑구 망우로 383,37.5988433313352,127.094804633379,,된장찌개,7000원,,,가성비 된장찌개,7000,
P000429,착한가격업소,,식당,유미식당,서울특별시 중랑구 망우로 276,37.5955032652358,127.083219392463,02-6338-3814,김치찌개,7000원,된장찌개,7000원,가성비 김치찌개,7000,7000.0
P000430,착한가격업소,,식당,대성식당,서울특별시 중랑구 면목로33길 14,37.5767986761052,127.085088087063,,김치찌개,7000원,된장찌개,7000원,가성비 김치찌개,7000,7000.0
P000431,착한가격업소,,식당,성창식당,서울특별시 중랑구 면목로421,37.5896465780784,127.087051201678,02-435-3061,김치찌개,7000원,된장찌개,7000원,가성비 김치찌개,7000,7000.0
P000432,착한가격업소,,식당,신성식당,서울특별시 중랑구 겸재로 202,37.5887597897506,127.09009532147,02-437-4132,김치찌개,8000원,,,가성비 김치찌개,8000,
P000433,착한가격업소,,식당,한우리,서울특별시 중랑구 중랑천로 70,37.5914889457039,127.073221315938,,잔치국수,5000원,비빔국수,6000원,가성비 잔치국수,5000,6000.0
P000434,착한가격업소,,식당,사가정손두부,서울특별시 중랑구 면목로44길 62,37.5809076094499,127.092000044516,02-2021-7169,김치찌개,7000원,된장찌개,7000원,가성비 김치찌개,7000,7000.0
P000435,착한가격업소,,식당,성이네천원김밥,서울특별시 중랑구 중랑역로150,37.6067737700947,127.077369280232,02-976-5648,김밥,2000원,조리라면,4000원,가성비 김밥,2000,4000.0
P000436,착한가격업소,,식당,곰배령칼국수,서울특별시 중랑구 용마산로117길 54,37.6000083972237,127.097465571456,,칼국수,6000원,,,가성비 칼국수,6000,
P000437,착한가격업소,,미용,스타미용실,서울특별시 중랑구 면목로28길 7,37.5749336587329,127.085778766187,,커트,10000원,파마,25000원,가성비 커트,10000,25000.0
P000438,착한가격업소,,미용,수빈헤어아트,서울특별시 중랑구 겸재로 185,37.5886819136448,127.088106454619,02-432-7557,커트,10000원,파마,30000원,가성비 커트,10000,30000.0
P000439,착한가격업소,,식당,베이글옆케이크,"서울특별시 중랑구 면목로21길26, 102호",37.5726559823944,127.082437451734,,컵케이크,5000원,떡케이크(1호),49000원,가성비 컵케이크,5000,49000.0
P000440,착한가격업소,,카페,늘봄카페&수제샌드위치,"서울특별시 중랑구 용마산로670, 1층 A120호 (망우동, 신내역프라디움더테라스)",37.6119441454331,127.102489000658,,커피,2800원,,,가성비 커피,2800,
P000441,착한가격업소,,식당,안대복원조맛집멸치국수,서울특별시 중랑구 상봉로 33,37.5888422232808,127.093692316609,,김밥,3000원,멸치국수,4500원,가성비 김밥,3000,4500.0
P000442,착한가격업소,,식당,미례김밥,서울특별시 중랑구 상봉로 7,37.5864359367373,127.09437858522,,김밥,3000원,김치찌개,6000원,가성비 김밥,3000,6000.0
P000443,착한가격업소,,식당,행복한 한우돈,"서울특별시 중랑구 용마산로86길 9-27, 상가 101동 103호",37.5873662061942,127.096060534833,,삼겹살(200g),11000원,,,가성비 삼겹살(200g),11000,
P000444,착한가격업소,,카페,복희커피 인테리어공방,서울특별시 중랑구 상봉로1길 14,37.5862825434493,127.093869241271,,커피,2500원,,,가성비 커피,2500,
P000445,착한가격업소,,카페,사가커피,서울특별시 중랑구 면목로44길 37,37.5810770512549,127.090647821196,,커피,2000원,,,가성비 커피,2000,
P000446,착한가격업소,,미용,H헤어,서울특별시 중랑구 겸재로50길 39,37.5889141955309,127.092457020044,,미용료(파마),30000원, 미용료(커트) ,12000원,가성비 미용료(파마),30000,12000.0
P000447,착한가격업소,,카페,카페 피울,서울특별시 중랑구 용마산로129나길 42,37.60569639082,127.099036853499,,커피,2000원,,,가성비 커피,2000,
P000448,착한가격업소,,카페,담다,서울특별시 중랑구 봉화산로4길 62,37.5991534504971,127.075161711419,,커피,2500원,,,가성비 커피,2500,
P000449,착한가격업소,,식당,동춘원,서울특별시 중랑구 망우로66길 57,37.5969530405907,127.099632096546,02-434-9454,자장면,5000원,짬뽕 ,6000원,가성비 자장면,5000,6000.0
P000450,착한가격업소,,식당,현미숯불갈비,서울특별시 중랑구 면목로48길 65,37.5820722878233,127.092276699985,02-2209-5484,김치찌개,7000원,돼지갈비(200g),13000원,가성비 김치찌개,7000,13000.0
P000451,착한가격업소,,미용,이쁜외출,서울특별시 중랑구 면목로48길 36,37.5820278026407,127.090617613781,,커트,13000원,파마,35000원,가성비 커트,13000,35000.0
P000452,착한가격업소,,미용,현대미용실,서울특별시 중랑구 면목로44가길 50,37.5833423061518,127.090088565865,,커트,7000원,파마,25000원,가성비 커트,7000,25000.0
P000453,착한가격업소,,식당,케익하우스 쥬떼므,서울특별시 중랑구 망우로32길 49,37.5916125153851,127.077389475675,02-492-1148,단팥빵,500원,소보루빵,500원,가성비 단팥빵,500,500.0
P000454,착한가격업소,,식당,상하이,"서울특별시 중랑구 면목로 223, 1층",37.573187202716,127.084106720962,02-432-3240,자장면,4000원,짬뽕,5000원,가성비 자장면,4000,5000.0
P000455,착한가격업소,,식당,소문난황칠순대국왕족발,"서울특별시 중랑구 겸재로 217, 1층",37.5894446318813,127.091735641774,02-2138-0908,순대국밥,9000원,,,가성비 순대국밥,9000,
P000456,착한가격업소,,미용,영헤어,"서울특별시 중랑구 면목로27가길 17, 1층",37.5759907300629,127.083863314852,02-493-0219,미용료(커트),6000원,미용료(파마),30000원,가성비 미용료(커트),6000,30000.0
P000457,착한가격업소,,기타,애스톤네이처 24Hour 휘트니스 PT  먹골역점,서울특별시 중랑구 동일로 887 지하1층,37.6095063836351,127.077639279822,02-972-9688,헬스클럽이용료(3개월),99000원,,,가성비 헬스클럽이용료(3개월),99000,
P000458,착한가격업소,,식당,청석골잔치국수,"서울특별시 중랑구 중랑역로 152, 1층",37.6069531889359,127.076907060916,02-948-9819,칼국수,6000원,,,가성비 칼국수,6000,
P000459,착한가격업소,,미용,행운이발관,"서울특별시 중랑구 면목로 402, 1층 103호",37.5878408529758,127.08796461463,,이용료(커트),8000원,,,가성비 이용료(커트),8000,
P000460,착한가격업소,,기타,팀키스짐 헬스&PT 먹골역점,"서울특별시 중랑구 동일로 937, 4층",37.6140034339301,127.076482000011,02-975-8896,헬스클럽이용료(3개월),90000원,,,가성비 헬스클럽이용료(3개월),90000,
P000461,착한가격업소,,식당,황태식당,"서울특별시 중랑구 봉화산로30길 37, 1층",37.6006041717225,127.08531325063,,백반,7000원,,,가성비 백반,7000,
P000462,착한가격업소,,식당,원삼집,서울특별시 성북구 보문로30라길 15,37.5897324891965,127.018879971055,02-928-3343,삼겹살(180g),16000원,목살(180g),17000원,가성비 삼겹살(180g),16000,17000.0
P000463,착한가격업소,,식당,미락(우성),서울특별시 성북구 화랑로25길 13,37.609191796,127.052179630207,02-915-3334,"돼지갈비(200g),국내산",8000원," 삼겹살(200g),국내산 ",9000원,"가성비 돼지갈비(200g),국내산",8000,9000.0
P000464,착한가격업소,,식당,서울숯불갈비,서울특별시 성북구 정릉로29길 8,37.603819766061,127.015759396821,02-912-1902,돼지갈비(250g),15000원, 냉면 ,8000원,가성비 돼지갈비(250g),15000,8000.0
P000465,착한가격업소,,식당,정릉갈비,서울특별시 성북구 정릉로38길 8,37.6018831159061,127.018652816859,02-916-9466,돼지갈비(250g),15000원, 냉면 ,4000원,가성비 돼지갈비(250g),15000,4000.0
P000466,착한가격업소,,식당,홍두깨손칼국수,서울특별시 성북구 보문로40길 5,37.5917381701651,127.013802528612,02-953-5595,칼국수,5000원, 수제비 ,5000원,가성비 칼국수,5000,5000.0
P000467,착한가격업소,,미용,지앤미미용실,서울특별시 성북구 화랑로19길 81,37.6098187523434,127.051247634173,02-941-0980,파마,30000원, 커트 ,10000원,가성비 파마,30000,10000.0
P000468,착한가격업소,,미용,5080실버미용실,서울특별시 성북구 돌곶이로 141,37.6145493388188,127.052602559408,02-942-9234,미용료(커트),10000원, 미용료(파마) ,30000원,가성비 미용료(커트),10000,30000.0
P000469,착한가격업소,,식당,밀밭손칼국수,서울특별시 성북구 보문로 156-3,37.588841121152,127.017218298384,02-953-8894,육개장,8000원,떡국,8000원,가성비 육개장,8000,8000.0
P000470,착한가격업소,,식당,오늘김밥,"서울특별시 성북구 보문로 157-1, 1층",37.5885958416272,127.016796710682,02-925-8558,된장찌개,6000원, 김치찌개 ,6000원,가성비 된장찌개,6000,6000.0
P000471,착한가격업소,,세탁&목욕,Shville세탁,서울특별시 성북구 한천로101길 36 장월상가 203호,37.6225368642775,127.048835224172,02-941-8423,와이셔츠,2500원,정장,8000원,가성비 와이셔츠,2500,8000.0
P000472,착한가격업소,,식당,명가추어탕보리밥,서울특별시 성북구 오패산로 6-9,37.6034119860624,127.037912828864,02-916-4443,추어탕,8000원, 보리밥 ,7000원,가성비 추어탕,8000,7000.0
P000473,착한가격업소,,식당,청년밥상 문간,"서울특별시 성북구 보국문로11길 18-2, 2층",37.6088609651749,127.009098506123,02-743-6031,김치찌개,3000원, 사리 ,1000원,가성비 김치찌개,3000,1000.0
P000474,착한가격업소,,식당,마포숯불갈비,서울특별시 성북구 보문로40길 1,37.5917080080813,127.013620452025,02-925-1964,돼지갈비(300g),16000원, 김치찌개 ,7000원,가성비 돼지갈비(300g),16000,7000.0
P000475,착한가격업소,,식당,원준식당,서울특별시 성북구 장위로38길 67,37.6103703002617,127.051541007242,02-915-0820,물냉면,6500원, 비빔냉면 ,6500원,가성비 물냉면,6500,6500.0
P000476,착한가격업소,,식당,도이칠란드 박,"서울특별시 성북구 솔샘로6길 30-15, 1층",37.6087975899807,127.00697577593,0507-1335-4532,잠봉뵈르샌드위치,8900원, 잠봉프로마쥬샌드위치 ,8900원,가성비 잠봉뵈르샌드위치,8900,8900.0
P000477,착한가격업소,,식당,경성고기꾼 성신여대점,"서울특별시 성북구 동소문로20길 28-10, 1층 (동소문동5가)",37.5913846777274,127.016191455716,070-4048-0335,소고기 등심(150g) ,17000원, 갈비살(150g) ,19000원,가성비 소고기 등심(150g) ,17000,19000.0
P000478,착한가격업소,,식당,이모네식당,서울특별시 성북구 안암로 73-3,37.5830526568282,127.028922504119,,제육볶음 ,8000원," 김치찌개, 된장찌개 ",7000원,가성비 제육볶음 ,8000,7000.0
P000479,착한가격업소,,식당,동네,"서울특별시 성북구 개운사길 22-5, 지하",37.5874944782335,127.029586004467,,"김치찌개, 된장찌개, 순두부찌개",6500원, 제육볶음 ,7000원,"가성비 김치찌개, 된장찌개, 순두부찌개",6500,7000.0
P000480,착한가격업소,,식당,옛날중국집,서울특별시 성북구 성북로8길 8 (성북동),37.5908227672503,127.004375540476,02-764-0094,짜장면,6000원, 짬뽕 ,7000원,가성비 짜장면,6000,7000.0
P000481,착한가격업소,,식당,아리랑 수미감자탕,"서울특별시 성북구 아리랑로54, 1층 (동선동5가)",37.5975515072035,127.014883204875,0507-1386-9255,뼈해장국,10000원, 감자탕 소 ,30000원,가성비 뼈해장국,10000,30000.0
P000482,착한가격업소,,식당,착한짬뽕더착한탕수육,"서울특별시 성북구 월곡로18길 4, 2층 (하월곡동)",37.6015594134125,127.041785824223,02-6015-3559,짜장면,4500원, 짬뽕 ,6000원,가성비 짜장면,4500,6000.0
P000483,착한가격업소,,식당,독일베이커리,서울특별시 성북구 삼양로 50,37.6075962650864,127.023820814466,,단팥빵,700원, 소보루빵 ,700원,가성비 단팥빵,700,700.0
P000484,착한가격업소,,식당,옐로치킨7&바로돈까스,서울특별시 성북구 아리랑로19길 48 (정릉동),37.6025403837257,127.010728685897,02-913-2360,수제돈까스,7000원, 수제생선까스 ,8000원,가성비 수제돈까스,7000,8000.0
P000485,착한가격업소,,식당,원도넛,"서울특별시 성북구 돌곶이로 29, 1층 (석관동)",37.6069166923795,127.060864753875,02-6951-0707,글레이즈,1400원, 초코링 ,1500원,가성비 글레이즈,1400,1500.0
P000486,착한가격업소,,미용,아프리카헤어,"서울특별시 성북구 안암로 77 (안암로5가, 2층)",37.5831935616358,127.029690837958,02-953-7779,커트,15000원, 파마 ,33000원,가성비 커트,15000,33000.0
P000487,착한가격업소,,미용,나경미용실,서울특별시 성북구 종암로18길 6 (종암동),37.598703821681,127.035123405442,,커트,10000원, 염색 ,20000원,가성비 커트,10000,20000.0
P000488,착한가격업소,,식당,가나다라생고기,"서울특별시 성북구 성북로4길 52, 스포츠센타동 5103호 (돈암동, 한신한진아파트)",37.5944725333435,127.012706037821,02-927-3392,삼겹살(180g),16000원,,,가성비 삼겹살(180g),16000,
P000489,착한가격업소,,식당,홍두깨손칼국수,"서울특별시 성북구 오패산로3길 119, 1층",37.6082952151991,127.033286075492,02-942-1235,칼국수,6000원,,,가성비 칼국수,6000,
P000490,착한가격업소,,기타,올리브짐,"서울특별시 성북구 동소문로 118, 플라망스타워 지하2층 (동선동1가)",37.5933260265911,127.018175678094,02-953-7180,헬스 1개월,70000원,헬스10개월,250000원,가성비 헬스 1개월,70000,250000.0
P000491,착한가격업소,,기타,로데오당구장,"서울특별시 성북구 보문로38길 53, 지하1층 (동소문동5가)",37.5906528175464,127.016724481439,,당구 10분(10:00~17:00),1100원,당구 10분(17:00~3:30),1500원,가성비 당구 10분(10:00~17:00),1100,1500.0
P000492,착한가격업소,,미용,메타헤어,서울특별시 성북구 성북로4길 52 한진한신아파트 상가 스카이프라자 동관 8층 802호,37.5944725333435,127.012706037821,0507-1438-3734,남성컷,15000원,남성다운펌,20000원,가성비 남성컷,15000,20000.0
P000493,착한가격업소,,식당,언니네김밥,서울특별시 성북구 보국문로11길 23,37.6085636634168,127.008771279702,02-6402-2727,언니김밥,3500원,,,가성비 언니김밥,3500,
P000494,착한가격업소,,기타,윤군스튜디오,서울특별시 성북구 성북로4길 52 한신한진아파트 상가 스카이프라자 동관 809호,37.5944725333435,127.012706037821,0507-1309-9660,증명사진,25000원,여권사진,25000원,가성비 증명사진,25000,25000.0
P000495,착한가격업소,,식당,대중식당,서울특별시 성북구 정릉로29길 23 (정릉동) 1층,37.6043083424636,127.015307190016,02-943-4840,백반,8000원,,,가성비 백반,8000,
P000496,착한가격업소,,식당,산마을,서울특별시 성북구 솔샘로6길 36-15 (정릉동) 지1층 제비03호,37.608750716655,127.007336485784,02-911-0456,비빔밥,7000원,순두부찌개,9000원,가성비 비빔밥,7000,9000.0
P000497,착한가격업소,,식당,돈암돈집,서울특별시 성북구 동소문로20다길 15 (동선동1가) 1층,37.5918951739591,127.017495506034,02-6013-9924,숙성삼겹,12000원,항정살,12000원,가성비 숙성삼겹,12000,12000.0
P000498,착한가격업소,,식당,고향산천,서울특별시 성북구 보국문로 154 (정릉동) 1층,37.6166989431456,127.00420602448,02-909-2068,비빔국수,6000원,김치찌개,8000원,가성비 비빔국수,6000,8000.0
P000499,착한가격업소,,식당,돈암동찌개,서울특별시 성북구 동소문로20나길 34 (동선동1가) 1층,37.5924400358491,127.018468160495,02-924-9687,김치찌개2인분,16000원,동태찌개2인분,16000원,가성비 김치찌개2인분,16000,16000.0
P000500,착한가격업소,,식당,레드컵스떡볶이&컵닭,서울특별시 성북구 고려대로24길 61 (안암동5가) 1층,37.5834937035041,127.029607290684,02-922-9918,떡볶이,4500원,닭강정(L),4000원,가성비 떡볶이,4500,4000.0
P000501,착한가격업소,,식당,성신냉삼겹,서울특별시 성북구 동소문로20가길 14 (동선동1가) 1층,37.5923495711843,127.017312747224,02-6449-5721,냉동삼겹살(150g),12000원,,,가성비 냉동삼겹살(150g),12000,
P000502,착한가격업소,,미용,오지선미용실,"서울특별시 성북구 돌곶이로37길 23 (장위동, 장미원2차빌라) 1층상가1호",37.6164167100005,127.047547467897,,남성컷,10000원,펌,30000원,가성비 남성컷,10000,30000.0
P000503,착한가격업소,,카페,카페플라워,"서울특별시 성북구 성북로4길 52 (돈암동, 한신한진아파트) 104호",37.5944725333435,127.012706037821,,아메리카노,1500원,,,가성비 아메리카노,1500,
P000504,착한가격업소,,식당,통닭마을,서울특별시 성북구 오패산로 71 (하월곡동) 1층,37.608397067392,127.035914169148,02-942-9249,통큰통닭,10900원,순살치킨,12900원,가성비 통큰통닭,10900,12900.0
P000505,착한가격업소,,미용,호수헤어,서울특별시 성북구 지봉로 171 (보문동2가) 1층,37.584927475799,127.017843945184,02-927-0709,커트,10000원,펌,30000원,가성비 커트,10000,30000.0
P000506,착한가격업소,,미용,까까머리,서울특별시 성북구 종암로 98-4 (종암동) 1층,37.5989683328863,127.034886180334,02-918-9561,커트,11000원,파마,35000원,가성비 커트,11000,35000.0
P000507,착한가격업소,,식당,유정식당,서울특별시 성북구 북악산로29길 21 (종암동) 1층,37.5932945917042,127.034642350327,02-928-6256,뚝배기불고기,8000원,부대찌개 김치찌개,8000원,가성비 뚝배기불고기,8000,8000.0
P000508,착한가격업소,,미용,혜인이네미용실,서울특별시 성북구 종암로36나길 12 (하월곡동) 1층,37.6065634884555,127.034004559337,02-6207-1717,커트,10000원,뿌리염색,30000원,가성비 커트,10000,30000.0
P000509,착한가격업소,,기타,더블와이짐 PT & 헬스(지핏),서울특별시 성북구 보문로34길 35 3층 더블와이짐,37.5906892281302,127.017277149111,0507-1340-1051,1:1 PT 1회,33000원,,,가성비 1:1 PT 1회,33000,
P000510,착한가격업소,,식당,온달왕돈까스치킨호프,서울특별시 성북구 동소문로20가길 38,37.5930223660865,127.018345336364,02-923-6557,왕돈까스,7500원,돈까스 곱빼기,9000원,가성비 왕돈까스,7500,9000.0
P000511,착한가격업소,,식당,소풍가는날 ,서울특별시 성북구 보국문로11길 8 (정릉동) 1층,37.6085698233723,127.009505731328,,제육볶음,100000원,콩국수,9000원,가성비 제육볶음,100000,9000.0
P000512,착한가격업소,,미용,권정숙헤어,"서울특별시 성북구 성북로4길 52 (돈암동, 한신한진아파트) 417동1512호",37.5944725333435,127.012706037821,02-745-0104,남성커트,10000원,,,가성비 남성커트,10000,
P000513,착한가격업소,,식당,또래끼리,서울특별시 성북구 개운사길 22-5 1층,37.5874944782335,127.029586004467,0507-1424-6694,김치볶음밥,7500원,순두부찌개,6500원,가성비 김치볶음밥,7500,6500.0
P000514,착한가격업소,,식당,월곡동할매떡볶이,서울특별시 성북구 오패산로19길 46 (하월곡동) 1층,37.6092464717476,127.033314813127,070-7537-1454,떡볶이,3000원,김밥 및 계란,500원,가성비 떡볶이,3000,500.0
P000515,착한가격업소,,식당,홍칼국수,서울특별시 성북구 아리랑로 33 (동소문동7가) 1층,37.595735653013,127.015552964069,02-923-9402,칼국수,5000원,칼짜장면,6000원,가성비 칼국수,5000,6000.0
P000516,착한가격업소,,세탁&목욕,서림탕,서울특별시 성북구 보국문로 151,37.6163243053051,127.004395496662,02-914-3852,목욕비(성인),7500원,목욕비(소인),5000원,가성비 목욕비(성인),7500,5000.0
P000517,착한가격업소,,미용,세이프존미용실,"서울특별시 성북구 돌곶이로8길 9-2, 1층",37.6070351913945,127.062039721058,02-965-2522,남성커트,11000원,여성커트,13000원,가성비 남성커트,11000,13000.0
P000518,착한가격업소,,식당,정이든김밥 ,"서울특별시 성북구 보국문로 19-8, 1층",37.6064275479143,127.010478960457,02-909-3382,땡초김밥,4000원,계란김밥,4500원,가성비 땡초김밥,4000,4500.0
P000519,착한가격업소,,세탁&목욕,부흥세탁소 ,서울특별시 성북구 장위로16길 5,37.6139456538381,127.041597943459,02-918-8260,운동화 ,5000원,침구류 ,10000원,가성비 운동화 ,5000,10000.0
P000520,착한가격업소,,식당,무한리필,서울특별시 성북구 보국문로11가길 1,37.6087857182045,127.009282761424,02-9163-7748,고기 무한리필,16500원,,,가성비 고기 무한리필,16500,
P000521,착한가격업소,,식당,한선생부엌,서울특별시 성북구 돌곶이로18길 3-3,37.6092763135266,127.059232069332,02-960-7306,한식반찬(150g),3000원,"사골곰국, 소고기미역국 1.4kg",10000원,가성비 한식반찬(150g),3000,10000.0
P000522,착한가격업소,,식당,꾸이꾸이 멱살 ,서울특별시 성북구 동소문로22길 25-5,37.5919446127056,127.018260150357,02-928-7999,멱살(120g),9900원,,,가성비 멱살(120g),9900,
P000523,착한가격업소,,식당,웅이네손칼국수,서울특별시 성북구 돌곶이로27길 42,37.6113636801766,127.053278051584,02-943-0378,칼국수 ,7000원,,,가성비 칼국수 ,7000,
P000524,착한가격업소,,미용,쉼터미용실,서울특별시 성북구 북악산로29길 67,37.5949156452425,127.033429695895,,커트,10000원,염색,25000원,가성비 커트,10000,25000.0
P000525,착한가격업소,,식당,낙지사랑,"서울특별시 성북구 종암로 129, 2층",37.6014264034926,127.032727558227,02-986-6868,낙지덮밥,9000원,,,가성비 낙지덮밥,9000,
P000526,착한가격업소,,식당,종점,"서울특별시 성북구 고려대로7길 84, 1층",37.5891443390927,127.018768636169,,삼치회,28000원,,,가성비 삼치회,28000,
P000527,착한가격업소,,미용,필래뽀끌래,서울특별시 성북구 오패산로10길 50,37.6046806729375,127.039010618381,,경로우대커트 ,10000원,,,가성비 경로우대커트 ,10000,
P000528,착한가격업소,,식당,이자카야준,서울특별시 성북구 장월로 96,37.6143396081014,127.048781952929,02-917-3452,회덮밥 ,8000원,,,가성비 회덮밥 ,8000,
P000529,착한가격업소,,미용,럭키미용실,서울특별시 강북구 오패산로 273,37.6257488946126,127.029538289863,02-986-2530,커트,7000원,파마,20000원,가성비 커트,7000,20000.0
P000530,착한가격업소,,미용,머리하는집,서울특별시 강북구 오현로9길 132,37.62242295372,127.0327510333,02-985-0234,커트,8000원,파마,25000원,가성비 커트,8000,25000.0
P000531,착한가격업소,,미용,별미용실,서울특별시 강북구 삼양로41길 17,37.6218363410093,127.019135590462,02-983-0650,커트,7000원,파마,25000원,가성비 커트,7000,25000.0
P000532,착한가격업소,,미용,주헤어필,서울특별시 강북구 한천로144길 53,37.6430854280736,127.027119494487,02-905-1588,커트,6000원,파마,15000원,가성비 커트,6000,15000.0
P000533,착한가격업소,,세탁&목욕,백양세탁소,서울특별시 강북구 인수봉로 251-1,37.6411378755368,127.010739559379,02-997-9390,양복세탁료,7000원,의복수선료,3000원,가성비 양복세탁료,7000,3000.0
P000534,착한가격업소,,식당,만미정 식당,서울특별시 강북구 솔매로43길 96,37.629930418149,127.022840651737,02-983-8884,김치찌개백반,7000원,제육덮밥  ,8000원,가성비 김치찌개백반,7000,8000.0
P000535,착한가격업소,,식당,박가네생고기전문점,서울특별시 강북구 덕릉로28길 63,37.6319258777596,127.024843649663,02-982-2929,소고기비빔밥,9000원,청국장,8000원,가성비 소고기비빔밥,9000,8000.0
P000536,착한가격업소,,식당,지우정,서울특별시 강북구 삼각산로 130,37.6408273105342,127.01865915039,02-900-9333,한우등심(200g),23000원,돼지한마리A(200g),11000원,가성비 한우등심(200g),23000,11000.0
P000537,착한가격업소,,세탁&목욕,아쿠아산소사우나,서울특별시 강북구 한천로 1131,37.6454358502605,127.018624497272,02-991-6388,목욕료,10000원,,,가성비 목욕료,10000,
P000538,착한가격업소,,카페,카페스타,"서울특별시 강북구 삼각산로 71, 1층",37.6401225859536,127.012279522984,,원두커피,2500원,유기농캐모마일,3000원,가성비 원두커피,2500,3000.0
P000539,착한가격업소,,미용,착한이발,"서울특별시 강북구 도봉로 371, 지층",37.6404579904869,127.027836761941,,커트,8000원,염색,8000원,가성비 커트,8000,8000.0
P000540,착한가격업소,,식당,음밥협동조합,"서울특별시 강북구 솔매로50길 78, 1층 (미아동)",37.6230889892574,127.02810939564,02-992-2048,오늘의메뉴,8000원,,,가성비 오늘의메뉴,8000,
P000541,착한가격업소,,미용,송미용실,"서울특별시 강북구 인수봉로78길 13, 1층 (수유동)",37.6446109094185,127.011587606952,02-905-2225,커트,5000원,파마,30000원,가성비 커트,5000,30000.0
P000542,착한가격업소,,미용,현정헤어샵,"서울특별시 강북구 삼양로87길 24, 1층 (수유동)",37.6356182388523,127.01641698907,02-998-7775,커트,8000원,파마,25000원,가성비 커트,8000,25000.0
P000543,착한가격업소,,식당,번동식당,서울특별시 강북구 덕릉로40길 11 (번동),37.634609946891,127.030469782574,,한식뷔페,5000원,,,가성비 한식뷔페,5000,
P000544,착한가격업소,,미용,미주이발소,서울특별시 강북구 인수봉로79길 32,37.6443112656519,127.009284687729,,커트,7000원,염색,15000원,가성비 커트,7000,15000.0
P000545,착한가격업소,,식당,매일만나,"서울특별시 강북구 삼양로117길 58, 1층 101호",37.6443481870209,127.013255914596,,칼국수,8000원,,,가성비 칼국수,8000,
P000546,착한가격업소,,미용,다온헤어,서울특별시 강북구 노해로33길 34,37.6465426179772,127.02274024482,,커트,12000원,파마,35000원,가성비 커트,12000,35000.0
P000547,착한가격업소,,식당,엄마손맛 꼬리곰탕,"서울특별시 강북구 도봉로95길 57, 1층 (수유동)",37.6426014723124,127.026085406377,,꼬리곰탕,12000원,고기국수,6000원,가성비 꼬리곰탕,12000,6000.0
P000548,착한가격업소,,식당,해물칼국수수제비,"서울특별시 강북구 수유로 24, 1층 (수유동)",37.6329629838059,127.019144107744,,칼국수,6000원,수제비,6000원,가성비 칼국수,6000,6000.0
P000549,착한가격업소,,식당,못잊저,"서울특별시 강북구 솔매로 106, 1층 (미아동)",37.6255733003499,127.0239358649,,생삼겹살,12000원,,,가성비 생삼겹살,12000,
P000550,착한가격업소,,식당,빵과함께,"서울특별시 강북구 인수봉로77길 15, 1층 (수유동)",37.6443268024794,127.009901992013,,단팥빵,700원,슈크림빵,700원,가성비 단팥빵,700,700.0
P000551,착한가격업소,,식당,은미네맛집,서울특별시 강북구 삼양로173길 31,37.6626194695846,127.010741973394,,감자탕小,30000원,감자탕中,35000원,가성비 감자탕小,30000,35000.0
P000552,착한가격업소,,기타,에브리피티,"서울특별시 강북구 오패산로 411, 지층 전체 (번동)",37.6372594553038,127.026439292291,,그룹PT 1개월,270000원,그룹PT 3개월,720000원,가성비 그룹PT 1개월,270000,720000.0
P000553,착한가격업소,,미용,수경머리방,서울특별시 강북구 도봉로49길 50,37.6246955168485,127.023697585812,,커트,7000원,파마,20000원,가성비 커트,7000,20000.0
P000554,착한가격업소,,미용,착한가격머리방,"서울특별시 강북구 삼양로27길 43, 101호",37.6185504851986,127.018847158476,,커트,6000원,파마,20000원,가성비 커트,6000,20000.0
P000555,착한가격업소,,미용,극동머리방,서울특별시 강북구 인수봉로72가길 7,37.6431732274869,127.01313197531,,커트,5000원,파마,18000원,가성비 커트,5000,18000.0
P000556,착한가격업소,,식당,돼지네삼겹살,서울특별시 강북구 솔샘로50길 13,37.6191391947443,127.019378542587,,삼겹살(수입산)180g,10900원,,,가성비 삼겹살(수입산)180g,10900,
P000557,착한가격업소,,식당,주대국초밥집,서울특별시 강북구 솔샘로48길 4,37.6197461663512,127.01840219298,,모듬초밥,13500원,,,가성비 모듬초밥,13500,
P000558,착한가격업소,,식당,대중집,"서울특별시 강북구 도봉로 259, 1층 14호",37.6314386690103,127.02375274585,,순대국,9000원,,,가성비 순대국,9000,
P000559,착한가격업소,,미용,세븐미용실,서울특별시 강북구 삼양로38길 13 1층,37.6211552443025,127.021464419757,,커트,5000원,파마,15000원,가성비 커트,5000,15000.0
P000560,착한가격업소,,식당,다온한식,"서울특별시 강북구 솔매로 84, 지하1층",37.6249875656425,127.021618108086,,한식뷔페,7500원,,,가성비 한식뷔페,7500,
P000561,착한가격업소,,미용,에스더미용실,"서울특별시 강북구 인수봉로42길 18, 102호",37.6323857468211,127.014555264198,,커트,12000원,파마,35000원,가성비 커트,12000,35000.0
P000562,착한가격업소,,식당,방가네해물짬뽕,"서울특별시 강북구 오패산로 135, 1층",37.6139122067948,127.033760541339,,짜장면,5000원,,,가성비 짜장면,5000,
P000563,착한가격업소,,미용,봄날헤어,"서울특별시 강북구 삼각산로 142-1, 1층",37.6409828599216,127.020065732575,,남자커트,8000원,,,가성비 남자커트,8000,
P000564,착한가격업소,,미용,아이시떼루 헤어클럽,서울특별시 강북구 삼양로163나길 2,37.6587561506037,127.012568409557,,커트,10000원,염색,25000원,가성비 커트,10000,25000.0
P000565,착한가격업소,,식당,우리농장,서울특별시 강북구 월계로7나길 42-1,37.6130228666281,127.031718957662,02-917-3033,돼지양념구이(250g),12900원,한돈삼겹살(170g),12900원,가성비 돼지양념구이(250g),12900,12900.0
P000566,착한가격업소,,식당,금복이네,서울특별시 강북구 인수봉로 195,37.6371661318461,127.012772445685,,백반,7000원,,,가성비 백반,7000,
P000567,착한가격업소,,식당,시골짚,서울특별시 도봉구 도봉로152길 35 (도봉동),37.6694780050318,127.045738742729,02-954-5243,김치찌개,8000원," 생삼겹살(국내산) ,200g) ",16000원,가성비 김치찌개,8000,16000.0
P000568,착한가격업소,,식당,김밥타운,서울특별시 도봉구 도당로15길 3 (방학동),37.6657622273039,127.036859170423,02-956-2001,김밥,2500원, 된장찌개 ,6000원,가성비 김밥,2500,6000.0
P000569,착한가격업소,,식당,미락칼국수,서울특별시 도봉구 도봉로110길 68 (창동),37.6461159676582,127.037374768708,02-908-7017,칼국수,7000원, 김치찌개 ,7000원,가성비 칼국수,7000,7000.0
P000570,착한가격업소,,미용,마르떼헤어,서울특별시 도봉구 도봉로113길 38 (쌍문동),37.6485613480828,127.032101770911,02-990-6965, 여성커트 ,10000원, 파마 ,25000원,가성비  여성커트 ,10000,25000.0
P000571,착한가격업소,,미용,축복미용실,서울특별시 도봉구 해등로 144 (창동),37.6565361888225,127.040401505436,02-906-9692,파마,20000원, 커트 ,8000원,가성비 파마,20000,8000.0
P000572,착한가격업소,,식당,명동분식,서울특별시 도봉구 도당로13가길 6 (방학동),37.6654827924061,127.035821742602,02-3493-6553,깁밥,2500원,떡만둣국,5000원,가성비 깁밥,2500,5000.0
P000573,착한가격업소,,식당,남원추어탕,서울특별시 도봉구 해등로 83 (창동),37.6510272412012,127.041383482955,02-902-0056,추어탕,7000원, 추어탕(경로우대) ,6000원,가성비 추어탕,7000,6000.0
P000574,착한가격업소,,식당,홍두깨손칼국수,서울특별시 도봉구 도당로13가길 13 (방학동),37.6658741919658,127.036072980597,02-375-2727,옛날손칼국수,6000원, 손수제비 ,6000원,가성비 옛날손칼국수,6000,6000.0
P000575,착한가격업소,,미용,백조미용실,서울특별시 도봉구 도봉로160길 17 (도봉동),37.6742703851208,127.045560998656,,파마,20000원, 커트 ,7000원,가성비 파마,20000,7000.0
P000576,착한가격업소,,식당,보배네능이백숙,서울특별시 도봉구 시루봉로 295-1 (도봉동),37.6714066033992,127.041967324305,02-954-6300,닭볶음탕,38000원,,,가성비 닭볶음탕,38000,
P000577,착한가격업소,,식당,온누리식당,서울특별시 도봉구 도봉로159길 11-16 (도봉동),37.6739831024256,127.043057192214,02-955-6652,칼국수,5000원,,,가성비 칼국수,5000,
P000578,착한가격업소,,식당,홍두깨손칼국수,서울특별시 도봉구 도봉산4가길 14 (도봉동),37.688212879641,127.041306520991,02-3494-0282,칼국수,4500원,,,가성비 칼국수,4500,
P000579,착한가격업소,,식당,화원,서울특별시 도봉구 덕릉로60길 57 (창동),37.6377454995921,127.040798521675,02-998-8888,자장면,5000원, 탕수육 ,8000원,가성비 자장면,5000,8000.0
P000580,착한가격업소,,미용,언니네헤어샵,서울특별시 도봉구 시루봉로 299 (도봉동),37.6713813243227,127.042363805509,,커트,12000원,파마,30000원,가성비 커트,12000,30000.0
P000581,착한가격업소,,식당,호돈구이,"서울특별시 도봉구 방학로2길 32, 1층 (방학동)",37.664389730375,127.041050884744,,삼겹살,12000원,,,가성비 삼겹살,12000,
P000582,착한가격업소,,식당,짱구네,"서울특별시 도봉구 시루봉로 148, 1층 (방학동)",37.6637242748473,127.028488298603,02-3491-4366,냉면,6000원, 돈가스 ,7000원,가성비 냉면,6000,7000.0
P000583,착한가격업소,,카페,브레쉬에비뉴,"서울특별시 도봉구 방학로 216, 1층 (방학동)",37.6620434153884,127.028066503436,02-955-3799,아메리카노,3000원,,,가성비 아메리카노,3000,
P000584,착한가격업소,,식당,박리김밥,서울특별시 도봉구 덕릉로57길 22 (창동),37.6396869947247,127.037375060198,02-907-7002,김밥,2500원, 된장찌개 ,7000원,가성비 김밥,2500,7000.0
P000585,착한가격업소,,식당,짜장마을,서울특별시 도봉구 마들로657 (방학동),37.6683298607216,127.045337365161,,자장면,5000원, 짬뽕 ,6000원,가성비 자장면,5000,6000.0
P000586,착한가격업소,,미용,엄지헤어,서울특별시 도봉구 우이천로4다길 13 (창동),37.634491387427,127.040867210782,02-902-4697,커트,10000원, 커트(경로우대) ,7000원,가성비 커트,10000,7000.0
P000587,착한가격업소,,미용,머리깎자,서울특별시 도봉구 해등로243 (방학동),37.6576268981974,127.029523602361,,커트,6000원,,,가성비 커트,6000,
P000588,착한가격업소,,미용,착한이발관,서울특별시 도봉구 도당로27길 48 (방학동),37.6694936890142,127.041067864224,,커트,6000원, 염색 ,7000원,가성비 커트,6000,7000.0
P000589,착한가격업소,,식당,멸치국수,서울특별시 도봉구 해등로16길 12,37.6562348415638,127.040572917949,02-994-8233,김밥,3000원, 냉면 ,6000원,가성비 김밥,3000,6000.0
P000590,착한가격업소,,식당,김가네국수집,서울특별시 도봉구 도봉로153길 51,37.6698653658525,127.0404813856,02-955-1357,칼국수,5500원,,,가성비 칼국수,5500,
P000591,착한가격업소,,미용,도깨비머리방,서울특별시 도봉구 방학로 6가길 76,37.6659396262151,127.040182640253,02-3494-4724,커트,6000원, 파마 ,20000원,가성비 커트,6000,20000.0
P000592,착한가격업소,,미용,이지헤어,"서울특별시 도봉구 도봉로130길 31, 101호",37.6542767410144,127.040297497099,,커트,8000원," 파마,염색 ",30000원,가성비 커트,8000,30000.0
P000593,착한가격업소,,식당,착한부대찌개,"서울특별시 도봉구 도봉로109길46, 2층좌측 (쌍문동)",37.6471138049261,127.030837375844,02-902-0191,착한부대찌개,6000원,떡만두국,5500원,가성비 착한부대찌개,6000,5500.0
P000594,착한가격업소,,미용,박연헤어,"서울특별시 도봉구 도봉로136길111, 103호 (창동, 창동2차현대아파트상가)",37.6616434568955,127.046380281378,02-900-0838,커트,8000원, 파마 ,30000원,가성비 커트,8000,30000.0
P000595,착한가격업소,,미용,블루커트,"서울특별시 도봉구 해등로255, 101동131호 (쌍문동, 에벤에셀아파트상가)",37.6573748589473,127.028191786525,02-998-6923,커트,7000원, 염색 ,9000원,가성비 커트,7000,9000.0
P000596,착한가격업소,,기타,원포토라인,서울특별시 도봉구 도당로13길50 (방학동),37.6667446350337,127.034240206205,02-955-3795,사진촬영료,8000원, 사진인화료 ,350원,가성비 사진촬영료,8000,350.0
P000597,착한가격업소,,미용,버들미용실,서울특별시 도봉구 도당로13길49 (방학동),37.6665376364643,127.034078712363,,파마,20000원, 커트 ,6000원,가성비 파마,20000,6000.0
P000598,착한가격업소,,식당,다온,서울특별시 도봉구 도당로13길34-21 (방학동),37.666885045002,127.035635514997,, 비빔밥 ,7000원, 김치찌개 ,7000원,가성비  비빔밥 ,7000,7000.0
P000599,착한가격업소,,식당,북부식당,서울특별시 도봉구 도봉로152가길 102 (도봉동),37.6740728644657,127.044924059183,, 소고기우거지국밥 ,8000원,떡국,7000원,가성비  소고기우거지국밥 ,8000,7000.0
P000600,착한가격업소,,식당,향원,서울특별시 도봉구 덕릉로59길 62 (창동),37.6416824927055,127.03652027445,,짜장면,2000원,짬뽕,4000원,가성비 짜장면,2000,4000.0
P000601,착한가격업소,,카페,폼폼커피베이비,서울특별시 도봉구 도봉로164길 8 (도봉동),37.6759199415979,127.045213437341,, 아메리카노 ,2000원, 카페모카 ,3500원,가성비  아메리카노 ,2000,3500.0
P000602,착한가격업소,,미용,소나무 미용실,서울특별시 도봉구 도봉로153길56 103호,37.6700420245455,127.040286864508,02-954-7526, 여성펌 ,30000원, 여성컷트 ,10000원,가성비  여성펌 ,30000,10000.0
P000603,착한가격업소,,미용,이레헤어,서울특별시 도봉구 덕릉로59길 60 (창동),37.6416407455595,127.036622114294,, 커트 ,12000원, 파마 ,35000원,가성비  커트 ,12000,35000.0
P000604,착한가격업소,,식당,할머니토스트,서울특별시 도봉구 덕릉로60다길 15 (창동),37.6381550558192,127.039836159978,, 할머니토스트 ,2500원, 햄추가토스트 ,3000원,가성비  할머니토스트 ,2500,3000.0
P000605,착한가격업소,,식당,힘찬장어,서울특별시 도봉구 노해로69길 15-9 (창동),37.6529050124665,127.05033734448,, 가정식백반 ,7000원,,,가성비  가정식백반 ,7000,
P000606,착한가격업소,,미용,세나미용실,서울특별시 도봉구 덕릉로57길 22 (창동),37.6396869947247,127.037375060198,, 커트 ,5000원, 파마 ,15000원,가성비  커트 ,5000,15000.0
P000607,착한가격업소,,식당,신라삼계탕,서울특별시 도봉구 도봉산4가길 13-5 (도봉동),37.6879019360422,127.041609284722,02-954-8441,삼계탕,16000원,생삼겹살,17000원,가성비 삼계탕,16000,17000.0
P000608,착한가격업소,,카페,커피집,서울특별시 도봉구 해등로 268 (방학동),37.657835916108,127.026929253695,070-8182-9208,커피,3000원,허니브레드,3000원,가성비 커피,3000,3000.0
P000609,착한가격업소,,미용,뷰티헤어,서울특별시 도봉구 도봉로 123길 14,37.6528325592808,127.036114605764,,커트(일반),10000원,커트(경로우대),5000원,가성비 커트(일반),10000,5000.0
P000610,착한가격업소,,미용,홍 미용실,"서울특별시 도봉구 도봉로121길 8, 1층 (쌍문동)",37.6520018861048,127.036006889707,02-993-3358,커트,10000원,파마,30000원,가성비 커트,10000,30000.0
P000611,착한가격업소,,미용,써니헤어,"서울특별시 도봉구 도봉로 150길 8, 2층 201호 (방학동)",37.6656989895718,127.043687566753,02-6085-8585,커트,10000원,남성커트+뿌리염색,20000원,가성비 커트,10000,20000.0
P000612,착한가격업소,,미용,미용실 시현,"서울특별시 도봉구 덕릉로 60바길14, 101호 (창동)",37.638456534687,127.041122039638,,커트,10000원,파마,35000원,가성비 커트,10000,35000.0
P000613,착한가격업소,,식당,갈비데이,서울특별시 도봉구 노해로65길 7-12 (창동) 1층,37.6517298976344,127.045825536405,02-905-1500,돼지갈비,9900원,삼겹살,14000원,가성비 돼지갈비,9900,14000.0
P000614,착한가격업소,,식당,김밥하우스,서울특별시 도봉구 우이천로4길 9 (창동) 1층,37.6335642206658,127.039968752876,02-994-3632,김밥,2000원,라면,4000원,가성비 김밥,2000,4000.0
P000615,착한가격업소,,기타,다산수학영어학원,서울특별시 도봉구 노해로 174 (쌍문동) 3층,37.6497629262878,127.028112873669,02-998-0555,초등수학영어,180000원,중등수학영어,250000원,가성비 초등수학영어,180000,250000.0
P000616,착한가격업소,,식당,장터국수,서울특별시 도봉구 덕릉로 398 (창동) 상가 209호,37.6457766496227,127.053131863482,02-995-4242,국수,7000원,비빔밥,7000원,가성비 국수,7000,7000.0
P000617,착한가격업소,,식당,전통남원추어탕,서울특별시 도봉구 덕릉로59가길 17 (창동) 1층,37.6397294663873,127.038663541342,,추어탕,8000원,,,가성비 추어탕,8000,
P000618,착한가격업소,,식당,홍두깨손칼국수,서울특별시 도봉구 덕릉로58길 3 (창동) 1층,37.6388664759749,127.038746482756,02-903-8981,칼국수,7500원,수제비,7500원,가성비 칼국수,7500,7500.0
P000619,착한가격업소,,식당,팡이네분식,서울특별시 도봉구 도봉로110나길 31 (창동) 1층 102호,37.6476012558533,127.034969423959,02-2135-1258,떡꼬치,2000원,떡볶이(소),3500원,가성비 떡꼬치,2000,3500.0
P000620,착한가격업소,,기타,제우스스크린골프,서울특별시 도봉구 방학로 196 (방학동) 3층 2호,37.6623079067517,127.030396211934,02-956-3456,스크린골프(12시이전),12000원,스크린골프(12~15시),15000원,가성비 스크린골프(12시이전),12000,15000.0
P000621,착한가격업소,,식당,착한식당마루,"서울특별시 도봉구 도봉로135길 18, 1층 1호 (쌍문동)",37.6589118274555,127.0395461296,02-6085-5682,김치찌개,4000원,비빔밥,4000원,가성비 김치찌개,4000,4000.0
P000622,착한가격업소,,식당,백송순두부,"서울특별시 도봉구 도당로27길 43, 1층 좌측 (방학동)",37.6693098863844,127.040816021402,02-3494-1616,얼큰순두부,7000원,차돌순두부,8000원,가성비 얼큰순두부,7000,8000.0
P000623,착한가격업소,,식당,박은선닭꼬치,"서울특별시 도봉구 도봉로145길 65, 상가 나동 104호 (방학동)",37.6645353361782,127.038902628504,02-3494-0369,떡꼬치,2500원,파닭꼬치,4000원,가성비 떡꼬치,2500,4000.0
P000624,착한가격업소,,기타,킹당구클럽,"서울특별시 도봉구 노해로69길 21-11, 4층 1, 2, 3, 4, 호 (창동)",37.6531099173117,127.050075370396,070-7576-3832,1시간 이용료,7200원,1시간 이용료(경로우대),6000원,가성비 1시간 이용료,7200,6000.0
P000625,착한가격업소,,식당,도봉산콩나물국밥,"서울특별시 도봉구 도봉로181길 53, 1층 (도봉동)",37.6846167561442,127.042964707001,02-955-9335,콩나물국밥,6000원,비빔밥,6000원,가성비 콩나물국밥,6000,6000.0
P000626,착한가격업소,,식당,동치냉면쌍문점,서울특별시 도봉구 우이천로 335 (쌍문동) 1층,37.6466448832674,127.02619786574,02-999-2109,냉면,8000원,돈까스,4000원,가성비 냉면,8000,4000.0
P000627,착한가격업소,,식당,하이드파스타,"서울특별시 도봉구 도당로 32 (방학동, 성진파크뷰아파트) 상가1층3호",37.6608617479387,127.035231549474,02-3494-1177,뽀모도로,9900원,하이드샐러드,8500원,가성비 뽀모도로,9900,8500.0
P000628,착한가격업소,,미용,원헤어,서울특별시 도봉구 도당로 13가길 63-1,37.6673884273935,127.038211251199,,커트,7000원,파마,20000원,가성비 커트,7000,20000.0
P000629,착한가격업소,,미용,쿨헤어,"서울특별시 도봉구 해등로 48 (창동, 주공3단지아파트",37.6486118570164,127.043711097054,02-903-4760,커트,7000원,염색,8000원,가성비 커트,7000,8000.0
P000630,착한가격업소,,미용,헤어천사,서울특별시 도봉구 덕릉로 252 (창동) 2층,37.6398678499772,127.039502609098,02-905-1014,커트,12000원,파마,35000원,가성비 커트,12000,35000.0
P000631,착한가격업소,,미용,진선미미용실,서울특별시 도봉구 노해로 213 (쌍문동),37.651157999474,127.031702307927,,커트,12000원,파마,30000원,가성비 커트,12000,30000.0
P000632,착한가격업소,,식당,파스타잇,서울특별시 도봉구 도봉로 112길 26,37.6468006474194,127.036146698349,02-995-2800,토마토파스타,8500원,크림파스타,8500원,가성비 토마토파스타,8500,8500.0
P000633,착한가격업소,,식당,털보네떡꼬치,"서울특별시 도봉구 노해로63다길 24, 상가동 107호",37.6540633575601,127.046274482314,,떡꼬치,1000원,어묵(1개),700원,가성비 떡꼬치,1000,700.0
P000634,착한가격업소,,미용,연화헤어펌,"서울특별시 도봉구 방학로2길 62, 1층",37.6656990479374,127.041015676878,02-3491-7855,여성펌,30000원,여성커트,13000원,가성비 여성펌,30000,13000.0
P000635,착한가격업소,,카페,커피본,"서울특별시 도봉구 도봉로181길 70, 1층",37.6851208548459,127.042462654918,,아메리카노,2000원,카페라떼,3500원,가성비 아메리카노,2000,3500.0
P000636,착한가격업소,,식당,시장길국수,"서울특별시 도봉구 도봉로145길 66, 1층",37.6647313179384,127.038846741287,,잔치국수,5500원,비빔국수,6500원,가성비 잔치국수,5500,6500.0
P000637,착한가격업소,,식당,세종라멘,"서울특별시 도봉구 도봉로114길 43, 1층",37.6476223488345,127.036715928168,0507-1486-9970,돈코츠라멘,8500원,미소라멘,9000원,가성비 돈코츠라멘,8500,9000.0
P000638,착한가격업소,,식당,왕짜장,"서울특별시 도봉구 도봉로109길 16, 1층 (쌍문동)",37.6469338222413,127.032392169018,02-900-6240,짜장면 ,5000원,탕수육,13000원,가성비 짜장면 ,5000,13000.0
P000639,착한가격업소,,미용,땡큐미용실,"서울특별시 도봉구 도당로29길 9, 1층 일부 (방학동)",37.6676866393519,127.041705786168,,커트,10000원,파마,25000원,가성비 커트,10000,25000.0
P000640,착한가격업소,,식당,방학김밥,"서울특별시 도봉구 도당로13길 37, 1층 우측 (방학동)",37.6661703762324,127.034459484423,,김밥,3000원,라면,4000원,가성비 김밥,3000,4000.0
P000641,착한가격업소,,식당,도봉로112길칼국수돈까스,"서울특별시 도봉구 도봉로112길 23, 1층 (창동)",37.646931772825,127.036041155093,,칼국수,8000원,,,가성비 칼국수,8000,
P000642,착한가격업소,,미용,은영이발관,서울특별시 노원구 석계로 15길25,37.6220625118578,127.06134243043,,이용료(컷트),5000원,,,가성비 이용료(컷트),5000,
P000643,착한가격업소,,미용,경노이발관,서울특별시 노원구 석계로 27,37.617294742104,127.063913865481,02-917-7050,이용료(컷트),6000원, 염색 ,7000원,가성비 이용료(컷트),6000,7000.0
P000644,착한가격업소,,세탁&목욕,브랜드특수크리닝,서울특별시 노원구 섬밭로 263 1층 4호 (롯데상가),37.6391399283859,127.06381950095,02-979-5474,양복세탁,7000원, 드라이(셔츠) ,3000원,가성비 양복세탁,7000,3000.0
P000645,착한가격업소,,세탁&목욕,세탁편의점,서울특별시 노원구 한글비석로444 (교림노원프라자 1층),37.663613046348,127.068492606148,02-3391-4459,양복세탁,6000원, 드라이(셔츠) ,2000원,가성비 양복세탁,6000,2000.0
P000646,착한가격업소,,식당,마들김밥,서울특별시 노원구 한글비석로 474 보람상가,37.6648233542549,127.065441493669,02-933-9308,김밥,2000원, 냉면 ,3500원,가성비 김밥,2000,3500.0
P000647,착한가격업소,,식당,마시차이나,서울특별시 노원구 동일로 217길58,37.6532669761244,127.057911100494,02-3392-1134,짜장면,5000원, 짬뽕 ,7000원,가성비 짜장면,5000,7000.0
P000648,착한가격업소,,식당,윤호네착한메밀,서울특별시 노원구 상계로 111 (상계동),37.6575426833216,127.067083120473,02-936-2819,옹심이칼국수,5000원, 메밀막국수 ,6500원,가성비 옹심이칼국수,5000,6500.0
P000649,착한가격업소,,식당,짬뽕늬우스,서울특별시 노원구 노해로81길 6 (상계동),37.6552999056128,127.063097398768,02-934-4442,자장면,5000원, 짬뽕 ,5000원,가성비 자장면,5000,5000.0
P000650,착한가격업소,,미용,컷트클럽,"서울특별시 노원구 동일로 1541 (상계동, 11단지종합상가 15-2)",37.6656742727167,127.05705028385,02-933-0221,이용료(커트),10000원,,,가성비 이용료(커트),10000,
P000651,착한가격업소,,미용,장미헤어컷트원,"서울특별시 노원구 섬밭로196 (하계동, 하계장미6단지 상가B14호)",37.6339976168528,127.067277883916,,이용료(커트),5000원, 염색 ,15000원,가성비 이용료(커트),5000,15000.0
P000652,착한가격업소,,미용,힘북이용원,"서울특별시 노원구 동일로 1390, 204 (상계동, 상계주공아파트6단지 상가)",37.6527180726916,127.061519941724,02-931-2331,이용료(커트),7000원, 커트염색 ,14000원,가성비 이용료(커트),7000,14000.0
P000653,착한가격업소,,식당,마떡다이천,"서울특별시 노원구 석계로106 (월계동, 1층)",37.6231587724471,127.060412203211,02-976-4841,떡볶이,3000원, 순대 ,3500원,가성비 떡볶이,3000,3500.0
P000654,착한가격업소,,미용,행운이발관,서울특별시 노원구 화랑로449 2층1호 (공릉동),37.6185353708275,127.07736255034,,이용료(커트),7000원, 염색 ,7000원,가성비 이용료(커트),7000,7000.0
P000655,착한가격업소,,식당,여자만아구찜,서울특별시 노원구 석계로18길 10-8 (1층),37.6234690050834,127.060893765629,02-941-1989,아구찜(소),23000원, 해물찜(소) ,28000원,가성비 아구찜(소),23000,28000.0
P000656,착한가격업소,,식당,돈장군,"서울특별시 노원구 광운로 69, 1층",37.6234872779112,127.060048285388,02-941-8276,삼겹살,8000원, 돼지갈비 ,7000원,가성비 삼겹살,8000,7000.0
P000657,착한가격업소,,식당,신가네 칼국수,"서울특별시 노원구 공릉로59나길 78-14, 1층 (하계동)",37.6356927168152,127.070239129102,02-948-9956,바지락칼국수,7000원, 서리태콩국수 ,8000원,가성비 바지락칼국수,7000,8000.0
P000658,착한가격업소,,식당,손맛집,"서울특별시 노원구 중계로14나길 25, 104호 (중계동, 삼성아파트상가)",37.6485870640359,127.084143743208,02-939-1644,김치찌개,5000원, 된장찌개 ,5000원,가성비 김치찌개,5000,5000.0
P000659,착한가격업소,,식당,피노키오,"서울특별시 노원구 한글비석로 474, 206호 (상계동, 보람상가2층)",37.6648233542549,127.065441493669,02-930-7233,원조냉면,4000원, 비빔냉면 ,4500원,가성비 원조냉면,4000,4500.0
P000660,착한가격업소,,식당,메밀꽃,"서울특별시 노원구 상계로 9가길 67, 1층 (상계동)",37.6604731193713,127.068969571453,,단호박죽,4000원, 팥죽 ,4000원,가성비 단호박죽,4000,4000.0
P000661,착한가격업소,,식당,새싹보리밥,"서울특별시 노원구 동일로217길 58, 2층 (상계동)",37.6532669761244,127.057911100494,02-932-8585,새싹보리밥(+순두부+된장),9000원, 순두부찌개 ,8000원,가성비 새싹보리밥(+순두부+된장),9000,8000.0
P000662,착한가격업소,,식당,옹골면,"서울특별시 노원구 상계로70, 화랑빌딩",37.6560029371167,127.062768782263,02-951-4748,잔치국수,6000원, 비빔국수 ,7000원,가성비 잔치국수,6000,7000.0
P000663,착한가격업소,,식당,공릉동멸치국수,서울특별시 노원구 동일로173가길 43 (공릉동),37.6201858843938,127.07298722732,070-8160-6158,멸치국수,6000원, 칼수제비 ,7000원,가성비 멸치국수,6000,7000.0
P000664,착한가격업소,,식당,은행빵집,"서울특별시 노원구 한글비석로 253, 106호 (중계동, 세신빌딩)",37.6504237048351,127.0763481119,02-931-9289,소보루빵,1000원, 우유식빵 ,3000원,가성비 소보루빵,1000,3000.0
P000665,착한가격업소,,미용,샤보이 남성커트,"서울특별시 노원구 덕릉로82길 25, 1층 (중계동, 동우상가)",37.6584395197218,127.076694268075,02-977-3135,이용료(커트),9000원, 새치염색 ,10000원,가성비 이용료(커트),9000,10000.0
P000666,착한가격업소,,식당,별미밥상,"서울특별시 노원구 덕릉로 849, 1층 (상계동)",37.6720951149989,127.082605479913,02-931-5487,가정식 백반,7000원, 야채김밥 ,3000원,가성비 가정식 백반,7000,3000.0
P000667,착한가격업소,,식당,이조모밀,서울특별시 노원구 한글비석로 474,37.6648233542549,127.065441493669,02-936-2525,꼬막비빔밥,10000원, 콩국수 ,8000원,가성비 꼬막비빔밥,10000,8000.0
P000668,착한가격업소,,식당,대원아구찜칼국수,서울특별시 노원구 상계로27길 48,37.6603772146803,127.069192180966,02-936-2242,칼국수,7000원, 아구찜(소),35000원,가성비 칼국수,7000,35000.0
P000669,착한가격업소,,식당,언제나오고가식당,서울특별시 노원구 상계로35길 10,37.6708003838492,127.078415939221,02-939-1974,동태찌개(소),15000원, 김치찌개 ,7000원,가성비 동태찌개(소),15000,7000.0
P000670,착한가격업소,,식당,뚜비뚜밥스,서울특별시 노원구 동일로 190길 4,37.6251320197826,127.073589835978,070-4115-7775,컵밥(소),3500원, 돈까스덮밥 ,5000원,가성비 컵밥(소),3500,5000.0
P000671,착한가격업소,,식당,락궁,"서울특별시 노원구 마들로31, 210호",37.6187253727752,127.067084588448,02-949-8585,짜장면,7000원, 짬뽕 ,8000원,가성비 짜장면,7000,8000.0
P000672,착한가격업소,,미용,남성헤어컷,"서울특별시 노원구 월계로55길 16, 204호",37.6329639777027,127.060508959979,,기본컷,7000원, 투블럭 ,7000원,가성비 기본컷,7000,7000.0
P000673,착한가격업소,,식당,엄나무닭곰탕,서울특별시 노원구 섬밭로42 (공릉동),37.6204693631618,127.072209326999,02-949-1677,된장찌개,6000원,순두부찌개,6000원,가성비 된장찌개,6000,6000.0
P000674,착한가격업소,,식당,해담,서울특별시 노원구 상계로 23다길 13-8,37.6598474260427,127.068904053591,02-875-1424,짜장면,5500원,우육짬뽕,8000원,가성비 짜장면,5500,8000.0
P000675,착한가격업소,,식당,포샌,서울특별시 노원구 상계로 1길 54-4 106호,37.6581574674605,127.061721168928,0507-1367-6890,양지쌀국수,9000원,생고기쌀국수,11500원,가성비 양지쌀국수,9000,11500.0
P000676,착한가격업소,,미용,헤어스크린,서울특별시 노원구 월계로55길 4 사슴아파트,37.6319318700196,127.060914604888,02-972-4232,기본컷,7000원,염색,20000원,가성비 기본컷,7000,20000.0
P000677,착한가격업소,,미용,레스토랑,서울특별시 노원구 한글비석로24다길 50 (상계동),37.6640813835998,127.070468518997,02-933-9406,기본컷,8000원,염색,25000원,가성비 기본컷,8000,25000.0
P000678,착한가격업소,,식당,청주삼겹살,서울특별시 노원구 석계로 7길 13,37.6163346209948,127.063799438306,02-941-8085,생삼겹살,14000원,목살,14000원,가성비 생삼겹살,14000,14000.0
P000679,착한가격업소,,식당,상계돈집,서울특별시 노원구 중계동 154-41 1층,37.6598568576751,127.07443793314,02-6406-0889,삼겹살,11000원,대패목살,11000원,가성비 삼겹살,11000,11000.0
P000680,착한가격업소,,식당,조아애떡볶이,"서울특별시 노원구 한글비석로 91, 후문상가 205동 106호",37.6398260592996,127.071167444837,02-974-3122,즉석떡볶이(2인분),14000원,즉석떡볶이(3인분),20000원,가성비 즉석떡볶이(2인분),14000,20000.0
P000681,착한가격업소,,미용,나드리헤어,서울특별시 노원구 덕릉로 459-37 203호,37.6468005039827,127.059592952406,02-6406-2080,커트,8000원,염색,20000원,가성비 커트,8000,20000.0
P000682,착한가격업소,,식당,사나이뚝배기,서울특별시 노원구 공릉로 227 가동 1층 좌측,37.6294462879154,127.076448316468,0507-1369-0907,된장뚝배기,6300원,김치뚝배기,6300원,가성비 된장뚝배기,6300,6300.0
P000683,착한가격업소,,식당,밀레니엄 김밥,서울특별시 노원구 중계로 162-11 (중계동) 현대프라자 114호,37.6498094888774,127.081489779954,02-937-3644,제육볶음,6500원,냉면,4500원,가성비 제육볶음,6500,4500.0
P000684,착한가격업소,,식당,상계동갈비,"서울특별시 노원구 노원로34길 88, 1층 (상계동)",37.6628655004967,127.066127612397,02-932-8585,돼지갈비,15000원,김치찌개,8000원,가성비 돼지갈비,15000,8000.0
P000685,착한가격업소,,식당,일번지국수,서울특별시 노원구 화랑로 419-18 (공릉동),37.617755830709,127.074142900923,02-975-9379,김치찌개,7000원,된장찌개,7000원,가성비 김치찌개,7000,7000.0
P000686,착한가격업소,,식당,수락산할매집,"서울특별시 노원구 동일로242길 109 (상계동, 제1층)",37.6747572764361,127.061272430853,02-951-1507,삼겹살,12000원,,,가성비 삼겹살,12000,
P000687,착한가격업소,,식당,윤가네김밥,"서울특별시 노원구 한글비석로 396, 109동 1층 25호 복합상가 (상계동, 벽산아파트)",37.6623030184626,127.073581746977,02-931-1977,야채김밥,3500원,,,가성비 야채김밥,3500,
P000688,착한가격업소,,식당,우이동멸치국수,"서울특별시 노원구 노원로 462 (상계동, 1층)",37.6577216732959,127.06634868682,02-939-9595 ,멸치국수,6000원,비빔국수,7000원,가성비 멸치국수,6000,7000.0
P000689,착한가격업소,,미용,클래식,서울특별시 노원구 한글비석로22길 18 (중계동)3층,37.6603741154768,127.073424691032,,남성커트,7000원,,,가성비 남성커트,7000,
P000690,착한가격업소,,세탁&목욕,현대세탁,"서울특별시 노원구 중계로 230 (중계동, 주공5단지상가102호)",37.6510358515074,127.075054984295,02-951-1756,양복 세탁,8000원,,,가성비 양복 세탁,8000,
P000691,착한가격업소,,미용,헤어이벤트,서울특별시 노원구 덕릉로 459-37 (상계동)주공1단지상가 204호,37.6468005039827,127.059592952406,02-3392-2822,커트,12000원,파마,35000원,가성비 커트,12000,35000.0
P000692,착한가격업소,,식당,엄니랑딸래미,"서울특별시 노원구 한글비석로 366, 신일아파트 상가 101동, 103-104호 (중계동)",37.6584690001803,127.074842153869,,김치치즈오믈렛,8000원,제육덮밥,8000원,가성비 김치치즈오믈렛,8000,8000.0
P000693,착한가격업소,,미용,금호헤어,"서울특별시 노원구 한글비석로 46나길 3, 1층 (상계동)",37.666681120375,127.069477647369,02-951-5597,커트,10000원,펌,30000원,가성비 커트,10000,30000.0
P000694,착한가격업소,,미용,오렌지미용실,"서울특별시 노원구 덕릉로 126다길 10, 1층 (상계동)",37.671366991887,127.083432461559,,커트,11000원,펌,25000원,가성비 커트,11000,25000.0
P000695,착한가격업소,,식당,옛날통닭 상계점,"서울특별시 노원구 한글비석로48길 28, 1층 다호 (상계동)",37.6654244667365,127.067400311869,,옛날통닭,9500원,양념통닭,11000원,가성비 옛날통닭,9500,11000.0
P000696,착한가격업소,,식당,냉삼 먹고 또 오리,"서울특별시 노원구 덕릉로 753, 105동 2-6 (상계동)",37.6658515931357,127.0763205024,02-933-0352,냉동삼겹살,9800원,순두부찌개,7000원,가성비 냉동삼겹살,9800,7000.0
P000697,착한가격업소,,미용,착한헤어,서울특별시 노원구 상계로24길 23-3,37.6576338655566,127.070477724077,02-933-2529,커트,10000원,파마,25000원,가성비 커트,10000,25000.0
P000698,착한가격업소,,식당,예촌손수제비,"서울특별시 노원구 동일로 1096, 1층",37.6277681267942,127.072277220435,02-931-5099,손칼국수,8000원,손수제비,8000원,가성비 손칼국수,8000,8000.0
P000699,착한가격업소,,식당,꽃제비칼국수,"서울특별시 노원구 광운로12길 13, 1층",37.6213122731953,127.05991321349,02-911-8371,바지락칼국수,7000원,어묵칼국수,7000원,가성비 바지락칼국수,7000,7000.0
P000700,착한가격업소,,카페,카페마레,서울특별시 노원구 공릉로 312 1층 카페마레,37.6351105182911,127.072002682717,,아메리카노,2500원,아이스티,2800원,가성비 아메리카노,2500,2800.0
P000701,착한가격업소,,식당,영차,서울특별시 노원구 상계동 111-431,37.6712533492788,127.080227732358,,삼겹살,8900원,목살,8900원,가성비 삼겹살,8900,8900.0
P000702,착한가격업소,,식당,털보고된이,서울특별시 은평구 통일로83길 9-1 (갈현동),37.6208365485509,126.918699303107,02-383-9289,김치찌개,9000원,,,가성비 김치찌개,9000,
P000703,착한가격업소,,식당,은혜분식,서울특별시 은평구 역말로9길 41 (대조동),37.6147070699435,126.92222234251,02-359-0262,김치찌개,9000원,,,가성비 김치찌개,9000,
P000704,착한가격업소,,식당,꾸워,서울특별시 은평구 은평로34 (신사동),37.5980444868804,126.91178557508,02-374-3004,삼겹살,13000원,,,가성비 삼겹살,13000,
P000705,착한가격업소,,미용,대흥이발관,서울특별시 은평구 연서로32길 19 (불광동),37.618890160091,126.924414392647,02-352-5755,이발,10000원,,,가성비 이발,10000,
P000706,착한가격업소,,미용,현대미용실,서울특별시 은평구 불광로 95 (불광동),37.6153803149222,126.932670141856,02-359-3834,커트,12000원,,,가성비 커트,12000,
P000707,착한가격업소,,세탁&목욕,행복한세탁소,서울특별시 은평구 진흥로1길 37 (역촌동),37.6036960556282,126.918317294932,02-353-8671,수선비,3000원,,,가성비 수선비,3000,
P000708,착한가격업소,,미용,행복한이발관,서울특별시 은평구 통일로69길 33 (대조동),37.6100148987322,126.925572244057,,커트,10000원,,,가성비 커트,10000,
P000709,착한가격업소,,미용,영미용실,"서울특별시 은평구 진흥로 13길 8, 1층 (대조동)",37.6093313817188,126.925672929288,02-352-6675,커트,10000원,,,가성비 커트,10000,
P000710,착한가격업소,,식당,양구손두부,서울특별시 은평구 통일로83길 5-21 (갈현동),37.6204265226635,126.918718892534,02-353-7185,보쌈(두부)정식 ,12000원,,,가성비 보쌈(두부)정식 ,12000,
P000711,착한가격업소,,식당,우경촌,서울특별시 은평구 통일로78길 4-4 (불광동),37.6174219095873,126.92343498501,02-382-1236,게장백반(점심) ,9000원,,,가성비 게장백반(점심) ,9000,
P000712,착한가격업소,,식당,행복밥상,서울특별시 은평구 갈현로 302-7 (갈현동),37.6238127865365,126.917540864079,070-7524-5506,청국장 ,7000원,,,가성비 청국장 ,7000,
P000713,착한가격업소,,식당,솥뚜껑,서울특별시 은평구 연서로29길 11 (갈현동),37.6189487511628,126.918760032371,02-354-9282,삼겹살 ,9000원,,,가성비 삼겹살 ,9000,
P000714,착한가격업소,,식당,멸치국수,"서울특별시 은평구 은평로 119, 2층 (응암동)",37.6005421050201,126.920912843506,02-359-8988,멸치국수 ,6500원,,,가성비 멸치국수 ,6500,
P000715,착한가격업소,,식당,시장냉면,서울특별시 은평구 응암로22길 5-17 (응암동),37.5943219352295,126.918792473588,02-387-1434,물냉면 ,7000원,,,가성비 물냉면 ,7000,
P000716,착한가격업소,,식당,역촌동멸치국수,서울특별시 은평구 역말로 24 (역촌동),37.6055444555547,126.912925292168,02-356-5903,멸치국수 ,5500원,,,가성비 멸치국수 ,5500,
P000717,착한가격업소,,식당,OK스시,"서울특별시 은평구 응암로4길 22, 102호 (응암동)",37.5867972937404,126.917742147878,02-389-9888,모듬초밥 ,8000원,,,가성비 모듬초밥 ,8000,
P000718,착한가격업소,,미용,쿨맨헤어,서울특별시 은평구 서오릉로 79 (역촌동),37.6072776087,126.921682506703,02-308-7161,커트 ,12000원,,,가성비 커트 ,12000,
P000719,착한가격업소,,식당,돈꾹,서울특별시 은평구 진흥로1길 8 (역촌동),37.6011265489109,126.918879408917,02-383-6110,돈가스,7000원,,,가성비 돈가스,7000,
P000720,착한가격업소,,식당,상미김밥,서울특별시 은평구 응암로4길 18-26 (응암동),37.5861459280103,126.918336023128,02-307-1140,야채김밥 ,3000원,,,가성비 야채김밥 ,3000,
P000721,착한가격업소,,식당,인생돈카츠,서울특별시 은평구 통일로65길 12-10 (대조동),37.6097411148202,126.929579724913,02-352-3920,등심돈카츠 도시락,8500원,,,가성비 등심돈카츠 도시락,8500,
P000722,착한가격업소,,식당,모두와돈까스,서울특별시 은평구 은평로197-1 (녹번동),37.6018712349694,126.929572082208,02-389-3855,돈까스,6500원,,,가성비 돈까스,6500,
P000723,착한가격업소,,식당,응암칼국수,서울특별시 은평구 응암로21길18-1 (응암동),37.5943507976798,126.915877505216,02-918-6700,삼겹순대국,8000원,해장국,8000원,가성비 삼겹순대국,8000,8000.0
P000724,착한가격업소,,식당,북한산 손칼국수,서울특별시 은평구 대서문길36 (진관동),37.6554709821584,126.948552831595,0507-1407-4413,손칼국수,6500원,,,가성비 손칼국수,6500,
P000725,착한가격업소,,식당,신미가 맛집,서울특별시 은평구 증산로15길 24-1 (신사동),37.5895175788691,126.910687960694,0507-1366-1326,한식부페,8000원,,,가성비 한식부페,8000,
P000726,착한가격업소,,식당,은평왕돈까스,"서울특별시 은평구 은평로12길 7-9, 105호 (응암동)",37.6004860294261,126.9258571409,02-388-6090 ,왕돈까스,9000원,,,가성비 왕돈까스,9000,
P000727,착한가격업소,,식당,금송아지 생고기구이,서울특별시 은평구 응암로218 (응암동),37.5914100880205,126.917719520928,02-374-9092 ,삼겹살(200g),17000원,,,가성비 삼겹살(200g),17000,
P000728,착한가격업소,,식당,포항물회,서울특별시 은평구 통일로83길 15-1 (갈현동),37.6207410210947,126.918015242848,02-389-0988 ,모듬물회,40000원,,,가성비 모듬물회,40000,
P000729,착한가격업소,,식당,신가네 김밥,서울특별시 은평구 진흥로1길 17 (역촌동),37.6019948648231,126.918532732761,02-385-3187 ,야채김밥 ,2000원,,,가성비 야채김밥 ,2000,
P000730,착한가격업소,,미용,지연피부샵,서울특별시 은평구 증산로21길 26,37.5963221216899,126.911985656784,02-302-6440,기본관리(11회),350000원,,,가성비 기본관리(11회),350000,
P000731,착한가격업소,,식당,이모네 밥상,서울특별시 은평구 진관3로 70 롯데캐슬 823동 상가 103호,37.6422598317106,126.923141080933,02-6366-9020,청국장,8000원,,,가성비 청국장,8000,
P000732,착한가격업소,,식당,구파발파스타,서울특별시 은평구 진관4로17 820동 상가,37.6436459287601,126.922900461734,02-356-9884,치즈토마토 파스타,9500원,,,가성비 치즈토마토 파스타,9500,
P000733,착한가격업소,,식당,PHO358,서울특별시 은평구 은평로 91 CJ드림시티 (응암동),37.5997087395164,126.917822037883,02-386-4042,소고기 쌀국수(s),7000원,,,가성비 소고기 쌀국수(s),7000,
P000734,착한가격업소,,식당,빵이 조아,서울특별시 은평구 백련산로84,37.5930097247289,126.92364241621,02-307-0825,단팥빵,1200원,,,가성비 단팥빵,1200,
P000735,착한가격업소,,식당,토종능이버섯닭오리백숙,서울특별시 은평구 은평로 201-5 1층,37.6018023059588,126.929717778353,02-355-8066,능이 닭곰탕,8000원,,,가성비 능이 닭곰탕,8000,
P000736,착한가격업소,,카페,하루커피,"서울특별시 은평구 가좌로 185, 1층",37.5873603098915,126.920349022441,02-307-6864,아메리카노,3300원,,,가성비 아메리카노,3300,
P000737,착한가격업소,,식당,장모님 보리밥,서울특별시 은평구 통일로 850 (불광동) 연서시장,37.6193203344525,126.921445035076,0507-1337-7940,보리밥,9000원,,,가성비 보리밥,9000,
P000738,착한가격업소,,식당,대성각,서울특별시 은평구 녹번로 7 (녹번동) 1층,37.6030636932128,126.926755676644,02-356-2194,짬뽕,8000원,,,가성비 짬뽕,8000,
P000739,착한가격업소,,식당,한잔의추억,서울특별시 은평구 역말로 18 (역촌동) 1층,37.6054921629982,126.912390817365,02-355-1984,냉삼덮밥,5000원,,,가성비 냉삼덮밥,5000,
P000740,착한가격업소,,식당,참맛어울림,서울특별시 은평구 은평로 187-2 (녹번동) 1층,37.6019853647024,126.928778475333,02-353-1808,만원의행복(연탄불고기 쭈꾸미 고등어구이 털레기수제비)/3인이상 주문가능,10000원,,,가성비 만원의행복(연탄불고기 쭈꾸미 고등어구이 털레기수제비)/3인이상 주문가능,10000,
P000741,착한가격업소,,식당,장가구,"서울특별시 은평구 연서로 4길 19, 2층 (역촌동)",37.602732419623,126.918148141435,02-355-3678,짬뽕,7000원,,,가성비 짬뽕,7000,
P000742,착한가격업소,,식당,효면옥,서울특별시 은평구 증산로 429 (역촌동),37.594645404311,126.914225675183,02-303-7300,갈비탕,14000원,,,가성비 갈비탕,14000,
P000743,착한가격업소,,미용,다다다헤어,서울특별시 은평구 응암로28길 36 임창폴라리스 1층 101호,37.5938745659186,126.921957780137,02-356-6811,학생 컷,10000원,,,가성비 학생 컷,10000,
P000744,착한가격업소,,식당,은평정육식당,서울특별시 은평구 서오릉로 127 (역촌동),37.6103657145501,126.918308528742,02-356-9391,국내산 생삼겹살(200g),7900원,,,가성비 국내산 생삼겹살(200g),7900,
P000745,착한가격업소,,식당,진국수,서울특별시 은평구 진흥로 163 (대조동),37.6090026398195,126.927898253045,02-385-0166,칼국수,6000원,,,가성비 칼국수,6000,
P000746,착한가격업소,,식당,풍성분식,서울특별시 은평구 연서로 263 (불광동),37.6203998901883,126.923908465253,02-387-3168,꽈배기(2개),1000원,,,가성비 꽈배기(2개),1000,
P000747,착한가격업소,,식당,배나온민족,"서울특별시 은평구 은평로 162, 1층 (응암동)",37.6009963601364,126.925729236877,0507-1314-2731,족발(대),36000원,,,가성비 족발(대),36000,
P000748,착한가격업소,,식당,은평정육식당 2호점,"서울특별시 은평구 은평로 112, 1층 (응암동)",37.5998176499827,126.920289994893,02-353-9373,국내산 생삼겹살(200g),7900원,,,가성비 국내산 생삼겹살(200g),7900,
P000749,착한가격업소,,식당,신가네 김밥(갈현점),서울특별시 은평구 갈현로 209 (갈현동),37.616087268367,126.913635404844,02-355-1187,야채김밥,2000원,,,가성비 야채김밥,2000,
P000750,착한가격업소,,미용,박철헤어 응암점,"서울특별시 은평구 백련산로 38, 상가동 지2층 101호 (응암동)",37.5892706101884,126.923090643465,02-302-1273,뿌리염색,39000원,앞머리컷,무료,가성비 뿌리염색,39000,0.0
P000751,착한가격업소,,식당,임가네 갈비탕,"서울특별시 은평구 응암로 291-1, 1층 101, 102호 (응암동)",37.5977301896742,126.920090432842,02-383-1443,왕갈비탕,15900원,,,가성비 왕갈비탕,15900,
P000752,착한가격업소,,카페,프롬보람,"서울특별시 은평구 갈현로5길 5, 1층 (신사동)",37.6019461302011,126.909751527572,02-6105-0717,아메리카노(포장),2500원,,,가성비 아메리카노(포장),2500,
P000753,착한가격업소,,기타,아라마요가,"서울특별시 은평구 응암로 190, 3층 (응암동)",37.5888095160902,126.917149357989,,1개월(주2회),110000원,,,가성비 1개월(주2회),110000,
P000754,착한가격업소,,미용,주향기헤어샵,서울특별시 은평구 갈현로5길 5-4 (신사동),37.6017515054801,126.909502060916,02-384-3435,커트,15000원,,,가성비 커트,15000,
P000755,착한가격업소,,기타,서울 연신내 실내운전면허연습장,서울특별시 은평구 통일로 863-14 3층 (갈현동),37.6201065201453,126.919548952972,,2종 면허취득(1개월),340000원,,,가성비 2종 면허취득(1개월),340000,
P000756,착한가격업소,,식당,글로가자 포차,서울특별시 은평구 가좌로 319 1층 102호 (신사동),37.5958773913497,126.909482451977,070-4888-6336,국물떡볶이,9000원,멕시칸샐러드,15000원,가성비 국물떡볶이,9000,15000.0
P000757,착한가격업소,,식당,히카리우동,서울특별시 은평구 가좌로 190 (응암동),37.5879250434129,126.92020292977,,히카리우동,5500원,오뎅우동,6500원,가성비 히카리우동,5500,6500.0
P000758,착한가격업소,,카페,커피앤,서울특별시 은평구 통일로63길 6 (녹번동),37.6080262354279,126.931370058911,02-358-7090,아메리카노,2800원,카페라떼,3000원,가성비 아메리카노,2800,3000.0
P000759,착한가격업소,,미용,컷트클럽,서울특별시 은평구 연서로9길 3 1층 (갈현동),37.6073633454839,126.914613570308,,커트,9000원,,,가성비 커트,9000,
P000760,착한가격업소,,미용,젤라,서울특별시 은평구 갈현로29길 1 1층 102호 (갈현동),37.6191646173973,126.915035032072,02-6084-0308,커트(남),15000원,커트+다운펌,25000원,가성비 커트(남),15000,25000.0
P000761,착한가격업소,,미용,갈현동미용실,서울특별시 은평구 갈현로23길 5-1 1층 (갈현동),37.6162564248577,126.913077716772,0507-1313-4163,커트+다운펌,30000원,,,가성비 커트+다운펌,30000,
P000762,착한가격업소,,기타,온앤온 피트니스,서울특별시 은평구 통일로 869 4층 (갈현동),37.6203691547897,126.919808968262,0507-1357-9653,헬스1개월,77000원,헬스12개월,329000원,가성비 헬스1개월,77000,329000.0
P000763,착한가격업소,,식당,펀스터,서울특별시 은평구 증산로3길 8-15 (증산동),37.5813823316857,126.905702175139,,크루아상,3400원,뺑오 쇼콜라,3800원,가성비 크루아상,3400,3800.0
P000764,착한가격업소,,식당,서교밥집,"서울특별시 은평구 서오릉로 179, 102호 (구산동)",37.6128726589432,126.913426193205,02-356-5988,수제돈까스,6000원,육개장,6000원,가성비 수제돈까스,6000,6000.0
P000765,착한가격업소,,식당,전주식당,"서울특별시 은평구 은평터널로 3, 1층 우측호 (수색동)",37.5825859122816,126.895675523366,02-373-9733,소내장탕,10000원,,,가성비 소내장탕,10000,
P000766,착한가격업소,,식당,시골정통순대국,서울특별시 은평구 응암로12길 12-15 (응암동),37.5875014204653,126.918132441265,,순대국,8000원,,,가성비 순대국,8000,
P000767,착한가격업소,,식당,한옥집,"서울특별시 은평구 연서로48길 33-1, 지1층 (진관동)",37.6382643293204,126.938341630343,02-353-6939,백반(생선구이),8000원,,,가성비 백반(생선구이),8000,
P000768,착한가격업소,,식당,장수칼국수와 돈까스,"서울특별시 은평구 통일로87길 6-11, 1층 (갈현동)",37.6238653434559,126.919014312892,02-354-7676,칼국수,5000원,수제비,5000원,가성비 칼국수,5000,5000.0
P000769,착한가격업소,,식당,30cm돈까스,"서울특별시 은평구 연서로26길 27, 지하1층102호 (대조동)",37.6156824111721,126.92184562807,02-356-3045,옛날돈까스,8000원,,,가성비 옛날돈까스,8000,
P000770,착한가격업소,,미용,가족이발,서울특별시 서대문구 거북골로 154 삼호상가 104호,37.5765626078203,126.913783524957,02-374-4323,이발커트,10000원, 초중고생커트 ,10000원,가성비 이발커트,10000,10000.0
P000771,착한가격업소,,식당,낙원식당,서울특별시 서대문구 응암로141,37.5849623414895,126.914708792561,02-303-2088,된장찌개,8000원, 순두부찌개 ,8000원,가성비 된장찌개,8000,8000.0
P000772,착한가격업소,,식당,대명꼬기,서울특별시 서대문구 명물길 27-15,37.5587604706847,126.938056010036,02-362-1468,삼겹살,7000원, 된장삼겹살 ,7500원,가성비 삼겹살,7000,7500.0
P000773,착한가격업소,,미용,머리사랑,서울특별시 서대문구 거북골로200,37.5785088438124,126.908981139193,02-305-6912,"커트(남,여)",10000원,볼륨펌,40000원,"가성비 커트(남,여)",10000,40000.0
P000774,착한가격업소,,식당,명물갈비,서울특별시 서대문구 명물길 43-3,37.5587963747686,126.938485605546,, 수제돼지갈비 ,15000원, 소갈비살 ,18000원,가성비  수제돼지갈비 ,15000,18000.0
P000775,착한가격업소,,미용,미성이용원,"서울특별시 서대문구 명지대3길 48, 지하층 102호",37.5819085005995,126.921167703017,02-3142-3396,성인커트,7000원,이발면도세발,10000원,가성비 성인커트,7000,10000.0
P000776,착한가격업소,,식당,미스터갈매기,서울특별시 서대문구 세검정로1길 126,37.5957997564151,126.946436259661,02-391-0776,갈매기살(400g),18000원, 왕갈비(300g) ,12000원,가성비 갈매기살(400g),18000,12000.0
P000777,착한가격업소,,세탁&목욕,바늘꽃옷수선,서울특별시 서대문구 홍은중앙로 8길 22,37.5987804443942,126.948733439817,,의복수선료(바지밑단),3000원, 의복수선료(바지기장) ,3000원,가성비 의복수선료(바지밑단),3000,3000.0
P000778,착한가격업소,,식당,밥보다국시,서울특별시 서대문구 세검정로3길 64,37.5938417010464,126.947392091148,02-391-1279,잔치국수,5000원,칼국수,5500원,가성비 잔치국수,5000,5500.0
P000779,착한가격업소,,카페,본솔커피,서울특별시 서대문구 증가로 82,37.574761208625,126.927236781956,02-323-1225,아메리카노,3500원, 동과차 ,4000원,가성비 아메리카노,3500,4000.0
P000780,착한가격업소,,미용,삼성이발관,"서울특별시 서대문구 응암로 28, 연희한양아파트상가 101호",37.5762716171408,126.909844105861,02-322-7977,커트 ,7000원, 면도 ,5000원,가성비 커트 ,7000,5000.0
P000781,착한가격업소,,미용,선머리방,서울특별시 서대문구 모래내로 350,37.5809989065081,126.935330124979,02-379-2696,커트,10000원, 파마 ,25000원,가성비 커트,10000,25000.0
P000782,착한가격업소,,식당,소문난냉면,서울특별시 서대문구 거북골로 210,37.5790496977319,126.908150545374,02-373-7673,물(비빔)냉면,7000원,양푼비빔밥,7000원,가성비 물(비빔)냉면,7000,7000.0
P000783,착한가격업소,,식당,송림기사식당,서울특별시 서대문구 모래내로209,37.5735595676059,126.922861837008,02-308-2317,냉삼겹살,13000원,생목살,16000원,가성비 냉삼겹살,13000,16000.0
P000784,착한가격업소,,미용,아름다운헤어,"서울특별시 서대문구 응암로 28, 연희한양아파트상가 103호",37.5762716171408,126.909844105861,02-376-7124,"커트(남,여)",10000원,어린이커트,7000원,"가성비 커트(남,여)",10000,7000.0
P000785,착한가격업소,,식당,엉터리돼지갈비,서울특별시 서대문구 포방터길 71,37.5999079501205,126.949373042104,02-379-1583,동태찌개,6000원,김치찌개,6000원,가성비 동태찌개,6000,6000.0
P000786,착한가격업소,,식당,연안식당,서울특별시 서대문구 증가로 258,37.5837651994635,126.911656151918,02-302-3773,생삼겹주물럭(300g),15000원,소모둠 3인분 (900g) ,55000원,가성비 생삼겹주물럭(300g),15000,55000.0
P000787,착한가격업소,,식당,왕세숫대야냉면,서울특별시 서대문구 수색로2길 7,37.5691852263581,126.915981995677,02-376-0877,물(비빔)냉면,6000원,수제돈까스,7000원,가성비 물(비빔)냉면,6000,7000.0
P000788,착한가격업소,,미용,윤헤어모드,서울특별시 서대문구 가재울로10길 25,37.5765024972042,126.922329680252,02-307-2896,커트,5000원,파마,25000원,가성비 커트,5000,25000.0
P000789,착한가격업소,,미용,은주헤어뉴스,서울특별시 서대문구 거북골로20길53-3,37.5803043702542,126.910666702104,02-302-6281,커트(여),7000원,커트(남),7000원,가성비 커트(여),7000,7000.0
P000790,착한가격업소,,미용,은하수헤어갤러리,서울특별시 서대문구 응암로53,37.5782043803412,126.909779737699,02-306-4580,커트,10000원,파마,30000원,가성비 커트,10000,30000.0
P000791,착한가격업소,,미용,은혜미용실,서울특별시 서대문구 홍은중앙로9길2,37.5994705589562,126.948218856717,02-395-3619,커트(여),11000원,커트(남),12000원,가성비 커트(여),11000,12000.0
P000792,착한가격업소,,미용,이리이발관,서울특별시 서대문구 거북골로 208,37.5789473151204,126.908344145118,02-374-3875,커트,7000원,면도,6000원,가성비 커트,7000,6000.0
P000793,착한가격업소,,미용,쟈스민헤어,서울특별시 서대문구 증가로24마길47,37.5828062618338,126.919054622316,02-304-6188,커트,10000원,아이롱,20000원,가성비 커트,10000,20000.0
P000794,착한가격업소,,미용,조희헤어샵,서울특별시 서대문구 가재울로10길41,37.5770619910359,126.922705622393,02-373-8659,어린이커트,14000원,파마,35000원,가성비 어린이커트,14000,35000.0
P000795,착한가격업소,,식당,진사골 ,서울특별시 서대문구 이화여대3길23,37.5578688550128,126.944414126896,02-363-3959,제육볶음,9000원,뼈해장국,9000원,가성비 제육볶음,9000,9000.0
P000796,착한가격업소,,미용,진헤어샵,서울특별시 서대문구 거북골로16길 5,37.5768629297063,126.911377896577,02-305-7767,커트(남성),12000원,커트(여성),12000원,가성비 커트(남성),12000,12000.0
P000797,착한가격업소,,식당,청년밥상문간 이화여자대학교점,서울특별시 서대문구 이화여대길 52-39 지하1층,37.5594672041902,126.945142833645,02-313-6031,김치찌개 ,3000원,,,가성비 김치찌개 ,3000,
P000798,착한가격업소,,식당,청와면옥함흥냉면,서울특별시 서대문구 응암로94,37.5811585853874,126.912569684777,02-309-8359,갈비탕,10000원,돼지갈비(300g),14000원,가성비 갈비탕,10000,14000.0
P000799,착한가격업소,,식당,축산정육식당,서울특별시 서대문구 통일로479,37.5907638117159,126.941619804072,02-391-9285,돼지한마리세트(600g),33000원,소한마리세트(500g),32000원,가성비 돼지한마리세트(600g),33000,32000.0
P000800,착한가격업소,,식당,춘천식당,서울특별시 서대문구 수색로 42,37.5704446606082,126.91425977513,02-309-2208,된장찌개백반 ,6000원,김치찌개백반,7000원,가성비 된장찌개백반 ,6000,7000.0
P000801,착한가격업소,,카페,"카페,떡마을",서울특별시 서대문구 통일로 189-1,37.570349534206,126.961866338275,02-363-8128,단팥죽,6000원,팥빙수,6000원,가성비 단팥죽,6000,6000.0
P000802,착한가격업소,,식당,칼집삼겹살,서울특별시 서대문구 통일로39가길12,37.5887957270391,126.943372234421,02-394-9007,칼집(양념)  삼겹살(150g),10000원,술된장,6000원,가성비 칼집(양념)  삼겹살(150g),10000,6000.0
P000803,착한가격업소,,미용,커커헤어아트,서울특별시 서대문구 세검정로1길 48,37.5931297738923,126.944138124551,02-396-1462,파마,25000원,뿌리염색,15000원,가성비 파마,25000,15000.0
P000804,착한가격업소,,식당,풍년갈비,서울특별시 서대문구 통일로 495,37.5920439294828,126.94087228705,02-3216-1903,돼지갈비(200g),14000원,목등심(200g),14000원,가성비 돼지갈비(200g),14000,14000.0
P000805,착한가격업소,,식당,홍은나루터,서울특별시 서대문구 연희로 261,37.5803069531389,126.935843342703,02-395-3081,김치찌개,8000원,부대찌개,8000원,가성비 김치찌개,8000,8000.0
P000806,착한가격업소,,식당,홍제동잔치집,서울특별시 서대문구 통일로428-1,37.5876310271935,126.945897515732,02-720-8833,잔치국수,4000원,비빔국수,5000원,가성비 잔치국수,4000,5000.0
P000807,착한가격업소,,식당,소문난화순집,서울특별시 서대문구 증가로220,37.5814340155239,126.914782556795,02-376-2062,생선구이백반,8000원,된장찌개,8000원,가성비 생선구이백반,8000,8000.0
P000808,착한가격업소,,미용,히즈모,서울특별시 서대문구 세무서길 71 1층,37.5910921447059,126.946590905356,02-3217-4275,스마트커트,8000원,디자인커트,9000원,가성비 스마트커트,8000,9000.0
P000809,착한가격업소,,미용,더헤어,"서울특별시 서대문구 증가로32안길 1, 1층",37.5841420023773,126.912028302962,,커트,10000원,뿌리염색,25000원,가성비 커트,10000,25000.0
P000810,착한가격업소,,식당,포방터쭈꾸미,"서울특별시 서대문구 홍은중앙로 100-35., 1층",37.5993399378289,126.948890685724,02-6012-6925,철판쭈꾸미(1인분),13500원,계란찜,4000원,가성비 철판쭈꾸미(1인분),13500,4000.0
P000811,착한가격업소,,식당,수신당,"서울특별시 서대문구 수색로 2길 39, 110-4호",37.5713138623931,126.915904667901,,소금빵(쌀가루),2800원,,,가성비 소금빵(쌀가루),2800,
P000812,착한가격업소,,식당,한잎,"서울특별시 서대문구 홍은중앙로9길 10, 1층",37.5997604311927,126.94827244503,,돈카츠,4000원,스파게티,4500원,가성비 돈카츠,4000,4500.0
P000813,착한가격업소,,기타,리커버리 PT스튜디오,서울특별시 서대문구 연희맛로 10 2층,37.5660664422523,126.929041329438,02-335-7201,PT10회,660000원,PT20회,1210000원,가성비 PT10회,660000,1210000.0
P000814,착한가격업소,,식당,공룡치킨,서울특별시 서대문구 홍은중앙로 97 1층,37.5995002619768,126.948356762502,02-364-3100,통닭(1마리),9000원,똥집튀김,8000원,가성비 통닭(1마리),9000,8000.0
P000815,착한가격업소,,식당,가마솥 꽈배기,서울특별시 서대문구 통일로 189-1 1층,37.570349534206,126.961866338275,02-312-4999,꽈배기(4개),1000원,팥도너츠(2개),1000원,가성비 꽈배기(4개),1000,1000.0
P000816,착한가격업소,,식당,에버그린,서울특별시 서대문구 모래내로 350,37.5809989065081,126.935330124979,02-396-0252,돈가스,8000원,생선가스,9000원,가성비 돈가스,8000,9000.0
P000817,착한가격업소,,식당,여리네닭갈비,서울특별시 서대문구 통일로37길 23 (홍제동) 102호,37.5871751641566,126.944239379124,,닭갈비(1인분),9500원,,,가성비 닭갈비(1인분),9500,
P000818,착한가격업소,,미용,강윤영 헤어갤러리,서울특별시 서대문구 증가로 10길 5,37.5777914012456,126.923066452024,,커트,15000원,파마,30000원,가성비 커트,15000,30000.0
P000819,착한가격업소,,식당,유진아구찜,"서울특별시 서대문구 통일로 484, 1층 F열 39, 40호 (홍제동)",37.5915743346223,126.943075962755,0507-1333-2428,아구찜(소),29000원,,,가성비 아구찜(소),29000,
P000820,착한가격업소,,식당,날아라분식,서울특별시 서대문구 경기대로 39 (충정로3가),37.5629573257303,126.961904175038,02-313-3890,왕돈까스,8000원,김치찌개,8000원,가성비 왕돈까스,8000,8000.0
P000821,착한가격업소,,식당,따뜻한밥상 홍제,"서울특별시 서대문구 통일로40길 9, 2층 (홍제동)",37.5903326793511,126.943267128361,,김치찌개,3000원,계란후라이,500원,가성비 김치찌개,3000,500.0
P000822,착한가격업소,,식당,가이오국수,"서울특별시 서대문구 통일로 37길 15, 1층 (홍제동)",37.5875414481703,126.944303982046,02-6338-0925,부추국수,8000원,,,가성비 부추국수,8000,
P000823,착한가격업소,,식당,더 치킨맨,"서울특별시 서대문구 통일로 364, 1층 (홍제동)",37.5828309658005,126.950359953974,02-722-8280,크리스피,13000원,크리스피반양념반,15000원,가성비 크리스피,13000,15000.0
P000824,착한가격업소,,식당,늘우짜,"서울특별시 서대문구 남가좌동 211-24, 1층 (남가좌동)",37.5761879882132,126.92101411533,02-375-5500,짜장,7000원,우동,7000원,가성비 짜장,7000,7000.0
P000825,착한가격업소,,식당,장모님국수랑전,"서울특별시 서대문구 가재울미래로 2, 221동 1층 101-2호 (남가좌동)",37.5744019902031,126.917907814167,,부추전,8000원,,,가성비 부추전,8000,
P000826,착한가격업소,,식당,아콘스톨,"서울특별시 서대문구 신촌역로 17, 1층 110호 (대현동, 현대캠퍼빌)",37.5582949705995,126.942417130232,0507-1376-1301,김밥,3000원,볶음밥,4900원,가성비 김밥,3000,4900.0
P000827,착한가격업소,,식당,홍연국수,"서울특별시 서대문구 홍연길 81, 1층 (연희동)",37.5767419630715,126.931002335553,0507-1435-8994,비빔국수,8000원,바지락칼국수,9000원,가성비 비빔국수,8000,9000.0
P000828,착한가격업소,,식당,명지 장수오리,"서울특별시 서대문구 모래내로 275, 1층 (홍은동)",37.5772850884939,126.928588614002,02-307-8074,생오리정식,15800원,,,가성비 생오리정식,15800,
P000829,착한가격업소,,식당,배나무집소반,"서울특별시 서대문구 홍제원4길 8, 1층 (홍제동)",37.5863743438234,126.94733915173,02-738-8545,김치찜,7500원,닭불고기,7500원,가성비 김치찜,7500,7500.0
P000830,착한가격업소,,식당,등촌샤브칼국수 신촌점,"서울특별시 서대문구 신촌역로 43, 1층 좌측",37.5589480319722,126.940635648618,0507-1398-7850,버섯칼국수(1인분),10000원,샤브소고기(200g),10000원,가성비 버섯칼국수(1인분),10000,10000.0
P000831,착한가격업소,,식당,전통만두,서울특별시 서대문구 연희로8길 5-3,37.5657771736456,126.930473444202,02-3142-2989,김치/고기만두,6000원,왕만두,6500원,가성비 김치/고기만두,6000,6500.0
P000832,착한가격업소,,식당,미식가,서울특별시 서대문구 가재울로10길 41,37.5770619910359,126.922705622393,02-303-8030,돈가스,10000원,,,가성비 돈가스,10000,
P000833,착한가격업소,,식당,차푸,서울특별시 서대문구 가재울로6길 53-87,37.5770014321492,126.923101000154,02-302-0085,짜장면,5000원,짬뽕,6000원,가성비 짜장면,5000,6000.0
P000834,착한가격업소,,미용,민들레미용실,"서울특별시 서대문구 간호대로3길 2, 1층",37.5966759019715,126.948097932584,,남성커트,8000원,여성커트,10000원,가성비 남성커트,8000,10000.0
P000835,착한가격업소,,미용,헤어큐미용실,서울특별시 서대문구 포방터길 43,37.5986709547936,126.948896918507,,커트,10000원,,,가성비 커트,10000,
P000836,착한가격업소,,식당,소오,서울특별시 서대문구 이화여대길 50-10,37.559084989016,126.946291992341,02-6397-8917,카레라이스,8500원,제육덮밥,8500원,가성비 카레라이스,8500,8500.0
P000837,착한가격업소,,카페,까루나,"서울특별시 서대문구 홍제내길 42, 1층 (홍제동)",37.5843914591086,126.936403206045,02-394-1733,에스프레소,4000원,아메리카노,4500원,가성비 에스프레소,4000,4500.0
P000838,착한가격업소,,식당,밀,서울특별시 서대문구 증가로8길 8-1 (남가좌동) 1층,37.577726721289,126.924338739337,02-304-7991,포르치니파케리,19500원,안심스테이크,31500원,가성비 포르치니파케리,19500,31500.0
P000839,착한가격업소,,식당,온밥,서울특별시 서대문구 연세로7안길 34-1 (창천동) 지하1층,37.5582285029722,126.934840170878,02-333-4465,제육덮밥,7500원,,,가성비 제육덮밥,7500,
P000840,착한가격업소,,기타,박스짐,"서울특별시 서대문구 홍제원길 11 (홍제동) B1층 (홍제동, 보성빌딩)",37.5868711742579,126.947390770116,070-8958-2016,PT10회,495000원,PT20회,935000원,가성비 PT10회,495000,935000.0
P000841,착한가격업소,,식당,유일한베이커리,"서울특별시 서대문구 거북골로 120 (남가좌동, DMC센트레빌) 상가2동 지하2층 2-1A호 (남가좌동)",37.5754832622486,126.916097519773,02-303-3803,쌀시오빵,2000원,감자치아바타,2400원,가성비 쌀시오빵,2000,2400.0
P000842,착한가격업소,,식당,화춘장 중화요리,"서울특별시 서대문구 통일로37길 9, 1층 (홍제동)",37.5877458585851,126.944442526967,02-6952-6672,짜장면,6500원,,,가성비 짜장면,6500,
P000843,착한가격업소,,식당,만월,"서울특별시 서대문구 세검정로 95, 1층",37.5961619307968,126.948818464061,02-395-2012,만월우동,9000원,붓카케우동,9000원,가성비 만월우동,9000,9000.0
P000844,착한가격업소,,식당,자가제면 홍제우동,"서울특별시 서대문구 세무서7길 12-6 (홍제동, 대흥주택) 1층",37.5916310052196,126.946540473449,02-6941-1881,홍제우동,7000원,자루우동,7000원,가성비 홍제우동,7000,7000.0
P000845,착한가격업소,,식당,키다리돈카츠,서울특별시 서대문구 세검정로1길 39 (홍은동) 상가동2층,37.5931201618698,126.943629727372,02-6402-1024,모둠까스,12000원,판모밀,9000원,가성비 모둠까스,12000,9000.0
P000846,착한가격업소,,식당,해피돈까스,서울특별시 서대문구 세검정로 52-10 (홍제동) 1층,37.5920951495349,126.946636272711,02-394-4476,해피돈까스,9000원,해피정식(모둠),10000원,가성비 해피돈까스,9000,10000.0
P000847,착한가격업소,,카페,지랩(GRAP),서울특별시 서대문구 명지대7길 21 (남가좌동) 1층,37.5837961727536,126.921983246949,0507-1344-6599,아메리카노,2800원,애플파이,4000원,가성비 아메리카노,2800,4000.0
P000848,착한가격업소,,기타,행복한리더스쿨 논술교습소,서울특별시 서대문구 세검정로1길 103 (홍은동) 2층,37.5949367057901,126.946060491378,0507-1411-6635,초등논술(주3회),110000원,중등논술(주4회),160000원,가성비 초등논술(주3회),110000,160000.0
P000849,착한가격업소,,식당,명인강메밀,"서울특별시 서대문구 충정로 43-4, 1층 (충정로3가)",37.5630162425604,126.964180178209,02-362-1172,메밀전병,12000원,,,가성비 메밀전병,12000,
P000850,착한가격업소,,식당,선희네 명태조림,서울특별시 서대문구 경기대로 62 (충정로2가) 2층,37.5642990614534,126.963820082909,02-313-6333,코다리조림(점심),10000원,,,가성비 코다리조림(점심),10000,
P000851,착한가격업소,,미용,선희미용실,서울특별시 서대문구 응암로 143 (북가좌동),37.5850998882451,126.914785284352,02-308-6408,파마,50000원,커트,12000원,가성비 파마,50000,12000.0
P000852,착한가격업소,,식당,연희순대국,서울특별시 서대문구 증가로 131 (남가좌동) 1층,37.5772805104323,126.923024751681,02-305-8315,순대국,9000원,,,가성비 ,9000,
P000853,착한가격업소,,식당,불밥,서울특별시 서대문구 이화여대8길11 (대현동),37.5588491585816,126.946403302892,,불밥,10000원,불돼지,10000원,가성비 불밥,10000,10000.0
P000854,착한가격업소,,식당,빠오돈,"서울특별시 서대문구 거북골로 174-1, 1층 좌측 (북가좌동)",37.5769793789037,126.911072668656,,수제등심돈까스,3500원,,,가성비 수제등심돈까스,3500,
P000855,착한가격업소,,미용,댕기머리,"서울특별시 서대문구 북아현로4가길21, 1층",37.5589076194057,126.958958161148,,샴푸,15000원,영양,15000원,가성비 샴푸,15000,15000.0
P000856,착한가격업소,,미용,예드니헤어샵,"서울특별시 서대문구 명지대길 86, 1층",37.5836956374217,126.923382476206,,파마,55000원,컷트,15000원,가성비 파마,55000,15000.0
P000857,착한가격업소,,기타,씨웰안경원,"서울특별시 서대문구 가재울로4길 57-2, 1층",37.5762648456941,126.924459762787,,안경(애실로코리아 다촞점),200000원,패션선글라스(필라),60000원,가성비 안경(애실로코리아 다촞점),200000,60000.0
P000858,착한가격업소,,미용,나이스가이 가재울점,"서울특별시 서대문구 가재울미래로 2, 201-104",37.5744019902031,126.917907814167,02-6498-8660,커트,12000원,새치염색,19000원,가성비 커트,12000,19000.0
P000859,착한가격업소,,기타,스마트덴트자동차공업사,서울특별시 서대문구 세검정로 65,37.5936595371337,126.947632043043,,경차세차,25000원,승용차세차(아반떼~제네시스),30000원,가성비 경차세차,25000,30000.0
P000860,착한가격업소,,미용,라윤헤어,"서울특별시 서대문구 포방터길 61, 1층 우측호",37.5994488181756,126.949193528147,,여성컷트,12000원,일반파마,35000원,가성비 여성컷트,12000,35000.0
P000861,착한가격업소,,기타,어텐션픽스튜디오,"서울특별시 서대문구 연세로11길 5, 5층",37.558862610657,126.936467691497,0507-1443-7290,증명사진,19000원,,,가성비 증명사진,19000,
P000862,착한가격업소,,미용,컷앤컬러,"서울특별시 서대문구 통일로 404, 1층",37.5857867120349,126.947735040584,,경로우대남자컷트,10000원,경로우대 컷트염색,30000원,가성비 경로우대남자컷트,10000,30000.0
P000863,착한가격업소,,식당,우정섞어찌개,"서울특별시 서대문구 연희로 88, 1층 3호",37.5659051569356,126.930391602682,,비빔밥,7000원,돌순두부,7000원,가성비 비빔밥,7000,7000.0
P000864,착한가격업소,,식당,원조국수전문점,서울특별시 서대문구 인왕시장길 16,37.5910571478055,126.942853525448,02-396-9353,잔치국수,5000원,비빔국수,6000원,가성비 잔치국수,5000,6000.0
P000865,착한가격업소,,식당,포방돈카,"서울특별시 서대문구 포방터길43, 1층좌",37.5986709547936,126.948896918507,,등심돈까스,9000원,안심돈까스,10000원,가성비 등심돈까스,9000,10000.0
P000866,착한가격업소,,식당,백반앤찌개,"서울특별시 서대문구 북아현로4길9-8, 1층",37.5595534832804,126.957512503889,02-393-0891,백반,7000원,,,가성비 백반,7000,
P000867,착한가격업소,,기타,한양스튜디오,"서울특별시 서대문구 포방터길 42-2, 1층",37.5984895120417,126.949144468746,02-391-2853,증명사진,17000원,청소년할인,15000원,가성비 증명사진,17000,15000.0
P000868,착한가격업소,,식당,오누정,서울특별시 서대문구 홍연길 90,37.5768058055173,126.931556078711,070-8080-0402,오란다,1200원,호두정과,1200원,가성비 오란다,1200,1200.0
P000869,착한가격업소,,식당,하림치킨,서울특별시 서대문구 홍연길 87,37.5768701260661,126.931228062773,,후라이드치킨,17000원,,,가성비 후라이드치킨,17000,
P000870,착한가격업소,,식당,라이빈,서울특별시 서대문구 영천시장길 66,37.569664876076,126.962454281861,02-6014-1945,자장면,5000원,,,가성비 자장면,5000,
P000871,착한가격업소,,기타,데이스타 플레이그라운드,"서울특별시 서대문구 연희로 107-1, B1",37.5676826180132,126.931274542954,0507-1489-1474,1달회원권,210000원,3달회원권(매일반),640000원,가성비 1달회원권,210000,640000.0
P000872,착한가격업소,,식당,베트남시장쌀국수,서울특별시 서대문구 영천시장길 30,37.5707413355711,126.96091302407,02-393-8884,베트남쌀국수,9000원,비빔쌀국수,10000원,가성비 베트남쌀국수,9000,10000.0
P000873,착한가격업소,,식당,제인버거,서울특별시 서대문구 연희로 245,37.579000010959,126.93575016104,02-3144-0955,제인버거,4000원,,,가성비 제인버거,4000,
P000874,착한가격업소,,식당,금정가든,"서울특별시 서대문구 증가로10길 67, 1층",37.5797894328651,126.925434111446,02-305-5895,삼겹살,14000원,건강영양돌솥밥정식,12000원,가성비 삼겹살,14000,12000.0
P000875,착한가격업소,,식당,비쿠리야,서울특별시 서대문구 연세로7안길 34-4 지하,37.5582737615065,126.935055395291,02-336-6663,스테미나철판,12900원,,,가성비 스테미나철판,12900,
P000876,착한가격업소,,식당,참숯대박갈비,"서울특별시 서대문구 통일로 442-9, 1층",37.5888289245587,126.944983045264,02-6460-0078,대박갈비(갈비1대+공기밥+찌개),9900원,,,가성비 대박갈비(갈비1대+공기밥+찌개),9900,
P000877,착한가격업소,,식당,고냉지,"서울특별시 서대문구 연세로2마길 30, 1층",37.5585039932418,126.942214946709,02-313-0845,김치찌개+비빔밥,9000원,,,가성비 김치찌개+비빔밥,9000,
P000878,착한가격업소,,식당,박가네,"서울특별시 서대문구 이화여대3길 12-4, 1층",37.5581460450824,126.945084384063,02-393-8853,순두부찌개,9500원,,,가성비 순두부찌개,9500,
P000879,착한가격업소,,기타,포토마인,"서울특별시 서대문구 신촌로 75, 지층",37.5560882413034,126.934944004562,0507-1481-9667,증명사진,19000원,,,가성비 증명사진,19000,
P000880,착한가격업소,,카페,경성커피컴퍼니,"서울특별시 마포구 삼개로 7-1, 1층 (도화동)",37.5396648695587,126.947700718654,02-716-7007,아메리카노,3000원,라떼,3500원,가성비 아메리카노,3000,3500.0
P000881,착한가격업소,,미용,경희헤어숍,"서울특별시 마포구 마포대로11길 33, 1층 (공덕동)",37.5489415224074,126.952298068922,02-719-1857,커트,16000원,파마,50000원,가성비 커트,16000,50000.0
P000882,착한가격업소,,식당,고향집,서울특별시 마포구 포은로 8길 28 (망원동),37.5565325522914,126.906306163002,02-322-8762,칼국수,4500원,콩나물비빔밥 ,4500원,가성비 칼국수,4500,4500.0
P000883,착한가격업소,,미용,나인미용실,서울특별시 마포구 월드컵로 32길 9,37.5624484371164,126.905215584941,02-333-7298,커트,13000원,파마  ,40000원,가성비 커트,13000,40000.0
P000884,착한가격업소,,식당,냠냠분식,"서울특별시 마포구 모래내로 7길 89, 1층 2호 (성산동)",37.5682704926227,126.908296671286,,김밥,3500원,라면,4500원,가성비 김밥,3500,4500.0
P000885,착한가격업소,,식당,동일루,서울특별시 마포구 포은로 75 (망원동),37.5538237462899,126.905567945655,02-3144-2221,유니짜장,7000원,짬뽕(2인),12000원,가성비 유니짜장,7000,12000.0
P000886,착한가격업소,,미용,동일이용원,서울특별시 마포구 성미산로 1길 30,37.5593522905524,126.907997038507,02-333-0771,커트,13000원,염색,15000원,가성비 커트,13000,15000.0
P000887,착한가격업소,,식당,라푸스코 마포점,서울특별시 마포구 만리재옛길 18(신공덕동),37.5456041859389,126.955194223342,02-702-4333,피자(콤비네이션),18900원,피자(불고기),17900원,가성비 피자(콤비네이션),18900,17900.0
P000888,착한가격업소,,미용,로뎀헤어,서울특별시 마포구 숭문길 217 (대흥동),37.5560808598589,126.946436974443,,커트,10000원,파마,30000원,가성비 커트,10000,30000.0
P000889,착한가격업소,,식당,망원시장손칼국수,"서울특별시 마포구 망원로8길 29, 1층 (망원동)",37.5561838524433,126.906288604852,,칼국수,5000원,,,가성비 칼국수,5000,
P000890,착한가격업소,,미용,머리사랑,서울특별시 마포구 독막로40길 8 (대흥동),37.5447802460503,126.944246755429,02-706-0727,커트,10000원,파마,35000원,가성비 커트,10000,35000.0
P000891,착한가격업소,,미용,명품헤어샵,"서울특별시 마포구 월드컵로23길 25 (망원동, 1층)",37.556716988748,126.90779701587,,커트,10000원,파마,25000원,가성비 커트,10000,25000.0
P000892,착한가격업소,,식당,미소국수,서울특별시 마포구 동교로 27길 41 (연남동),37.5596861029029,126.921460829141,02-326-5403,잔치국수(곱배기),7000원,,,가성비 잔치국수(곱배기),7000,
P000893,착한가격업소,,식당,봉주르,서울특별시 마포구 와우산로 155-1(서교동),37.5549789202685,126.930036332426,02-332-8373,찌개백반,5500원,,,가성비 찌개백반,5500,
P000894,착한가격업소,,미용,부산미용,서울특별시 마포구 숭문길 186 (염리동),37.5546833332726,126.946659679023,,커트,10000원,파마,30000원,가성비 커트,10000,30000.0
P000895,착한가격업소,,미용,뷰티헤어클럽,서울특별시 마포구 희우정로 92 (망원동),37.5538396904738,126.902569462896,02-322-7929,파마,30000원,커트,10000원,가성비 파마,30000,10000.0
P000896,착한가격업소,,식당,빈대떡마을,서울특별시 마포구 망원로 97 (망원동),37.5581064714844,126.907521980502,02-325-0843,해물부추전,13000원,호박전,10000원,가성비 해물부추전,13000,10000.0
P000897,착한가격업소,,미용,새론헤어라인,서울특별시 마포구 와우산로 3길 13(상수동),37.5460134604604,126.922277134114,02-336-2431,파마(어르신),30000원,커트,13000원,가성비 파마(어르신),30000,13000.0
P000898,착한가격업소,,식당,선자네,"서울특별시 마포구 잔다리로 131, 1층 (성산동)",37.5584171780944,126.912788099743,,제육덮밥,8000원,된장찌개,7000원,가성비 제육덮밥,8000,7000.0
P000899,착한가격업소,,식당,솔잎식당,서울특별시 마포구 마포대로 4길 46 (도화동),37.5376822682619,126.946603224616,02-717-2044,김치찌개백반,8000원,우렁된장찌개,8000원,가성비 김치찌개백반,8000,8000.0
P000900,착한가격업소,,미용,수도미용실,서울특별시 마포구 굴레방로7길 26 (아현동),37.556360677503,126.954058299941,,커트,10000원,파마,30000원,가성비 커트,10000,30000.0
P000901,착한가격업소,,미용,에덴미용실,서울특별시 마포구 망원로3길 13 (망원동),37.5572555588125,126.901384589348,02-333-1346,파마,35000원,커트,12000원,가성비 파마,35000,12000.0
P000902,착한가격업소,,미용,연백이발관,서울특별시 마포구 만리재옛길 5 (공덕동),37.545045043436,126.954299594353,02-711-9782,이발료,7000원,,,가성비 이발료,7000,
P000903,착한가격업소,,식당,연희동 할머니네,서울특별시 마포구 성미산로 100 (연남동),37.5614314159824,126.918524630671,02-322-8258,생선구이정식세트,11000원,,,가성비 생선구이정식세트,11000,
P000904,착한가격업소,,식당,옛날무쇠솥,"서울특별시 마포구 서강로1길 12-5, 1층 (창전동)",37.5489508380303,126.931031582072,02-323-7098,된장찌개백반,6000원,김치찌개백반,6500원,가성비 된장찌개백반,6000,6500.0
P000905,착한가격업소,,식당,오군 수제돈까스,서울특별시 마포구 동교로 27길 62 (연남동),37.5605137035319,126.920973395337,02-325-5159,수제로스까스,11000원,수제치킨까스,11000원,가성비 수제로스까스,11000,11000.0
P000906,착한가격업소,,식당,웰빙뚝배기,서울특별시 마포구 동교로12길 21 (서교동),37.5534648656176,126.912692130868,02-982-0652,백반,9000원,,,가성비 백반,9000,
P000907,착한가격업소,,미용,유나헤어,"서울특별시 마포구 방울내로 40, 1층 (망원동)",37.5587388154098,126.900353730704,,커트,10000원,파마,30000원,가성비 커트,10000,30000.0
P000908,착한가격업소,,미용,은경미용실,서울특별시 마포구 월드컵로 28길 6,37.5595012771117,126.907601859028,02-334-6262,커트,15000원,파마,30000원,가성비 커트,15000,30000.0
P000909,착한가격업소,,미용,이화미용실,"서울특별시 마포구 방울내로7길 29, 1층 (망원동)",37.5610891059227,126.901800460124,02-335-2547,커트,12000원,파마,35000원,가성비 커트,12000,35000.0
P000910,착한가격업소,,기타,조은칼라,서울특별시 마포구 월드컵북로 230,37.5701416409399,126.903831982249,02-375-7755,촬영료,15000원,인화(장당),400원,가성비 촬영료,15000,400.0
P000911,착한가격업소,,미용,주연헤어센스,서울특별시 마포구 희우정로 10길 30 (망원동),37.5531957397292,126.905666630029,,커트,10000원,파마,20000원,가성비 커트,10000,20000.0
P000912,착한가격업소,,미용,준헤어필,"서울특별시 마포구 월드컵북로 125, 1층 (성산동)",37.5640873687321,126.912597901834,02-332-5532,커트,15000원,파마,50000원,가성비 커트,15000,50000.0
P000913,착한가격업소,,미용,지영헤어샵,"서울특별시 마포구 백범로 199, 지하1층 109호 (신공덕동)",37.5434778780948,126.952779970695,02-707-2551,파마,50000원,커트,15000원,가성비 파마,50000,15000.0
P000914,착한가격업소,,식당,참맛 닭곰탕,서울특별시 마포구 망원로8길 36 (망원동),37.5559256004882,126.90614225469,02-336-9945,닭곰탕,7000원,닭곰탕(특),8500원,가성비 닭곰탕,7000,8500.0
P000915,착한가격업소,,식당,천이오겹살,"서울특별시 마포구 양화로7길 12, 1층",37.5514096192093,126.915191676236,02-325-2920,"오겹살,삼겹살(150g)",10000원,찌개류,6000원,"가성비 오겹살,삼겹살(150g)",10000,6000.0
P000916,착한가격업소,,미용,태양미용실,서울특별시 마포구 월드컵북로 207,37.5687954893124,126.905649902888,02-375-3912,커트,10000원,파마,30000원,가성비 커트,10000,30000.0
P000917,착한가격업소,,식당,한성축산식당,서울특별시 마포구 연남로 33 (연남동),37.5625492085834,126.921474235353,02-375-8447,돼지갈비(300g),15000원,물냉면,8000원,가성비 돼지갈비(300g),15000,8000.0
P000918,착한가격업소,,세탁&목욕,한화세탁,서울특별시 마포구 마포대로 33 (도화동),37.5399847863145,126.945447452979,,양복세탁료,7000원,의류수선료,6000원,가성비 양복세탁료,7000,6000.0
P000919,착한가격업소,,식당,해피하우스소정,"서울특별시 마포구 성산로 128, 지하1층 (성산동)",37.5638441231529,126.908003625741,02-336-4897,된장찌개백반,8000원,김치찌개백반,8000원,가성비 된장찌개백반,8000,8000.0
P000920,착한가격업소,,미용,헤어스타,"서울특별시 마포구 독막로 266, 203호 (대흥동, 태영아파트중앙상가)",37.5438675433938,126.942389642584,,커트,15000원,파마,60000원,가성비 커트,15000,60000.0
P000921,착한가격업소,,식당,효성마루,서울특별시 마포구 마포대로7길 15 (공덕동),37.5469323453646,126.951977068223,02-711-978202-716-3683,된장찌개백반,8000원,김치찌개,8000원,가성비 된장찌개백반,8000,8000.0
P000922,착한가격업소,,식당,모아,"서울특별시 마포구 월드컵북로 233, 제상가동 1층 115호",37.5697322900238,126.903135454197,02-307-4528,김치찌개,8000원,동태찌개,8000원,가성비 김치찌개,8000,8000.0
P000923,착한가격업소,,미용,헤어센스,서울특별시 마포구 고산길 150 (대흥동),37.5543313302579,126.945123398308,02-703-6612,커트,15000원,파마,35000원,가성비 커트,15000,35000.0
P000924,착한가격업소,,식당,지후식당,"서울특별시 마포구 매봉산로2길 68, 1층 (상암동)",37.5763732585256,126.896149350546,,규동,8500원,가츠동 ,9500원,가성비 규동,8500,9500.0
P000925,착한가격업소,,카페,카페마루,"서울특별시 마포구 창전로 66 (신수동, 1층)",37.5483026653971,126.932918259254,02-6737-1013,아메리카노,2500원,"라떼(아이스,핫)",4000원,가성비 아메리카노,2500,4000.0
P000926,착한가격업소,,식당,양귀비짬뽕,"서울특별시 마포구 월드컵로 190, 112호",37.5641776888752,126.903289789101,02-302-2302,짜장면,7000원,짬뽕,9000원,가성비 짜장면,7000,9000.0
P000927,착한가격업소,,식당,민들레,서울특별시 마포구 잔다리로 132,37.5585526285229,126.913073942735,02-3142-8887,백반정식,8000원,,,가성비 백반정식,8000,
P000928,착한가격업소,,식당,백미향,"서울특별시 마포구 성지길 27, 1층",37.5473367239749,126.91342260426,02-312-8253,탕수육,25000원,짬뽕,11000원,가성비 탕수육,25000,11000.0
P000929,착한가격업소,,미용,뷰티클럽,"서울특별시 마포구 동교로32길 8, 2층",37.5607058825611,126.924689952601,0507-1373-3536,여드름관리,20000원,재생트리트먼트,20000원,가성비 여드름관리,20000,20000.0
P000930,착한가격업소,,식당,외양간,"서울특별시 마포구 독막로18길 12, 1층",37.5472951978444,126.923761381028,02-3144-1888,한우등심,29000원,곰탕,10000원,가성비 한우등심,29000,10000.0
P000931,착한가격업소,,식당,망원식당,"서울특별시 마포구 망원로8길 6, 1층 일부 (망원동)",37.5571824221602,126.905715929007,02-3144-0848,멸치국수,6000원,웰빙보리비빔밥+뚝배기 강된장,8000원,가성비 멸치국수,6000,8000.0
P000932,착한가격업소,,식당,장모님멸치국수,서울특별시 마포구 월드컵로13길42 (망원동),37.5554956273971,126.907836094271,02-3144-4748,멸치국수,6000원,비빔밥,7500원,가성비 멸치국수,6000,7500.0
P000933,착한가격업소,,식당,스트렁큰,서울특별시 마포구 방울내로 65 (뚱이네포차),37.5599933007511,126.902545718522,,백반(점심),8000원,,,가성비 백반(점심),8000,
P000934,착한가격업소,,식당,파스타고,"서울특별시 마포구 와우산로33길 12, 1층",37.5554076197164,126.929741002078,,"떡볶이파스타(매장이용, 방문포장시)",9600원,"갈릭버터크림파스타(매장이용, 방문포장시)",10000원,"가성비 떡볶이파스타(매장이용, 방문포장시)",9600,10000.0
P000935,착한가격업소,,미용,염색하우스,"서울특별시 마포구 방울내로7길 23, 1층",37.5608367857233,126.90196773395,02-337-4999,"염색(남자, 두피클리닉,샴푸 포함/ 드라이는 셀프)",20000원,염색(여자),20000~원,"가성비 염색(남자, 두피클리닉,샴푸 포함/ 드라이는 셀프)",20000,20000.0
P000936,착한가격업소,,기타,오군컴퓨터,"서울특별시 마포구 동교로 191, 403호",37.5575443173423,126.922375619296,0507-1316-8861,아이폰8 배터리 ,40000원,아이폰 x 배터리,40000원,가성비 아이폰8 배터리 ,40000,40000.0
P000937,착한가격업소,,식당,리우키친,서울특별시 마포구 월드컵북로 402 (상암동) B101호,37.580189157859,126.888935582716,0507-1300-5493,닭가슴살샐러드,4500원,,,가성비 닭가슴살샐러드,4500,
P000938,착한가격업소,,식당,천국이네,서울특별시 마포구 동교로27길 46 (연남동) 1층 103호,37.5599485944607,126.921507749733,02-323-8292,옛날김밥,3500원,라면,5000원,가성비 옛날김밥,3500,5000.0
P000939,착한가격업소,,식당,맛양값,서울특별시 마포구 동교로9길 44 지1층,37.5558248277385,126.909552649962,02-326-0900,칼국수,6000원,냉면,7000원,가성비 칼국수,6000,7000.0
P000940,착한가격업소,,미용,유림헤어모드,서울특별시 마포구 숭문길 208 1층,37.5556747803658,126.946636111269,02-363-8035,커트,10000원,염색,35000원,가성비 커트,10000,35000.0
P000941,착한가격업소,,식당,원이네분식,"서울특별시 마포구 만리재로 15 (공덕동, 제일빌딩) 제일빌딩 지하1층 23호",37.5445849310546,126.95276773044,,돈까스,8000원,비빔국수,6000원,가성비 돈까스,8000,6000.0
P000942,착한가격업소,,식당,숯불설레임,서울특별시 마포구 포은로 75 1층 101호,37.5538237462899,126.905567945655,02-326-0345,삼겹살,12500원,목살,9500원,가성비 삼겹살,12500,9500.0
P000943,착한가격업소,,카페,어브리지커피,서울특별시 마포구 성미산로92 (성산동) 1층,37.5609985147172,126.917784554052,,아메리카노,2500원,바닐라라떼,3500원,가성비 아메리카노,2500,3500.0
P000944,착한가격업소,,식당,신촌돌판,"서울특별시 마포구 신촌로14길 12, 1층 (노고산동)",37.5555998971993,126.933642480341,,생목살,15000원,항정살,17000원,가성비 생목살,15000,17000.0
P000945,착한가격업소,,식당,서교밥집,"서울특별시 마포구 잔다리로 78, 1층 (서교동)",37.5545222777459,126.916429418726,,돈까스,7000원,육개장,7000원,가성비 돈까스,7000,7000.0
P000946,착한가격업소,,미용,다온에스테틱,"서울특별시 마포구 독막로 256, 2층 (대흥동)",37.5461579660236,126.941823554572,,피부관리,50000원,바디관리,50000원,가성비 피부관리,50000,50000.0
P000947,착한가격업소,,식당,구수한통닭&한방족발,"서울특별시 마포구 굴레방로9길 3, 1층 (아현동)",37.5567825449687,126.955523661974,,옛날통닭,12000원,반반통닭,14000원,가성비 옛날통닭,12000,14000.0
P000948,착한가격업소,,식당,소니가김밥,서울특별시 마포구 도화길 46-1,37.5417203786179,126.950770357484,,김밥,3500원,라면,4000원,가성비 김밥,3500,4000.0
P000949,착한가격업소,,식당,홍익분식,"서울특별시 마포구 성미산로 99, 지1층 (연남동)",37.5616226034859,126.918258216836,,김밥,3000원,김치볶음밥,7000원,가성비 김밥,3000,7000.0
P000950,착한가격업소,,식당,홍대입구역 로바다야끼 리틀카세,"서울특별시 마포구 와우산로29길 40-18, 1층 (서교동)",37.5557174480606,126.928202227308,,튀김우동,5000원,고긱우동,8000원,가성비 튀김우동,5000,8000.0
P000951,착한가격업소,,미용,란미용실,서울특별시 마포구 효창목4길 26 (공덕동),37.5471941162903,126.960576673889,02-703-6981,커트(남),10000원,커트(여),10000원,가성비 커트(남),10000,10000.0
P000952,착한가격업소,,식당,재모식당,"서울특별시 마포구 대흥로 114-1, 1층 좌측 (대흥동)",37.5496698077597,126.943722216925,02-719-3450,동태찌개,8000원,제육덮밥,8000원,가성비 동태찌개,8000,8000.0
P000953,착한가격업소,,식당,벌떼식당,"서울특별시 마포구 신촌로20길 12 (노고산동, 1층)",37.554654214226,126.938130028409,02-715-1602,김치찌개,8000원,돌솥비빔밥,8000원,가성비 김치찌개,8000,8000.0
P000954,착한가격업소,,식당,오복식당,"서울특별시 마포구 희우정로10길 35, 1층 일부호 (망원동)",37.5534088966694,126.905868483399,02-333-6042,순두부,8000원,청국장,8000원,가성비 순두부,8000,8000.0
P000955,착한가격업소,,미용,까끌래깍자,서울특별시 양천구 남부순환로70길 20-2,37.5217925042782,126.834582377813,02-2603-7289,커트(남),5000원, 염색(남),5000원,가성비 커트(남),5000,5000.0
P000956,착한가격업소,,식당,대박집,서울특별시 양천구 등촌로 46,37.533842137502,126.864032853976,02-2653-9285,대패삼겹살,3300원, 냉면 ,4500원,가성비 대패삼겹살,3300,4500.0
P000957,착한가격업소,,미용,판도라,서울특별시 양천구 목동서로 63,37.5362743708291,126.879183438673,02-2644-3693,커트(여),17000원,커트(남),9000원,가성비 커트(여),17000,9000.0
P000958,착한가격업소,,미용,머리잘하는집,서울특별시 양천구 남부순환로57길 24-1,37.534763981868,126.831361090985,02-2692-3758,커트(남),10000원, 파마,25000원,가성비 커트(남),10000,25000.0
P000959,착한가격업소,,식당,명동손칼국수,서울특별시 양천구 목동중앙북로6길 4,37.5482589749093,126.865009629825,02-2644-3999,칼국수,3500원," 칼제비,수제비 ",4000원,가성비 칼국수,3500,4000.0
P000960,착한가격업소,,세탁&목욕,미미세탁소,서울특별시 양천구 목동동로 100,37.5149820078935,126.865132254851,02-2645-5526,정장1벌,8000원,와이셔츠,2000원,가성비 정장1벌,8000,2000.0
P000961,착한가격업소,,세탁&목욕,베스트크리닝,서울특별시 양천구 은행정로1길 10,37.5203933849206,126.858772054554,02-2648-8272,정장1벌,10000원,와이셔츠,4000원,가성비 정장1벌,10000,4000.0
P000962,착한가격업소,,식당,보라매25시해장국,서울특별시 양천구 신월로17길 21,37.5206993207374,126.841751442387,02-2604-6952,돌솥비빔밥,6000원, 우렁된장,6000원,가성비 돌솥비빔밥,6000,6000.0
P000963,착한가격업소,,식당,비니거니 치킨호프,서울특별시 양천구 중앙로46길 20-1,37.522216269784,126.854375824267,02-2690-8779,허브 후라이드치킨,13000원, 양념치킨 ,15000원,가성비 허브 후라이드치킨,13000,15000.0
P000964,착한가격업소,,식당,소문장,서울특별시 양천구 목동중앙북로4길 20,37.5478172971015,126.86421637039,02-2644-3067,짜장면,4000원, 짬뽕 ,5000원,가성비 짜장면,4000,5000.0
P000965,착한가격업소,,미용,스마일헤어광장,서울특별시 양천구 중앙로46길 31,37.5224940508697,126.855477898835,02-2691-4168,커트,12000원, 염색 ,20000원,가성비 커트,12000,20000.0
P000966,착한가격업소,,미용,스타머리방,서울특별시 양천구 신월로9길 22,37.5193043811407,126.839475387208,,커트(남),8000원, 파마 ,15000원,가성비 커트(남),8000,15000.0
P000967,착한가격업소,,미용,에스헤어살롱,"서울특별시 양천구 목동중앙서로 32, 1층",37.532735612116,126.867274144065,02-2605-8331,커트(남),10000원, 커트(여) ,10000원,가성비 커트(남),10000,10000.0
P000968,착한가격업소,,미용,예성미용실,서울특별시 양천구 곰달래로5길 16,37.5310862807588,126.834225500387,02-2693-5274,커트,9000원, 파마 ,27000원,가성비 커트,9000,27000.0
P000969,착한가격업소,,미용,윤희미용실,서울특별시 양천구 목동중앙남로5길 22,37.537018693989,126.865678104577,02-2653-1671,커트(남),8000원, 커트(여) ,8000원,가성비 커트(남),8000,8000.0
P000970,착한가격업소,,식당,조은식당,서울특별시 양천구 목동동로 339 목동트윈빌 140호,37.5321753616364,126.876743891714,02-2655-2527,김치찌개 ,7000원, 순두부찌개 ,7000원,가성비 김치찌개 ,7000,7000.0
P000971,착한가격업소,,미용,찰스프로헤어,서울특별시 양천구 곰달래로5길 26-1,37.5320268159869,126.833635328235,02-2601-8067,커트(남),11000원, 커트(여) ,14000원,가성비 커트(남),11000,14000.0
P000972,착한가격업소,,식당,할범탕수육,서울특별시 양천구 목동중앙북로 15,37.5485322830583,126.865356320485,02-2652-0883,탕수육,3000원, 국수  ,3000원,가성비 탕수육,3000,3000.0
P000973,착한가격업소,,식당,홍콩반점,서울특별시 양천구 곰달래로 9-1,37.5298960209778,126.833749688333,02-2605-1471,짜장면,4000원,,,가성비 짜장면,4000,
P000974,착한가격업소,,미용,새마을 미용실,서울특별시 양천구 은행정로5길 48-1,37.5206425829298,126.854524808413,02-2643-6110,커트,5000원, 파마,15000원,가성비 커트,5000,15000.0
P000975,착한가격업소,,미용,헤어컬렉션,서울특별시 양천구 중앙로46길 16,37.5221524155791,126.853814066665,02-2695-5550,커트(남),10000원, 파마,23000원,가성비 커트(남),10000,23000.0
P000976,착한가격업소,,식당,대왕감자탕 양천본점,"서울특별시 양천구 신월로20길 6, 1층",37.5194638039998,126.844417096324,02-2065-5554,뼈해장국(2-3인분),15000원,감자탕(소)(2-3인분),20000원,가성비 뼈해장국(2-3인분),15000,20000.0
P000977,착한가격업소,,식당,소소연,"서울특별시 양천구 목동중앙로 43, 102호",37.5335410020886,126.869525224448,,한우곰탕 (포장),6000원,비빔밥 (포장),7000원,가성비 한우곰탕 (포장),6000,7000.0
P000978,착한가격업소,,식당,기사님식당(즉석우동짜장),서울특별시 양천구 지양로 91,37.5230016069274,126.831936221918,02-2696-0982,짜장면,5000원,우동,5000원,가성비 짜장면,5000,5000.0
P000979,착한가격업소,,식당,홍두깨손칼국수,서울특별시 양천구 중앙로 256,37.519320757538,126.853605231171,02-2655-1407,"칼국수 (현금, 곱빼기)",6000원,"잔치국수 (현금, 곱빼기)",6000원,"가성비 칼국수 (현금, 곱빼기)",6000,6000.0
P000980,착한가격업소,,식당,강남식당(강남식당짜장),서울특별시 양천구 곰달래로13길 4,37.5303544627634,126.837513587774,02-2604-2346,짜장면,4000원,짬뽕,5000원,가성비 짜장면,4000,5000.0
P000981,착한가격업소,,식당,차이나,"서울특별시 양천구 목동로3길 57, 105호",37.5094542561098,126.862162255157,02-2652-4774,짜장면,6000원,잡채밥,8000원,가성비 짜장면,6000,8000.0
P000982,착한가격업소,,미용,남자들의세상,서울특별시 양천구 화곡로 41,37.5395563890106,126.826503665197,,커트,8000원,염색,13000원,가성비 커트,8000,13000.0
P000983,착한가격업소,,미용,지오헤어,서울특별시 양천구 월정로27길 1,37.532491387497,126.836485161263,,커트(남),10000원,커트(여),12000원,가성비 커트(남),10000,12000.0
P000984,착한가격업소,,식당,산들바람,서울특별시 양천구 오목로 276-4 (목동) 1층,37.5250880880196,126.86791068637,02-2646-3293,비빔밥,8000원,,,가성비 비빔밥,8000,
P000985,착한가격업소,,식당,오대쌀김밥홀로생칼국수,"서울특별시 양천구 목동중앙남로 46 (목동, 목동 미소래 아파트) 상가1층 103호",37.5378392316875,126.866949080107,02-2643-7300,홀로생칼국수,5500원,,,가성비 홀로생칼국수,5500,
P000986,착한가격업소,,미용,정수헤어라인,서울특별시 양천구 중앙로46길 20 (신정동) 1층,37.5221954675133,126.854165569007,02-2698-8978,커트(경로),6000원,커트(일반),10000원,가성비 커트(경로),6000,10000.0
P000987,착한가격업소,,미용,하이얀미용실,서울특별시 양천구 은행정로5길 48-3 (신정동) 1층,37.5205411336853,126.854235416841,02-2654-7768,커트,6000원,염색,15000원,가성비 커트,6000,15000.0
P000988,착한가격업소,,미용,비앤비헤어,"서울특별시 양천구 월정로27길 11, 1층 (신월동)",37.5320792334269,126.835485695578,02-6439-5722,커트(남),10000원,커트(여),12000원,가성비 커트(남),10000,12000.0
P000989,착한가격업소,,식당,조이사이공,"서울특별시 양천구 목동중앙북로 81, 102호 (목동, 하쯔빌딩)",37.546543807741,126.872191581726,02-2646-0420,양지 차돌 쌀국수,8000원,,,가성비 양지 차돌 쌀국수,8000,
P000990,착한가격업소,,식당,토마토김밥,"서울특별시 양천구 은행정로 19, 1층 (신정동)",37.5214353269891,126.859622803375,02-2649-5005,김밥,2500원,제육덮밥,6000원,가성비 김밥,2500,6000.0
P000991,착한가격업소,,미용,신월컷트전문점,"서울특별시 양천구 신월로 185, 102호 (신월동, 로즈그린타운)",37.5194950980957,126.843348623079,02-2697-6547,커트(남),8000원,염색 및 커트(남),20000원,가성비 커트(남),8000,20000.0
P000992,착한가격업소,,식당,홍고집부대찌개,"서울특별시 양천구 지양로 91, 2층 (신월동)",37.5230016069274,126.831936221918,02-2694-1888,부대찌개,8000원,생고기두루치기,8000원,가성비 부대찌개,8000,8000.0
P000993,착한가격업소,,식당,풍성돼지갈비 뒷고기전문,"서울특별시 양천구 월정로38길 10, 1층 (신월동)",37.5391532356641,126.833736718248,02-2692-0975,돼지양넘갈비,6000원,,,가성비 돼지양넘갈비,6000,
P000994,착한가격업소,,식당,오시면,"서울특별시 양천구 중앙로43길 14, 상가B동 1층 108호(신정동, 래미안목동아델리체)",37.5204176021651,126.851340568488,02-2601-7789,즉석떡볶이,4000원,제육볶음,8500원,가성비 즉석떡볶이,4000,8500.0
P000995,착한가격업소,,식당,칸키라멘,"서울특별시 양천구 오목로48길 10, 1층 (신정동)",37.5249971365423,126.862816839221,,칸키라멘,10000원,돈코츠라멘,9000원,가성비 칸키라멘,10000,9000.0
P000996,착한가격업소,,식당,이용성국수맛집,"서울특별시 양천구 목동중앙북로7가길 10, 102 (목동, 정목빌딩)",37.5487267108383,126.866859342763,02-2652-0748,짜장면,6500원,해물짬뽕,7500원,가성비 짜장면,6500,7500.0
P000997,착한가격업소,,식당,골라닭,"서울특별시 양천구 목동중앙남로3가길 74, 1층 3호 (목동)",37.5389422625414,126.864516354684,02-2642-9912,후라이드 치킨,12000원,양념치킨,14000원,가성비 후라이드 치킨,12000,14000.0
P000998,착한가격업소,,미용,찰랑찰랑 헤어,"서울특별시 양천구 월정로 16, 가동 1층 왼쪽호 (신월동)",37.5213634112557,126.843753086594,,커트(남),8000원,커트(여),10000원,가성비 커트(남),8000,10000.0
P000999,착한가격업소,,식당,부빔,"서울특별시 양천구 오목로50길 23, 104호 (신정동, 문창오피스텔)",37.523955557562,126.86435883953,02-2605-5246,부빔밥,8900원,돌솥비빔밥,9500원,가성비 부빔밥,8900,9500.0
P001000,착한가격업소,,식당,화미향,"서울특별시 양천구 지양로 56, 1층 (신월동)",37.5207812843481,126.834692866915,02-2088-6638,고기짬뽕,8000원,탕수육+짜장,16000원,가성비 고기짬뽕,8000,16000.0
P001001,착한가격업소,,식당,윤혜식당,"서울특별시 양천구 목동중앙서로2길 7, 1층 (목동)",37.5321312895798,126.864557073616,,김치찌개,8000원,제육덮밥,8000원,가성비 김치찌개,8000,8000.0
P001002,착한가격업소,,식당,시골집,"서울특별시 양천구 은행정로4길 25, 1층 (신정동, SM엘루이아파트)",37.5215008347482,126.862615322582,02-2649-9849,돼지국밥,9000원,고기국수,9000원,가성비 돼지국밥,9000,9000.0
P001003,착한가격업소,,미용,태양이용원,서울특별시 강서구 화곡로 194,37.542825756952,126.842852975009,02-2604-4220,이용료,12000원,,,가성비 이용료,12000,
P001004,착한가격업소,,미용,노랑머리앤,"서울특별시 강서구 까치산로 135, 1층",37.5496363167797,126.851273843849,02-2697-6146,커트,10000원,미용료(파마),35000원,가성비 커트,10000,35000.0
P001005,착한가격업소,,세탁&목욕,정수 대중목욕탕,서울특별시 강서구 화곡로 44나길 65,37.5497958346644,126.850521660534,02-2699-4330,목욕료,8000원,,,가성비 목욕료,8000,
P001006,착한가격업소,,미용,복음미용실,서울특별시 강서구 공항대로65길 51,37.5503466675314,126.869978925632,02-3664-2822,미용료(커트),10000원,미용료(파마),35000원,가성비 미용료(커트),10000,35000.0
P001007,착한가격업소,,식당,옛날칼국수,서울특별시 강서구 강서로 18길 8-14,37.5331043292666,126.846480374592,,칼국수,6000원,비빔국수,7000원,가성비 칼국수,6000,7000.0
P001008,착한가격업소,,미용,백구사 헤어플랜,서울특별시 강서구 곰달래로19길45 1층,37.5324080431515,126.842111943158,,파마,40000원,커트,10000원,가성비 파마,40000,10000.0
P001009,착한가격업소,,미용,보아스 헤어아트,서울특별시 강서구 등촌로 39길 7,37.5454830709495,126.861800376478,,커트,12000원,파마,40000원,가성비 커트,12000,40000.0
P001010,착한가격업소,,식당,왕세숫대야냉면,서울특별시 강서구 공항대로423,37.555567479084,126.854371723846,02-2668-3608,냉면,5000원,돈가스,5800원,가성비 냉면,5000,5800.0
P001011,착한가격업소,,미용,판도라,"서울특별시 강서구 마곡중앙로 59-11, 203호",37.5588673711048,126.82527641154,02-2661-3622,미용료(커트),17000원,미용료(파마),40000원,가성비 미용료(커트),17000,40000.0
P001012,착한가격업소,,식당,문가네식당,서울특별시 강서구 화곡로61길 64,37.5579960014751,126.848903146097,02-3661-0094,김치찌개,9000원,된장찌개,8000원,가성비 김치찌개,9000,8000.0
P001013,착한가격업소,,식당,부부칼국수,서울특별시 강서구 강서로 56가길 47,37.5617021869591,126.840099440935,02-3662-4594,칼국수,9000원,냉면,9000원,가성비 칼국수,9000,9000.0
P001014,착한가격업소,,식당,명가중화요리,서울특별시 강서구 화곡로61길 100 청석빌딩102호,37.5584442336471,126.847003570425,02-3661-6355,자장면,6000원,짬뽕,8000원,가성비 자장면,6000,8000.0
P001015,착한가격업소,,미용,  현헤어#,서울특별시 강서구 강서로 45길 174,37.5527181773866,126.830668563722,02-2667-3693,미용료(파마),40000원,미용료(커트),15000원,가성비 미용료(파마),40000,15000.0
P001016,착한가격업소,,미용,까꼬뽀꼬,서울특별시 강서구 강서로45라길 35,37.5494004317145,126.834093625007,02-2663-2445,미용료(커트),12000원,미용료(파마),40000원,가성비 미용료(커트),12000,40000.0
P001017,착한가격업소,,식당,메밀이랑 면이랑,서울특별시 강서구 강서로263-17,37.5492576127203,126.835244139208,02-2691-8585,자장면,7000원,냉면,9000원,가성비 자장면,7000,9000.0
P001018,착한가격업소,,세탁&목욕,짱구세탁소,서울특별시 강서구 강서로 45라길 70,37.5507801824603,126.834774203617,02-2661-5994,세탁료,9000원,,,가성비 세탁료,9000,
P001019,착한가격업소,,미용,아산남성컷전문,서울특별시 강서구 강서로 207,37.5443743879828,126.837392186235,,이용료(학생),11000원,이용료(성인) ,12000원,가성비 이용료(학생),11000,12000.0
P001020,착한가격업소,,미용,21세기남성헤어,서울특별시 강서구 강서로17나길 2,37.5328617348706,126.844107439506,,이용료(성인) ,8000원,이용료(학생),8000원,가성비 이용료(성인) ,8000,8000.0
P001021,착한가격업소,,식당,먹깨비김밥,"서울특별시 강서구 강서로 39, 101호",37.5313576591579,126.846695520611,02-2698-0123,김밥,3000원,,,가성비 김밥,3000,
P001022,착한가격업소,,미용,진흥,서울특별시 강서구 강서로7길20,37.5297102505565,126.846611439482,02-2698-5757,이용료(성인) ,8000원,이용료(학생),6000원,가성비 이용료(성인) ,8000,6000.0
P001023,착한가격업소,,미용,새로본미용실,서울특별시 강서구 개화동로27길33,37.564500629689,126.80846597968,02-2661-9496,파마,23000원,커트,8000원,가성비 파마,23000,8000.0
P001024,착한가격업소,,식당,시골칼국수,서울특별시 강서구 방화대로7나길45,37.5562407744319,126.813260479255,02-2666-5477,칼국수,6000원,냉면,7000원,가성비 칼국수,6000,7000.0
P001025,착한가격업소,,식당,조병관숙성회,"서울특별시 강서구 화곡로58길 34, 2층",37.5526757524883,126.852719989659,,모듬회,29500원,연어숙성회,26000원,가성비 모듬회,29500,26000.0
P001026,착한가격업소,,미용,킴스남성커트,서울특별시 강서구 등촌로5길 80,37.5330706883775,126.858951804044,02-2062-2833,커트,9000원,염색,15000원,가성비 커트,9000,15000.0
P001027,착한가격업소,,식당,예닮,서울특별시 강서구 등촌로39길 17 (등촌동),37.5455753230499,126.861330599034,02-2649-0053,보리밥정식,9000원,,,가성비 보리밥정식,9000,
P001028,착한가격업소,,식당,칸스 KANS,서울특별시 강서구 방화동로5길 12-1 (방화동),37.5640804768635,126.810239778492,,브리또,4900원,치킨브리또,6500원,가성비 브리또,4900,6500.0
P001029,착한가격업소,,식당,정가네닭국수,"서울특별시 강서구 금낭화로23길 25, 상가동 108호 (방화동, 방화6단지아파트)",37.5781389708793,126.811204295259,02-2665-6859,닭칼국수,11000원,칼국수,9000원,가성비 닭칼국수,11000,9000.0
P001030,착한가격업소,,미용,올림픽 이용원,"서울특별시 강서구 우현로 1-2, 1층 (화곡동)",37.5465378999892,126.8449198541,02-2694-7588,(남성)커트/면도/드라이 일괄,18000원,,,가성비 (남성)커트/면도/드라이 일괄,18000,
P001031,착한가격업소,,식당,우미마토,"서울특별시 강서구 공항대로 219, 114호 (마곡동, 센테니아)",37.5596348826715,126.83201084043,0507-136-7583,우미카세 코스(1인) ,35000원,,,가성비 우미카세 코스(1인) ,35000,
P001032,착한가격업소,,식당,조선마라탕,"서울특별시 강서구 양천로24길 99, 1층 (방화동)",37.5688158454382,126.815418137185,02-6465-8200,마라탕(400g),7200원,,,가성비 마라탕(400g),7200,
P001033,착한가격업소,,식당,일오삼김밥,서울특별시 강서구 허준로 16 (가양동) 1층,37.5703291249212,126.84346068548,02-2659-7127,김밥,3500원,비빔밥,7000원,가성비 김밥,3500,7000.0
P001034,착한가격업소,,식당,까치산 냉면&김치찌개,"서울특별시 강서구 강서로15길 40 (화곡동, 감성하이츠) 101호",37.5323197074745,126.843845521154,0507-1327-3953,김치찌개(포장),7000원,김치찌개+석쇠불고기 세트,14000원,가성비 김치찌개(포장),7000,14000.0
P001035,착한가격업소,,식당,돈오야,서울특별시 강서구 강서로 55 (화곡동) 1층,37.5326570151971,126.845882787187,02-2699-4885,숙성삼겹살(170g),10900원,숙성삼겹살(170g) 추가 시(2인부부터),8900원,가성비 숙성삼겹살(170g),10900,8900.0
P001036,착한가격업소,,세탁&목욕,대원(사우나),서울특별시 강서구 화곡로21길 78 (화곡동) 2층,37.5445499367821,126.836438459202,02-2695-5752,대인,9000원,소인(6세이하),5000원,가성비 대인,9000,5000.0
P001037,착한가격업소,,식당,수짬뽕,서울특별시 강서구 강서로45가길 10 (화곡동) 1층,37.5474870635534,126.835374437229,02-2691-1357,짜장면,6000원,짬뽕,7000원,가성비 짜장면,6000,7000.0
P001038,착한가격업소,,식당,우장회관,서울특별시 강서구 강서로45길 46 (내발산동) 1층,37.5481477210482,126.833607314493,02-2602-3392,냉동삼겹살(170g),10900원,냉동삼겹살(170g) 추가 시 (2인분부터),9900원,가성비 냉동삼겹살(170g),10900,9900.0
P001039,착한가격업소,,미용,청담헤어,서울특별시 강서구 우현로 14 (화곡동) 상가동 101호,37.5472066735798,126.844002318872,02-2603-7260,커트(남성),10000원,커트(여성),15000원,가성비 커트(남성),10000,15000.0
P001040,착한가격업소,,식당,필김밥,서울특별시 강서구 곰달래로49길 23 (화곡동) 1층,37.5327391552075,126.857629381556,02-2606-2600,김밥,3000원,순두부찌개,6000원,가성비 김밥,3000,6000.0
P001041,착한가격업소,,식당,홍두깨손칼국수,서울특별시 강서구 초록마을로2길 48 (화곡동) 1층,37.5432592790771,126.843502478979,02-2699-4885,잔치국수,6000원,손칼국수,7000원,가성비 잔치국수,6000,7000.0
P001042,착한가격업소,,미용,희즈헤어,서울특별시 강서구 화곡로13길 141 (화곡동) 102호,37.5448539761499,126.834786265294,02-6015-2998,커트(성인),12000원,커트(학생),10000원,가성비 커트(성인),12000,10000.0
P001043,착한가격업소,,식당,쓰부,"서울특별시 강서구 까치산로 172, 1층 (화곡동)",37.5525280352022,126.853408799614,0507-1433-1113,짜장면,6500원,짬뽕,9000원,가성비 짜장면,6500,9000.0
P001044,착한가격업소,,미용,머리이야기,"서울특별시 강서구 강서로18가길 4, 1층 (화곡동)",37.5341243903414,126.847065824984,02-2697-2999,커트(남성),11000원,커트(여성),12000원,가성비 커트(남성),11000,12000.0
P001045,착한가격업소,,식당,까치반점,"서울특별시 강서구 곰달래로 97, 1층 (화곡동)",37.5304972278465,126.843621578813,02-6368-0411 ,짜장면,7000원,해물짬뽕,8000원,가성비 짜장면,7000,8000.0
P001046,착한가격업소,,식당,비니거니 치킨호프,"서울특별시 강서구 까치산로 36, 1층 (화곡동)",37.5427111692637,126.844295928951, 02-6032-3332,은은담백후라이드,14000원,달콤양념치킨,15000원,가성비 은은담백후라이드,14000,15000.0
P001047,착한가격업소,,식당,체리김밥,서울특별시 강서구 까치산로4길 10 (화곡동),37.5419697942927,126.843997728767,02-2601-.3356,김밥,3000원,돈까스,7500원,가성비 김밥,3000,7500.0
P001048,착한가격업소,,기타,새한 스튜디오,"서울특별시 강서구 화곡로 194-15, 1층 (화곡동)",37.5426676430953,126.843676162246,02-2602-6031,반명함판(촬영),18000원,사진인화료,600원,가성비 반명함판(촬영),18000,600.0
P001049,착한가격업소,,식당,민스,서울특별시 강서구 금낭화로 145 (방화동),37.5783009851923,126.812798304593,02-2664-0788,까르보나라,10500원,새우크림파스타,11500원,가성비 까르보나라,10500,11500.0
P001050,착한가격업소,,기타,히어로방방키즈카페,"서울특별시 강서구 강서로45길 110, 지하 (내발산동)",37.5501941852173,126.831846439945,,1시간이용권(어린이),4000원,10시간이용권(어린이),35000원,가성비 1시간이용권(어린이),4000,35000.0
P001051,착한가격업소,,식당,나들이김밥,"서울특별시 강서구 강서로56나길 110, 1층 (등촌동, 부영아파트)",37.5635151546596,126.842838841866,02-2659-9817,김밥,2000원,참치김밥,2500원,가성비 김밥,2000,2500.0
P001052,착한가격업소,,식당,명지각,"서울특별시 강서구 강서로 337, 104호 (내발산동)",37.5558629211238,126.837068220627,02-2666-9833,짜장면,7000원,짬뽕,8500원,가성비 짜장면,7000,8500.0
P001053,착한가격업소,,식당,송화순대곱창,서울특별시 강서구 강서로45나길 27 (내발산동),37.5492355727453,126.835462707105,02-2603-9272,김치찌개,8000원,된장찌개,8000원,가성비 김치찌개,8000,8000.0
P001054,착한가격업소,,미용,프리헤어아트,서울특별시 강서구 화곡로31길 85 (화곡동),37.5442772394075,126.838690753242,02-2608-7087,커트,15000원,파마,40000원,가성비 커트,15000,40000.0
P001055,착한가격업소,,미용,어울림헤어,"서울특별시 강서구 화곡로31길 15, 1층 (화곡동)",37.5440069489613,126.842299426196,02-2692-3577,커트,14000원,파마,40000원,가성비 커트,14000,40000.0
P001056,착한가격업소,,미용,준헤어아트,"서울특별시 강서구 화곡로66길 162, 1층",37.5545403018023,126.86160427517,,커트,14000원,파마,44000원,가성비 커트,14000,44000.0
P001057,착한가격업소,,미용,보보미용실,서울특별시 강서구 곰달래로45길 2,37.5326197577643,126.856648808564,,커트,12000원,파마,40000원,가성비 커트,12000,40000.0
P001058,착한가격업소,,기타,지금 여기 꽃,"서울특별시 강서구 양천로 489, 상가동 103호 (가양우성아파트)",37.5622435688041,126.854207064138,0507-1439-6265,생화 꽃다발(미니),15000원,생화 꽃바구니(미니),40000원,가성비 생화 꽃다발(미니),15000,40000.0
P001059,착한가격업소,,식당,만다린1997,"서울특별시 강서구 강서로68길 36, 201호 (등촌동, 등촌주공1단지)",37.5653839531639,126.84226376783,02-2658-2000,탕수육+쟁반짜장2+만두,27000원,탕수육+간짜장2+만두,25000원,가성비 탕수육+쟁반짜장2+만두,27000,25000.0
P001060,착한가격업소,,식당,타코까나스따,"서울특별시 강서구 우장산로 13, 101호 (내발산동, 천우네오젠아파트)",37.554744734563,126.838870432278,02-3663-8079,타코알빠스톨,3000원,퀘사디아,9000원,가성비 타코알빠스톨,3000,9000.0
P001061,착한가격업소,,미용,희정미용실,"서울특별시 강서구 화곡로63가길 92, 103호 (등촌동, 등촌주공9단지)",37.5619515970407,126.850209100559,02-2658-0447,커트(여성),13000원,파마(여성),35000원,가성비 커트(여성),13000,35000.0
P001062,착한가격업소,,기타,렛츠런24hour휘트니스,"서울특별시 강서구 강서로 43, 지하2층 (화곡동, 도양라비앙타워)",37.5315215185769,126.846531702129,02-2696-3508,PT 1회당,50000원,헬스+GX프로그램,90000원,가성비 PT 1회당,50000,90000.0
P001063,착한가격업소,,기타,캡틴짐,"서울특별시 강서구 화곡로 119, 502호 (화곡동, 동인빌딩)",37.5404442123113,126.835104104883,0507-1344-6231,1:! 개인PT 12회,575000원,1:1 개인PT 21회,1000000원,가성비 1:! 개인PT 12회,575000,1000000.0
P001064,착한가격업소,,기타,같이운동PT 까치산점,"서울특별시 강서구 곰달래로 135, 3층 (화곡동)",37.5307647642885,126.847921657041,0507-1381-5808,단체PT 30회(3개월권),660000원,단체PT 50회(5개월권),990000원,가성비 단체PT 30회(3개월권),660000,990000.0
P001065,착한가격업소,,미용,김진경헤어,"서울특별시 강서구 등촌로5가길 28, 1층",37.5341173554457,126.860295192846,,커트,10000원,파마,35000원,가성비 커트,10000,35000.0
P001066,착한가격업소,,식당,미키식당,"서울특별시 강서구 양천로26길 26, 1층 (방화동, 용빌딩)",37.5726941303595,126.81846924855,,백반,8000원,김치찌개,8500원,가성비 백반,8000,8500.0
P001067,착한가격업소,,미용,현미용실(현헤어샵),"서울특별시 강서구 양천로14길 85-2, 1층",37.5691953096733,126.808884548681,,커트,10000원,일반파마,25000원,가성비 커트,10000,25000.0
P001068,착한가격업소,,식당,전주식당,"서울특별시 강서구 우장산로15길 37, 1층",37.5547265220134,126.850790329353,02-2695-1307,가정식백반,8000원,순두부찌개,8000원,가성비 가정식백반,8000,8000.0
P001069,착한가격업소,,기타,스카이당구장,"서울특별시 강서구 까치산로 135, 2층 일부",37.5496363167797,126.851273843849,,1시간이용료,9000원,10분당,1500원,가성비 1시간이용료,9000,1500.0
P001070,착한가격업소,,식당,진마루,"서울특별시 강서구 방화동로3길 50, 1층 (방화동)",37.5644762180763,126.808247251995,02-2662-7189,삼겹살(200g),15000원,김치찌개,8000원,가성비 삼겹살(200g),15000,8000.0
P001071,착한가격업소,,기타,화곡동사진관,"서울특별시 강서구 곰달래로 51, 2층 (화곡동)",37.5301822955697,126.838443252608,02-2602-4747,반명함판(4매),20000원,증명사진,15000원,가성비 반명함판(4매),20000,15000.0
P001072,착한가격업소,,식당,아메리칸멕스,"서울특별시 강서구 마곡중앙6로 45, A동 106호 (마곡동)",37.5606312206415,126.832720625607,02-6952-2600,타코치킨,8900원,콘샐러드,2900원,가성비 타코치킨,8900,2900.0
P001073,착한가격업소,,식당,다이아몬드 닭강정,"서울특별시 강서구 강서로47길 36, 1층 (내발산동)",37.552953373962,126.834185904309,02-2645-8280,크리스피치킨(포장),13000원,크리스피치킨(매장식사),16000원,가성비 크리스피치킨(포장),13000,16000.0
P001074,착한가격업소,,식당,황제마라탕,"서울특별시 강서구 공항대로 103, 판매시설 4동 1층 (마곡동, 마곡엠벨리9단지)",37.5622669688172,126.81920602303,02-2666-3315,마라탕(400g),8000원,꿔바로우(중),13000원,가성비 마라탕(400g),8000,13000.0
P001075,착한가격업소,,식당,도화루,"서울특별시 강서구 방화대로7길 59, 1층 (공항동)",37.5558930116491,126.812875876836,02-2663-1235,짜장면,5000원,짬뽕,6000원,가성비 짜장면,5000,6000.0
P001076,착한가격업소,,식당,롤리밥스,"서울특별시 강서구 양천로 351, 3호~4호 (가양동)",37.5683581388462,126.841860529114,02-3662-0903,된장찌개,7000원,비빔밥,6500원,가성비 된장찌개,7000,6500.0
P001077,착한가격업소,,식당,공가김밥,"서울특별시 강서구 양천로 583, 1층 (염창동, 우림블루나인)",37.5571161918617,126.864347419732,02-6096-5090,김치찌개,7000원,된장찌개,7000원,가성비 김치찌개,7000,7000.0
P001078,착한가격업소,,식당,착한마녀김밥,"서울특별시 강서구 양천로 637, 상가동 105호",37.5544411536489,126.868589079778,02-2135-4587,돈가스,7500원,서리태콩국수,8500원,가성비 돈가스,7500,8500.0
P001079,착한가격업소,,식당,에펠샐러드,"서울특별시 강서구 마곡서로 170, 101호",37.5693037061292,126.825592637016,,두부포케,8500원,그릴드머쉬룸랩,7500원,가성비 두부포케,8500,7500.0
P001080,착한가격업소,,기타,한국사진관,"서울특별시 강서구 허준로 23, 120호",37.5712114625604,126.843591958573,02-2659-9559,여권,15000원,사진인화,300원,가성비 여권,15000,300.0
P001081,착한가격업소,,식당,대박김밥,"서울특별시 강서구 가로공원로76길 95, 1층",37.5330862856723,126.839085503969,,김밥,3000원,,,가성비 김밥,3000,
P001082,착한가격업소,,식당,미스터 육회연어왕 강서점,"서울특별시 강서구 까치산로 92, 1층 103호",37.5465204407109,126.848264213709,,육회비빔밥,6900원,연어회덮밥,7900원,가성비 육회비빔밥,6900,7900.0
P001083,착한가격업소,,식당,청우,"서울특별시 강서구 마곡서로 152, B동 301-303호",37.5676859104888,126.82597944995,,한우선지 해장국,7000원,한우 육회비빔밥,9000원,가성비 한우선지 해장국,7000,9000.0
P001084,착한가격업소,,식당,춘천집,서울특별시 강서구 양천로 34,37.5725011774135,126.807682870586,,점심특선 닭갈비,8900원,닭갈비,9900원,가성비 점심특선 닭갈비,8900,9900.0
P001085,착한가격업소,,식당,카페 샌드백,"서울특별시 강서구 등촌로39길 17-5, 1층",37.5454186548899,126.86126706806,,또띠아랩(모든종류),7800원,채소가득 샌드위치,6300원,가성비 또띠아랩(모든종류),7800,6300.0
P001086,착한가격업소,,식당,타르데마 베이커리,"서울특별시 강서구 강서로46길 9, 1층 101호",37.5508932986207,126.836942560718,,에그타르트,990원,소금빵,2000원,가성비 에그타르트,990,2000.0
P001087,착한가격업소,,식당,포노,"서울특별시 강서구 화곡로55길 35, 101호",37.5529543252769,126.847945273414,,스파이시감베로니,10000원,해산물 토마토 파스타,9500원,가성비 스파이시감베로니,10000,9500.0
P001088,착한가격업소,,기타,헬스와필라테스 화곡점,"서울특별시 강서구 화곡로 206, 2층4호, 3층",37.5437035376111,126.843620476759,,헬스 이용권 3개월,105000원,헬스 이용권 6개월,180000원,가성비 헬스 이용권 3개월,105000,180000.0
P001089,착한가격업소,,미용,금성미용실,서울특별시 강서구 방화대로21길 53,37.5633206629991,126.813459445209,02-2661-7386,커트,13000원,펌,40000원,가성비 커트,13000,40000.0
P001090,착한가격업소,,식당,영이옛날통닭,서울특별시 강서구 까치산로 193,37.5544426239215,126.854111806982,02-6439-1119,옛날통닭(포장),9000원,후라이드치킨(포장),13000원,가성비 옛날통닭(포장),9000,13000.0
P001091,착한가격업소,,미용,유성헤어샵,서울특별시 강서구 강서로41길 41,37.5442353936684,126.835591718961,02-2606-9768,커트,10000원,펌,35000원,가성비 커트,10000,35000.0
P001092,착한가격업소,,식당,육짬뽕,서울특별시 강서구 강서로 263-28,37.5494799814203,126.83460144284,02-6402-6401,육짬뽕,9000원,짜장면,7000원,가성비 육짬뽕,9000,7000.0
P001093,착한가격업소,,식당,칼국수와 반찬이 맛있는 밥집,서울특별시 강서구 방화동로16길 18-3,37.5710393180512,126.812956053198,02-2665-6890,바지락칼국수,5000원,바지락 얼큰 칼국수,6000원,가성비 바지락칼국수,5000,6000.0
P001094,착한가격업소,,식당,소라샤브샤브칼국수,서울특별시 강서구 화곡로31길 19,37.5440827346594,126.842173323858,,가정식백반,7000원,,,가성비 가정식백반,7000,
P001095,착한가격업소,,식당,옥냉면 막국수,서울특별시 강서구 금낭화로 70,37.5716136057841,126.811705480812,02-6958-8482,냉면,7000원,막국수,8000원,가성비 냉면,7000,8000.0
P001096,착한가격업소,,식당,한우리네 칼국수,서울특별시 강서구 강서로 207,37.5443743879828,126.837392186235,02-2606-8988,칼국수,7000원,비빔칼국수,8000원,가성비 칼국수,7000,8000.0
P001097,착한가격업소,,식당,돈까스 몬스터,"서울특별시 강서구 금낭화로24길 29-8, 1층 (방화동, 3동)",37.5786697742386,126.814920490566,02-2664-8889,왕돈까스,8500원,,,가성비 왕돈까스,8500,
P001098,착한가격업소,,식당,은하식당,서울특별시 강서구 양천로49길 50,37.5709101338388,126.84066770071,02-3662-0889,김치찌개,8000원,된장찌개,8000원,가성비 김치찌개,8000,8000.0
P001099,착한가격업소,,식당,응봉할매,"서울특별시 강서구 공항대로 18-1, 101호 (공항동, e-sky 오피스텔)",37.5609595311681,126.809129234237,02-2663-0485,설렁탕,8000원,곰탕,9000원,가성비 설렁탕,8000,9000.0
P001100,착한가격업소,,식당,할매칼국수,"서울특별시 강서구 월정로 108, 101호",37.5288725155859,126.839239027278,02-2602-7106,칼국수,7000원,,,가성비 칼국수,7000,
P001101,착한가격업소,,식당,뜸부기네 짜장&짬뽕,"서울특별시 강서구 금낭화로 128, 111호",37.5765585554781,126.812685159793,,짜장면,5500원,짬뽕,7000원,가성비 짜장면,5500,7000.0
P001102,착한가격업소,,식당,우장회관 화곡본동점,서울특별시 강서구 초록마을로 10,37.5446049743407,126.845252578863,02-2601-3392,냉동삼겹살,10900원,숙성삼겹살,10900원,가성비 냉동삼겹살,10900,10900.0
P001103,착한가격업소,,기타,포도 스튜디오,서울특별시 강서구 양천로 651,37.553170492878,126.869659973697,02-3663-8040,반명함(8장),18000원,,,가성비 반명함(8장),18000,
P001104,착한가격업소,,식당,설가네부대찌게,서울특별시 구로구 경인로 318-9,37.496733035745,126.855730205031,02-2613-2246,부대찌개,11000원, 돼지불고기 ,14000원,가성비 부대찌개,11000,14000.0
P001105,착한가격업소,,식당,우리식당,"서울특별시 구로구 중앙로3길 50 (고척동, 고척공구상가 지하)",37.4999556964527,126.860331722115,02-2612-5559,소불고기,8000원, 된장찌개 ,7000원,가성비 소불고기,8000,7000.0
P001106,착한가격업소,,세탁&목욕,화인크리닝세탁소,서울특별시 구로구 경인로35길 131-15,37.5017381061029,126.85157246859,,양복세탁,8000원, 수선료 ,4000원,가성비 양복세탁,8000,4000.0
P001107,착한가격업소,,식당,길손식당,서울특별시 구로구 고척로40길 33-5,37.5016599031868,126.851146266459,,삼겹살,8000원, 청국장 ,6000원,가성비 삼겹살,8000,6000.0
P001108,착한가격업소,,기타,구로사진관,서울특별시 구로구 가마산로 244,37.4945789797264,126.888029483958,,여권사진,11000원, 증명사진 ,10000원,가성비 여권사진,11000,10000.0
P001109,착한가격업소,,미용,토탈헤어샵,서울특별시 구로구 오류로8길 83,37.4930552811142,126.844556475418,,커트,5000원, 파마 ,15000원,가성비 커트,5000,15000.0
P001110,착한가격업소,,미용,새미나 헤어뷰티,서울특별시 구로구 부일로9길 87,37.4961270172463,126.824202061809,,커트,"일반: 10,000원/ 노인: 8,000원", 파마 ,25000~원,가성비 커트,8000,25000.0
P001111,착한가격업소,,식당,제주똥돼지촌,서울특별시 구로구 구로동로28길 98,37.4917262947396,126.889264134323,,"삼겹살(오겹살, 국내산, 200g)",16000원, 목살 ,19000원,"가성비 삼겹살(오겹살, 국내산, 200g)",16000,19000.0
P001112,착한가격업소,,식당,대형식당,서울특별시 구로구 구로동로 100,37.4875902191679,126.885110476185,,"삼겹살(국내산, 200g)",14000원," 돼지갈비(국내산, 200g) ",14000원,"가성비 삼겹살(국내산, 200g)",14000,14000.0
P001113,착한가격업소,,기타,극동칼라,서울특별시 구로구 구로동로26길 98,37.4901358003401,126.889417323937,,여권사진,14000원, 인화료 ,600원,가성비 여권사진,14000,600.0
P001114,착한가격업소,,식당,칭니,"서울특별시 구로구 구로중앙로 198 (구로동, 구로기계공구상가 C블럭 지하 1, 2호)",37.5041509411059,126.880792438752,,자장면,5500원, 짬뽕 ,6500원,가성비 자장면,5500,6500.0
P001115,착한가격업소,,식당,김밥짱,서울특별시 구로구 구로동로 125-1 (구로동),37.4898228680199,126.884047438304,,김밥,3000원, 칼국수 ,6000원,가성비 김밥,3000,6000.0
P001116,착한가격업소,,미용,24시헤어샵,서울특별시 구로구 도림로10길 31-1 (구로동),37.4856622559134,126.889084148844,,커트,4000원, 파마 ,15000원,가성비 커트,4000,15000.0
P001117,착한가격업소,,미용,건영헤어포맨,서울특별시 구로구 구로동로12길 32 (구로동),37.4880215852937,126.886190100695,,이용료(커트),6000원, 염색 ,10000원,가성비 이용료(커트),6000,10000.0
P001118,착한가격업소,,식당,자매분식,서울특별시 구로구 구로중앙로8길41 (구로동),37.4928953829375,126.893813266873,02-851-5293,김밥,2500원, 라면 ,3000원,가성비 김밥,2500,3000.0
P001119,착한가격업소,,식당,우동.짜장,서울특별시 구로구 구로동로 126-16 (구로동),37.4900142033653,126.885114678947,,자장면,5000원, 짬뽕 ,6000원,가성비 자장면,5000,6000.0
P001120,착한가격업소,,식당,일억조분식,서울특별시 구로구 가마산로26길 11 (구로동),37.4956872518878,126.891249000392,,김밥,2500원, 된장찌개 ,6000원,가성비 김밥,2500,6000.0
P001121,착한가격업소,,식당,미진분식,서울특별시 구로구 구로중앙로8길 27 (구로동),37.4924504704356,126.893119031282,02-3281-9409,김밥,2800원, 된장찌개 ,7000원,가성비 김밥,2800,7000.0
P001122,착한가격업소,,미용,김연화헤어숍,서울특별시 구로구 구로동로 12 (가리봉동),37.4828432544018,126.887351431548,,커트,10000원, 파마 ,20000원,가성비 커트,10000,20000.0
P001123,착한가격업소,,미용,수정이발관,서울특별시 구로구 구로동로13 (가리봉동),37.4828963306874,126.886887111982,,이용료(커트),7000원, 염색 ,16000원,가성비 이용료(커트),7000,16000.0
P001124,착한가격업소,,미용,성원이용원,서울특별시 구로구 구로동로7길 7 (가리봉동),37.4852359557581,126.885460745784,,이용료(커트),7000원, 염색 ,16000원,가성비 이용료(커트),7000,16000.0
P001125,착한가격업소,,식당,삼삼치킨,서울특별시 구로구 경인로47길 42?(고척동),37.5011450682337,126.865970272804,,치킨,14000원, 양념치킨 ,15000원,가성비 치킨,14000,15000.0
P001126,착한가격업소,,식당,해피분식,"서울특별시 구로구 중앙로1길 18-19?(고척동, 1동 101호)",37.4985773919649,126.863149147466,,백반,6000원, 칼국수 ,6000원,가성비 백반,6000,6000.0
P001127,착한가격업소,,미용,까망머리방,서울특별시 구로구 고척로33라길 19,37.507101971126,126.848313045056,,커트,10000원, 파마 ,30000원,가성비 커트,10000,30000.0
P001128,착한가격업소,,미용,미미헤어,서울특별시 구로구 고척로31길 4 (고척동),37.5027372048912,126.848852058759,,커트,8000원, 파마 ,25000원,가성비 커트,8000,25000.0
P001129,착한가격업소,,식당,개봉분식,서울특별시 구로구 고척로21나길 65 (개봉동),37.5018399524464,126.842280378177,,떡볶이,2000원, 김밥 ,3000원,가성비 떡볶이,2000,3000.0
P001130,착한가격업소,,미용,복지이발관,서울특별시 구로구 고척로27길 115 (개봉동),37.5068451156269,126.845066242144,,이용료(커트),8000원,,,가성비 이용료(커트),8000,
P001131,착한가격업소,,미용,삼환미용실,"서울특별시 구로구 남부순환로95길 54, 상가동 105-106 (개봉동, 삼환아파트)",37.4950348315458,126.854710644734,,커트,10000원, 파마 ,30000원,가성비 커트,10000,30000.0
P001132,착한가격업소,,미용,소망미용실,서울특별시 구로구 개봉로1나길 16 (개봉동),37.4841691901943,126.853221922312,,커트,10000원, 파마 ,25000원,가성비 커트,10000,25000.0
P001133,착한가격업소,,식당,새벽분식,서울특별시 구로구 오류로8나길 8 (오류동),37.4907403551489,126.841325842039,,김밥,3500원, 된장찌개 ,8000원,가성비 김밥,3500,8000.0
P001134,착한가격업소,,식당,명가분식,서울특별시 구로구 오류로8길 85 (오류동),37.4931325154748,126.844707276028,,된장찌개,7000원, 비빔밥 ,7000원,가성비 된장찌개,7000,7000.0
P001135,착한가격업소,,세탁&목욕,매직크리닝,서울특별시 구로구 오류로8길 99 (오류동),37.4933856324456,126.845481686044,,하의 세탁료,3000원, 와이셔츠 ,3000원,가성비 하의 세탁료,3000,3000.0
P001136,착한가격업소,,식당,김밥천국,서울특별시 구로구 구로동로 119-2 (구로동),37.4892979453006,126.884143457518,,김밥,3000원, 라면 ,4000원,가성비 김밥,3000,4000.0
P001137,착한가격업소,,식당,용갈비,서울특별시 구로구 구로동로 96-4 (구로동),37.4874911296461,126.885317886534,02-869-2442,"삼겹살(국,200g)",15000원, 돼지갈비 ,14000원,"가성비 삼겹살(국,200g)",15000,14000.0
P001138,착한가격업소,,기타,포토베베스튜디오,서울특별시 구로구 도림로12길 13 (구로동),37.4868316877276,126.888907048798,,증명사진,15000원, 프로필사진 ,50000원,가성비 증명사진,15000,50000.0
P001139,착한가격업소,,미용,해바라기,서울특별시 구로구 구로동로 9-17,37.4827403074377,126.886075777069,,커트,7000원, 파마 ,30000원,가성비 커트,7000,30000.0
P001140,착한가격업소,,기타,동경사진관,서울특별시 구로구 우마길 14,37.4815550196941,126.88804349453,,사진촬영료,20000원, 인화료 ,500원,가성비 사진촬영료,20000,500.0
P001141,착한가격업소,,식당,삼거리식당,"서울특별시 구로구 구로동로38길 18, 동쪽상가1층",37.4947357976127,126.883873839379,,칼국수,8000원, 된장찌개 ,8000원,가성비 칼국수,8000,8000.0
P001142,착한가격업소,,미용,올리비아 헤어,서울특별시 구로구 구로동로38길 8,37.4946586770546,126.883330828315,,커트,8000원, 파마 ,20000원,가성비 커트,8000,20000.0
P001143,착한가격업소,,식당,꿀꿀이생고기맛집,서울특별시 구로구 중앙로 32,37.500768283874,126.863856941873,02-2686-2049,생삼겹살,14000원, 오겹살 ,14000원,가성비 생삼겹살,14000,14000.0
P001144,착한가격업소,,식당,포에리얼 떡볶이,서울특별시 구로구 경인로 403,37.4979584319431,126.864347749519,,라면,4000원, 냉면 ,6000원,가성비 라면,4000,6000.0
P001145,착한가격업소,,식당,국수뜨락,서울특별시 구로구 구로중앙로 43,37.4935907571883,126.889852111075,,멸치국수,5000원, 물냉면 ,6000원,가성비 멸치국수,5000,6000.0
P001146,착한가격업소,,식당,우리집식당,서울특별시 구로구 디지털로 27길 67,37.4839234172435,126.890259885277,,돼지갈비,15000원, 삼겹살 ,15000원,가성비 돼지갈비,15000,15000.0
P001147,착한가격업소,,미용,골드헤어샵,서울특별시 구로구 구로동로 42길 54-6,37.497829066942,126.884358487018,,커트,6000원, 퍼머  ,20000원,가성비 커트,6000,20000.0
P001148,착한가격업소,,식당,병규네부대찌개,서울특별시 구로구 오류로8길 87 1층,37.4931895997806,126.844814356961,,부대찌개,9000원, 우삼겹부대찌개 ,11000원,가성비 부대찌개,9000,11000.0
P001149,착한가격업소,,식당,윤경이네,"서울특별시 구로구 도림로 36, 지층",37.487320392647,126.888618221606,,삼겹살,15000원, 김치찌개 ,9000원,가성비 삼겹살,15000,9000.0
P001150,착한가격업소,,식당,닷컴분식,서울특별시 구로구 남부순환로 97길 20-6 1층,37.4940384973276,126.858645629031,,칼국수,6500원, 김치찌개 ,7000원,가성비 칼국수,6500,7000.0
P001151,착한가격업소,,식당,명태본가,서울특별시 구로구 구로중앙로19길 20,37.494386306244,126.888084163613,,명태조림,11000원,김치찌개,8000원,가성비 명태조림,11000,8000.0
P001152,착한가격업소,,세탁&목욕,이펜세탁소,서울특별시 구로구 천왕로 10 천왕이펜하우스5단지 상가 101호,37.480726327426,126.842162072714,,양복세탁,10000원, 바지드라이 ,5000원,가성비 양복세탁,10000,5000.0
P001153,착한가격업소,,미용,모즈헤어,"서울특별시 구로구 신도림로 29, 1층",37.507507735432,126.879295074272,,커트(여성),14000원, 파마(여성) ,49000원,가성비 커트(여성),14000,49000.0
P001154,착한가격업소,,식당,현미식당,서울특별시 구로구 구로중앙로 17,37.4915868638553,126.891546570869,,청국장,7000원, 순두부찌개 ,7000원,가성비 청국장,7000,7000.0
P001155,착한가격업소,,식당,옛날 손칼국수,"서울특별시 구로구 신도림로11길 5, 1층",37.5082329429111,126.879991745753,02-2675-4810,칼국수,7000원, 떡만두국 ,8000원,가성비 칼국수,7000,8000.0
P001156,착한가격업소,,식당,해물칼국수,서울특별시 구로구 고척로179,37.5042779944266,126.853340333004,,칼국수,7000원,팥칼국수,7000원,가성비 칼국수,7000,7000.0
P001157,착한가격업소,,식당,미란이 식당,서울특별시 구로구 고척로40길 33- 3,37.5017071777617,126.851052419261,,된장찌개,6000원,순두부찌개,6000원,가성비 된장찌개,6000,6000.0
P001158,착한가격업소,,식당,장원돈갈비,서울특별시 구로구 구로동로20길 6-8,37.4885178374157,126.884957199512,,삼겹살,13000원,된장찌개,7000원,가성비 삼겹살,13000,7000.0
P001159,착한가격업소,,식당,삼삼칼국수,서울특별시 구로구 구로동로22길 26,37.4894143941547,126.885849332166,,칼국수,6000원,,,가성비 칼국수,6000,
P001160,착한가격업소,,식당,한그릇,서울특별시 구로구 구로동로20길 18-4,37.4886802384073,126.885461479933,,청국장 ,5000원,비빔밥,5000원,가성비 청국장 ,5000,5000.0
P001161,착한가격업소,,식당,호남식당,서울특별시 구로구 남부순환로105 라길 5,37.4802496571046,126.889018321637,,삼겹살,10000원,설렁탕,7000원,가성비 삼겹살,10000,7000.0
P001162,착한가격업소,,식당,용아식당,서울특별시 구로구 남부순환로105라길 20,37.480415168995,126.889688183728,,냉동삽겹살,10000원,김치찌개,8000원,가성비 냉동삽겹살,10000,8000.0
P001163,착한가격업소,,식당,명동분식,서울특별시 구로구 디지털로19길 15,37.4804424100042,126.889817484419,,김치찌개,5500원,돌솥밥,6000원,가성비 김치찌개,5500,6000.0
P001164,착한가격업소,,미용,홍진미용실,서울특별시 구로구 서해안로 24길 29,37.4892554713161,126.839373945494,,커트(여성) ,5000원,영양퍼머,20000원,가성비 커트(여성) ,5000,20000.0
P001165,착한가격업소,,식당,브레드홍,서울특별시 구로구 오류로72,37.4909116304113,126.840919311443,,단팥빵,1500원,소금빵,2000원,가성비 단팥빵,1500,2000.0
P001166,착한가격업소,,식당,다복집,서울특별시 구로구 도림로14길 2,37.4874482618897,126.888731102402,,선지해장국,8000원,설렁탕,10000원,가성비 선지해장국,8000,10000.0
P001167,착한가격업소,,식당,국수박사,서울특별시 구로구 디지털로31길 120 한신플러스상가1동 106호,37.4884700177382,126.890773027393,02-863-5922,잔치국수,7000원,수제비,8000원,가성비 잔치국수,7000,8000.0
P001168,착한가격업소,,식당,백화돈,서울특별시 구로구 디지털로32가길 25,37.4821488683208,126.898930994884,,목살,16000원,가브리살 ,17000원,가성비 목살,16000,17000.0
P001169,착한가격업소,,식당,우리집국수김밥,서울특별시 구로구 시흥대로577-11,37.4844882862976,126.901864172583,,멸치국수,6500원,비빔국수 ,7500원,가성비 멸치국수,6500,7500.0
P001170,착한가격업소,,식당,린초밥,"서울특별시 구로구 디지털로32나길 17-45, 2층",37.4851745815704,126.899502996554,,점심특선초밥,11000원,회덮밥,9000원,가성비 점심특선초밥,11000,9000.0
P001171,착한가격업소,,식당,구로숯불돼지불백,서울특별시 구로구 가마산로27길 60,37.4994337951479,126.890544226576,,돼지불백,9000원,청국장,9000원,가성비 돼지불백,9000,9000.0
P001172,착한가격업소,,식당,금정식당,서울특별시 구로구 구로중앙로28길 53-8,37.500439184017,126.888379456035,,된장찌개,7000원,비빔냉면,8000원,가성비 된장찌개,7000,8000.0
P001173,착한가격업소,,식당,토담,서울특별시 구로구 구로동로22길 5-26,37.4899922333078,126.88494442244,,청국장,8000원,순두부찌개,8000원,가성비 청국장,8000,8000.0
P001174,착한가격업소,,식당,박가수제손만두전골,서울특별시 구로구 구로동로22길 23,37.4895609364608,126.885795964473,,바지락칼국수,8000원,손칼국수,6000원,가성비 바지락칼국수,8000,6000.0
P001175,착한가격업소,,식당,전주식당,서울특별시 구로구 구로동로28길 2,37.4907037714483,126.884311691067,,순두부찌개,7000원,돌솥비빔밥,8000원,가성비 순두부찌개,7000,8000.0
P001176,착한가격업소,,식당,호남식당,서울특별시 구로구 디지털로27길 116,37.4848784332703,126.8879955701,,순대국,8000원,북어국,8000원,가성비 순대국,8000,8000.0
P001177,착한가격업소,,식당,동명,서울특별시 구로구 경인로47길 6,37.5000160158822,126.86732495519,02-6339-3331,등심카츠,6900원,치즈카츠,8900원,가성비 등심카츠,6900,8900.0
P001178,착한가격업소,,식당,오늘부터우리는,"서울특별시 구로구 개봉로3길 40, 1층",37.4864154231168,126.854038861329,,대패삼겹살,10000원,생삼겹,16000원,가성비 대패삼겹살,10000,16000.0
P001179,착한가격업소,,식당,신도계란,서울특별시 구로구 신도림로11길 9-28,37.5080955450902,126.879554374971,,왕란(한판),7500원,,,가성비 왕란(한판),7500,
P001180,착한가격업소,,세탁&목욕,옷수선하는날,서울특별시 구로구 신도림로11길 3,37.5081124464176,126.880137500663,02-824-3465,바짓단,4000원,지퍼수선,8000원,가성비 바짓단,4000,8000.0
P001181,착한가격업소,,카페,카페마닐,서울특별시 구로구 오리로17길 89,37.498653856501,126.828409663807,,아메리카노,3300원,쌀쿠기,2000원,가성비 아메리카노,3300,2000.0
P001182,착한가격업소,,식당,만원족발,서울특별시 구로구 구로동로8길 96,37.4897720005788,126.888201408596,,순살족발(800g),10000원,미니족(3족),10000원,가성비 순살족발(800g),10000,10000.0
P001183,착한가격업소,,카페,카페첼로,서울특별시 구로구 중앙로15길 65,37.506562607134,126.856145479668,,아메리카노,3000원,아이스티,2000원,가성비 아메리카노,3000,2000.0
P001184,착한가격업소,,식당,고추장불고기(행복한밥상),서울특별시 구로구 신도림로11다길 10,37.5089368915436,126.878050449301,,소머리국밥,10000원,냉면,7000원,가성비 소머리국밥,10000,7000.0
P001185,착한가격업소,,식당,컴포,서울특별시 구로구 경인로67길 57,37.5118437474354,126.887720137562,,"월남쌈(성인 1인,무한리필)","24,000원",소고기쌀국수,9000원,"가성비 월남쌈(성인 1인,무한리필)",24000,9000.0
P001186,착한가격업소,,미용,은정이발관,서울특별시 구로구 디지털로19길 51,37.4820105708358,126.889384074632,,커트,10000원,염색(남성),12000원,가성비 커트,10000,12000.0
P001187,착한가격업소,,식당,옛날고기집,서울특별시 구로구 디지털로19길 40,37.4815868827479,126.890023385386,,삼겹살,12000원,된장찌개,6000원,가성비 삼겹살,12000,6000.0
P001188,착한가격업소,,세탁&목욕,연변옷수선,서울특별시 구로구 디지털로19길 33,37.4812865677932,126.889627432422,,신사복하의,4000원,맞춤(여성원피스),50000원,가성비 신사복하의,4000,50000.0
P001189,착한가격업소,,미용,미나미용실,서울특별시 구로구 디지털로19길 33,37.4812865677932,126.889627432422,,커트(남성),8000원,커트(여성),10000원,가성비 커트(남성),8000,10000.0
P001190,착한가격업소,,세탁&목욕,우리세탁소,서울특별시 구로구 디지털로19길 48-3,37.4820750522755,126.889736734715,,세탁(신사복),8000원,수선(상의),4000원,가성비 세탁(신사복),8000,4000.0
P001191,착한가격업소,,기타,빵빵사진관,서울특별시 구로구 구로중앙로22길 7 (구로동) 1층,37.4966645456973,126.888131538818,,여권사진,"10,000원",증명사진,"10,000원",가성비 여권사진,10000,10000.0
P001192,착한가격업소,,식당,우리동네김밥,"서울특별시 구로구 경인로40길 11 (개봉동, 영화아파트) 상가동 1층, 102호",37.4960567771925,126.859422554119,,김밥,"2,000원",신라면,"3,000원",가성비 김밥,2000,3000.0
P001193,착한가격업소,,식당,짬뽕의신,서울특별시 구로구 경인로35길 131-23 (고척동) 1층,37.5013837318441,126.851350379609,02-2060-2737,짜장면,"5,000원",짬뽕,"7,000원",가성비 짜장면,5000,7000.0
P001194,착한가격업소,,식당,한길국수집,서울특별시 구로구 신도림로 7 (신도림동) 금강리빙스텔 106호,37.5061633129074,126.877164760067,070-7534-1007,국수,"6,000원",보쌈,"25,000원",가성비 국수,6000,25000.0
P001195,착한가격업소,,식당,미미부대찌개,"서울특별시 구로구 개봉로3길 56, 1층",37.4863465774395,126.853231796107,02-2066-0101,부대찌개,"18,000원",,,가성비 부대찌개,18000,
P001196,착한가격업소,,식당,선머슴닭발,"서울특별시 구로구 신도림로 7길 2, 1층",37.5079531908406,126.879824124694,,무뼈구이(300g),"18,000원",불막창구이,"13,000원",가성비 무뼈구이(300g),18000,13000.0
P001197,착한가격업소,,미용,염은자미용실,"서울특별시 구로구 중앙로1길 18-19, 우성 현대상가 202호",37.4985773919649,126.863149147466,02-2682-6079,커트,12000원,파마,35000원,가성비 커트,12000,35000.0
P001198,착한가격업소,,미용,나드리헤어,서울특별시 구로구 신도림로11길 9-4,37.5082799501255,126.879701224445,,커트 ,"10,000원",파마,"35,000원",가성비 커트 ,10000,35000.0
P001199,착한가격업소,,미용,멋진남자,"서울특별시 구로구 오류로8길 99, 1층",37.4933856324456,126.845481686044,02-2066-0152,커트,"5,000원",염색,"5,000원",가성비 커트,5000,5000.0
P001200,착한가격업소,,카페,히어린커피,"서울특별시 구로구 디지털로 306, 104호",37.4859231683292,126.897336395657,070-8816-3443,아메리카노,"2,000원",카페라떼,"3,000원",가성비 아메리카노,2000,3000.0
P001201,착한가격업소,,식당,계촌닭한마리 신도림본점,"서울특별시 구로구 새말로 102, 1층 110, 111호",37.5055472165422,126.891336035126,02-6949-3999,닭한마리,"26,000원",닭볶음탕,"27,000원",가성비 닭한마리,26000,27000.0
P001202,착한가격업소,,식당,행복추어탕,"서울특별시 구로구 경서로 45, 1층",37.5012137882762,126.858304138606,02-2688-7546,추어탕,"10,000원",통추어탕,"13,000원",가성비 추어탕,10000,13000.0
P001203,착한가격업소,,미용,부흥,서울특별시 구로구 구로동로15길 17-8,37.4875146046503,126.883617153689,,커트,"8,000원",염색,"10,000원",가성비 커트,8000,10000.0
P001204,착한가격업소,,식당,황골 숯불구이,서울특별시 구로구 구로중앙로19나길 9,37.4940777386293,126.888685082221,,삼겹살,"14,000원",김치전골,"8,000원",가성비 삼겹살,14000,8000.0
P001205,착한가격업소,,식당,장터순대국삼계탕,"서울특별시 구로구 구로동로20길 17, 1층",37.4888825032802,126.885542809667,,순대국,"9,000원",,,가성비 순대국,9000,
P001206,착한가격업소,,식당,늘푸른채 샤브샤브,서울특별시 구로구 구로중앙로19길 20 (구로동) 2층,37.494386306244,126.888084163613,,소고기샤브,"18,000원",,,가성비 소고기샤브,18000,
P001207,착한가격업소,,식당,까레몽 과자점,서울특별시 구로구 고척로27길 107 (개봉동),37.5064896127073,126.845160396874,,식빵,"2,900원",케이크,"25,000원",가성비 식빵,2900,25000.0
P001208,착한가격업소,,미용,네일바바,서울특별시 구로구 신도림로16 대림아파트2차상가 1층 112호,37.5051228166042,126.88219103785,,기본네일,"20,000원",젤네일,"35,000원",가성비 기본네일,20000,35000.0
P001209,착한가격업소,,식당,협동밥집,서울특별시 구로구 신도림로11길9-1 1호,37.5081845078549,126.879852821054,,백반,"8,000원",삼겹살,"15,000원",가성비 백반,8000,15000.0
P001210,착한가격업소,,카페,카페블리스,서울특별시 구로구 경인로67길 149 지하1층,37.5137612393354,126.883234589819,,아메리카노,"2,800원",카페라떼,"3,800원",가성비 아메리카노,2800,3800.0
P001211,착한가격업소,,식당,카에네,서울특별시 구로구 디지털로33길48 202호,37.4872579499162,126.894505096341,,파스타,"8,800원",샐러드,"8,000원",가성비 파스타,8800,8000.0
P001212,착한가격업소,,식당,직화구이 인생맛집,서울특별시 구로구 디지털로31길41 이엔씨 6차 202호,37.4851717992188,126.892751304432,,뚝배기불고기,"9,000원",청국장,"8,000원",가성비 뚝배기불고기,9000,8000.0
P001213,착한가격업소,,미용,핸썸가이,서울특별시 구로구 중앙로15길132-17 삼익상가 108호,37.5087128866768,126.853315030716,,커트,"12,000원",펌(일반),"38,000원",가성비 커트,12000,38000.0
P001214,착한가격업소,,식당,화승원,서울특별시 구로구 경인로 35길 34,37.4987710064164,126.854469880274,,짜장면,"6,000원",짬뽕,"7,000원",가성비 짜장면,6000,7000.0
P001215,착한가격업소,,식당,숲풀림곱창 ,서울특별시 구로구 경인로 59길8,37.5063918465946,126.883427027522,,김치찌개 ,"8,000원",된장찌개 ,"8,000원",가성비 김치찌개 ,8000,8000.0
P001216,착한가격업소,,식당,고척칼국수,서울특별시 구로구 경인로47가길 5,37.5016232956254,126.865313484443,,멸치칼국수,"7,000원",바지락칼국수,"9,000원",가성비 멸치칼국수,7000,9000.0
P001217,착한가격업소,,기타,월드킹키즈카페 구로점,서울특별시 구로구 경인로393-7 2동 지하1층,37.4974421887122,126.86304887653,,어린이1시간,"9,000원",어린이 2시간 ,"16,000원",가성비 어린이1시간,9000,16000.0
P001218,착한가격업소,,기타,나리펫살롱 ,서울특별시 구로구 구로중앙로18길40 101호,37.4955599745951,126.891482927249,,동물미용 5kg 미만,"45,000원",동물미용 7kg 미만,"55,000원",가성비 동물미용 5kg 미만,45000,55000.0
P001219,착한가격업소,,식당,원이랑 아구찜 ,서울특별시 구로구 구로굴 개봉로 18길 16 1층,37.4913524386688,126.856793522742,,순살아구찜 ,"46,000원",해물찜 ,"56,000원",가성비 순살아구찜 ,46000,56000.0
P001220,착한가격업소,,미용,BEST남성전문컷,"서울특별시 금천구 가산로 140, 1층",37.477845300882,126.891427712763,02-855-8805,커트,10000원, 염색 ,40000원,가성비 커트,10000,40000.0
P001221,착한가격업소,,세탁&목욕,G7크린랜드,서울특별시 금천구 금하로 29길 14,37.4507029326411,126.912692926901,02-803-7600,정장한벌,6000원, 와이셔츠 ,2500원,가성비 정장한벌,6000,2500.0
P001222,착한가격업소,,미용,가영미용실,서울특별시 금천구 시흥대로39길 8,37.4472872548825,126.902627462586,02-715-4539,커트,8000원, 파마 ,20000원,가성비 커트,8000,20000.0
P001223,착한가격업소,,식당,고기굽는마을,서울특별시 금천구 벚꽃로38길 32-29,37.4823777357767,126.884953838131,02-868-0390,백반,7000원, 김치찌개 ,8000원,가성비 백반,7000,8000.0
P001224,착한가격업소,,식당,고기마을호수,서울특별시 금천구 벚꽃로 73,37.4629100391456,126.890423305457,02-895-0134,된장찌개,6000원, 냉면 ,7000원,가성비 된장찌개,6000,7000.0
P001225,착한가격업소,,식당,국수집,"서울특별시 금천구 금하로25길 18, 1층 (시흥동)",37.4511919601496,126.909757444332,,칼국수,6000원, 수제비 ,6500원,가성비 칼국수,6000,6500.0
P001226,착한가격업소,,식당,금천골 오리명가,서울특별시 금천구 시흥대로78길59,37.4607140446609,126.899173591998,02-808-1246,된장찌개,7000원,청국장,7000원,가성비 된장찌개,7000,7000.0
P001227,착한가격업소,,식당,다래성,서울특별시 금천구 시흥대로 471-1,37.4757400949988,126.898211903695,02-856-6725,짜장면,2500원, 짬뽕 ,3500원,가성비 짜장면,2500,3500.0
P001228,착한가격업소,,미용,두산이발관,"서울특별시 금천구 가산로 99, 가산위브아파트상가동 B01호",37.4761567725398,126.891289403751,02-851-1057,커트,6000원, 드라이 ,3000원,가성비 커트,6000,3000.0
P001229,착한가격업소,,식당,듬배골,서울특별시 금천구 독산로10길 38,37.4500694131159,126.908037244878,02-803-8411,비빔냉면 ,7000원, 왕갈비탕 ,13000원,가성비 비빔냉면 ,7000,13000.0
P001230,착한가격업소,,식당,만세한식부페,서울특별시 금천구 가산로3길 77,37.4721620922498,126.89142666382,02-808-7862,뷔페,6500원,,,가성비 뷔페,6500,
P001231,착한가격업소,,식당,박리분식,서울특별시 금천구 가산로 126,37.4767855134829,126.892390322926,02-857-4009,김밥,3000원, 라면 ,4000원,가성비 김밥,3000,4000.0
P001232,착한가격업소,,세탁&목욕,송도세탁소,서울특별시 금천구 가산로3길 48,37.4723492072261,126.892880302157,02-861-2037,세탁,8000원,,,가성비 세탁,8000,
P001233,착한가격업소,,미용,수미용실,서울특별시 금천구 탑골로 6-1 (시흥동),37.4509800536914,126.910365045517,02-896-8960,커트,8000원, 파마 ,20000원,가성비 커트,8000,20000.0
P001234,착한가격업소,,기타,연스튜디오,"서울특별시 금천구 시흥대로 190, 1층",37.4508934998315,126.902443206442,,"여권, 증명사진",10000원,,,"가성비 여권, 증명사진",10000,
P001235,착한가격업소,,미용,영화미용실,"서울특별시 금천구 독산로44길 15, (시흥동)",37.4610878003624,126.905629757098,02-805-2864,커트,7000원, 파마 ,25000원,가성비 커트,7000,25000.0
P001236,착한가격업소,,식당,육합춘,서울특별시 금천구 시흥대로26길 5,37.4418724111676,126.904148254962,02-802-0133,짜장면,5000원, 간짜장 ,7000원,가성비 짜장면,5000,7000.0
P001237,착한가격업소,,미용,은진미용실,서울특별시 금천구 금하로25길 16,37.4511835733393,126.909629859285,02-894-5243,커트,12000원, 염색 ,30000원,가성비 커트,12000,30000.0
P001238,착한가격업소,,세탁&목욕,은혜세탁소,"서울특별시 금천구 벚꽃로 73, 현대종합상가 103호",37.4629100391456,126.890423305457,02-892-1230,남성복,9000원,여성복,8000원,가성비 남성복,9000,8000.0
P001239,착한가격업소,,식당,장수숯불갈비,서울특별시 금천구 금하로 638,37.4545524993362,126.901881712113,02-805-8284,돼지갈비,14000원,제육볶음,10000원,가성비 돼지갈비,14000,10000.0
P001240,착한가격업소,,세탁&목욕,정훈사,"서울특별시 금천구 독산로73길 9, (독산동)",37.4677113489234,126.901369284378,02-839-8389,정장(상하),7000원,의복수선료,4000원,가성비 정장(상하),7000,4000.0
P001241,착한가격업소,,식당,조여사네집,서울특별시 금천구 벚꽃로 130,37.4668142554181,126.889600670464,02-859-7418,김치찌개,6000원, 순댓국 ,7000원,가성비 김치찌개,6000,7000.0
P001242,착한가격업소,,식당,진미한분식,서울특별시 금천구 가산로3길 22,37.4723753125507,126.89435486219,02-854-7153,비빔밥,7000원,김치찌개,7000원,가성비 비빔밥,7000,7000.0
P001243,착한가격업소,,미용,짱아미용실,서울특별시 금천구 시흥대로126길22-7,37.4694632725649,126.90029408622,02-868-6262,컷트,7000원,염색,20000원,가성비 컷트,7000,20000.0
P001244,착한가격업소,,기타,체리당구클럽,서울특별시 금천구 시흥대로123길 7,37.4701019566204,126.897299140809,02-862-3282,당구이용료10분당,1500원,,,가성비 당구이용료10분당,1500,
P001245,착한가격업소,,카페,춘천12,"서울특별시 금천구 디지털로12길 19, 1층 (가산동)",37.4779104495254,126.88968293413,,아메리카노,1000원, 카페라떼 ,2500원,가성비 아메리카노,1000,2500.0
P001246,착한가격업소,,카페,카와블러썸,서울특별시 금천구 남부순환로108길 28,37.4778458222804,126.891799666825,02-867-4952,아메리카노,2500원,카페라떼,3300원,가성비 아메리카노,2500,3300.0
P001247,착한가격업소,,식당,푸드플러스,"서울특별시 금천구 가산디지털1로 119, B동 136호",37.4760631854134,126.882925390269,02-858-4235,백반,6500원,,,가성비 백반,6500,
P001248,착한가격업소,,식당,풍천장어,서울특별시 금천구 시흥대로52길 70,37.4543759413967,126.901713654713,02-802-5525,민물장어(대),69000원, 민물장어(소) ,55000원,가성비 민물장어(대),69000,55000.0
P001249,착한가격업소,,세탁&목욕,한신세탁소,서울특별시 금천구 한내로 62 한신 (아)상가 2층,37.4553912730949,126.888877618767,02-898-9230,양복,10000원,,,가성비 양복,10000,
P001250,착한가격업소,,세탁&목욕,현대컴퓨터세탁,서울특별시 금천구 벚꽃로56길 40,37.4843628929232,126.882810455098,02-863-3719,상의,5000원, 하의 ,4000원,가성비 상의,5000,4000.0
P001251,착한가격업소,,미용,착한 이발소,서울특별시 금천구 독산로40길 37,37.4607492291303,126.906573421637,,커트,7000원, 염색 ,7000원,가성비 커트,7000,7000.0
P001252,착한가격업소,,식당,홍두깨손칼국수,서울특별시 금천구 독산로39길 11,37.4589166118413,126.904594778382,02-892-2060,칼국수,6000원, 잔치국수 ,5000원,가성비 칼국수,6000,5000.0
P001253,착한가격업소,,식당,택구네칼국수,서울특별시 금천구 범안로 1249,37.4666432138415,126.900846750427,,칼국수,7000원,얼큰수제비,7000원,가성비 칼국수,7000,7000.0
P001254,착한가격업소,,식당,북경원,서울특별시 금천구 시흥대로153길 88,37.47636487478,126.893731519741,,짜장면,5000원,간짜장,6000원,가성비 짜장면,5000,6000.0
P001255,착한가격업소,,식당,왕래성,서울특별시 금천구 가산로 8,37.471083905255,126.902217446127,,짜장면,2000원,우동,3500원,가성비 짜장면,2000,3500.0
P001256,착한가격업소,,식당,청년공간모락모락,"서울특별시 금천구 시흥대로 258, 4층 501-2호",37.4567873710173,126.900160594377,,김치찌개,3000원,,,가성비 김치찌개,3000,
P001257,착한가격업소,,식당,지도리치킨,서울특별시 금천구 금하로 641-1,37.4545297792405,126.902517372345,,후라이드,13000원,텐더(15개),13000원,가성비 후라이드,13000,13000.0
P001258,착한가격업소,,식당,시원손칼국수 가산점,서울특별시 금천구 가산로 126,37.4767855134829,126.892390322926,,칼국수,6500원,수제비,6500원,가성비 칼국수,6500,6500.0
P001259,착한가격업소,,카페,하이베를리너,서울특별시 금천구 가산로9길 12,37.4770263386345,126.890900591828,,아메리카노,2500원,,,가성비 아메리카노,2500,
P001260,착한가격업소,,식당,다도해수산,"서울특별시 금천구 남부순환로108길 27, 1층",37.4776091156991,126.891984062975,,알밥,8000원,양념꽃게정식(돌솥밥),13000원,가성비 알밥,8000,13000.0
P001261,착한가격업소,,식당,빨간떡볶이,서울특별시 금천구 금하로24길 16,37.4502812338472,126.908375577589,,떡볶이,4000원,순대,4000원,가성비 떡볶이,4000,4000.0
P001262,착한가격업소,,식당,써니밥상,서울특별시 금천구 시흥대로 364,37.4660766385044,126.898070256828,,청국장,7000원,된장찌개,7000원,가성비 청국장,7000,7000.0
P001263,착한가격업소,,미용,머리나라,서울특별시 금천구 시흥대로63길 50,37.4554917386009,126.896934280371,,남성커트,10000원,,,가성비 남성커트,10000,
P001264,착한가격업소,,식당,김밥천국,서울특별시 금천구 시흥대로50길 10,37.4512408227745,126.902640307573,,천국김밥,2500원,라면,3500원,가성비 천국김밥,2500,3500.0
P001265,착한가격업소,,식당,유별난숯불꼼장어,서울특별시 금천구 금하로14길 10,37.4530057185944,126.90384031389,,냉면,6000원,,,가성비 냉면,6000,
P001266,착한가격업소,,식당,먹거리휴게소,서울특별시 금천구 벚꽃로 309 (1호선 상행선 10-4 앞),37.4815957375443,126.882559483336,02-869-1318,옛날토스트,2000원,김밥,3000원,가성비 옛날토스트,2000,3000.0
P001267,착한가격업소,,식당,오늘은초밥먹는날,서울특별시 금천구 가산디지털2로 108 지하1층,37.4778955587368,126.880664798648,,모듬초밥(10점),3900원,새우초밥(10점),5900원,가성비 모듬초밥(10점),3900,5900.0
P001268,착한가격업소,,식당,박리김밥,서울특별시 금천구 독산로40길 34,37.4605425679638,126.906498626744,02-805-3555,박리김밥,2000원,참치김밥,4000원,가성비 박리김밥,2000,4000.0
P001269,착한가격업소,,식당,옛고향,서울특별시 금천구 금하로611,37.4544803412811,126.899220387775,02-805-7214,생삼겹살,16000원,,,가성비 생삼겹살,16000,
P001270,착한가격업소,,식당,칭따오,서울특별시 금천구 범안로1130 디지털엠파이어 206호,37.4655215598001,126.887672228018,02-2624-2858,짜장면,7000원,짬뽕,8000원,가성비 짜장면,7000,8000.0
P001271,착한가격업소,,식당,옛날잔치국수,"서울특별시 금천구 벚꽃로254, B102호",37.4777630224027,126.88549272849,02-2113-7790,잔치국수+밥,6000원,탕수육,9000원,가성비 잔치국수+밥,6000,9000.0
P001272,착한가격업소,,미용,정선헤어센스,서울특별시 금천구 금하로15길 19 1층,37.4536276291091,126.905330021842,,컷트,8000원,파마,25000원,가성비 컷트,8000,25000.0
P001273,착한가격업소,,기타,큐당구장,서울특별시 금천구 금하로 631-6 4층,37.4551511415365,126.901459810049,,중대10분,1300원,,,가성비 중대10분,1300,
P001274,착한가격업소,,식당,먹고가게,서울특별시 금천구 남부순환로126길 8,37.4797340516796,126.905545487185,0507-1490-4777,잔치국수,5000원,야채김밥(포장),3000원,가성비 잔치국수,5000,3000.0
P001275,착한가격업소,,식당,엄마손김밥,서울특별시 금천구 독산로 188,37.4638456225482,126.903517282067,02-807-5852,야채김밥,3000원,비빔밥,7000원,가성비 야채김밥,3000,7000.0
P001276,착한가격업소,,카페,책굼향기,서울특별시 금천구 시흥대로92 1층,37.4422755469622,126.904064118769,070-4123-0901,아메리카노,3000원,휘낭시에(플레인),2300원,가성비 아메리카노,3000,2300.0
P001277,착한가격업소,,식당,대박분식,"서울특별시 금천구 벚꽃로18길 36 (독산동, 진도아파트) 106호",37.4678124554686,126.890731987062,02-806-8255,김밥,3500원,비빔밥,7000원,가성비 김밥,3500,7000.0
P001278,착한가격업소,,식당,금천가든,서울특별시 금천구 시흥대로124길 6 (독산동) 1층,37.4697178231183,126.899038508213,02-837-7300,김치찌개,7000원,된장찌개,7000원,가성비 김치찌개,7000,7000.0
P001279,착한가격업소,,식당,김자매분식,서울특별시 금천구 시흥대로128길 16 (독산동) 1층,37.4701857748999,126.899105366497,02-838-5224,김치찌개,7000원,김밥,3000원,가성비 김치찌개,7000,3000.0
P001280,착한가격업소,,식당,도원각,서울특별시 금천구 범안로 1245 (독산동) 1층,37.4666174550602,126.900323299575,02-839-9898,짜장면,8000원,짬뽕,9000원,가성비 짜장면,8000,9000.0
P001281,착한가격업소,,식당,송가네밥상,서울특별시 금천구 시흥대로118길 1 (독산동) 1층,37.4684843090245,126.898897168915,02-861-0453,육개장,7000원,된장찌개,7000원,가성비 육개장,7000,7000.0
P001282,착한가격업소,,식당,요일밥상,서울특별시 금천구 금하로14길 33 (시흥동) 1층,37.4519657061747,126.904206351844,02-802-8528,백반,7000원,김치찌개,8000원,가성비 백반,7000,8000.0
P001283,착한가격업소,,미용,은영미용실,서울특별시 금천구 금하로14길 44 (시흥동) 1층,37.4515163470666,126.904065880239,02-806-8169,커트,8000원,파마,25000원,가성비 커트,8000,25000.0
P001284,착한가격업소,,세탁&목욕,현지옷수선,서울특별시 금천구 독산로33길 43 (시흥동) 1층,37.4565967857415,126.903057205618,,바지수선,3000원,허리수선,5000원,가성비 바지수선,3000,5000.0
P001285,착한가격업소,,식당,마님죽,서울특별시 금천구 금하로25길 25 1층,37.4513838042237,126.91013627071,,전복죽(소),5000원,팥죽(대),5000원,가성비 전복죽(소),5000,5000.0
P001286,착한가격업소,,카페,별담,서울특별시 금천구 시흥대로62길 58 1층,37.4568352931947,126.902739750869,02-895-9510,다방커피,2000원,아메리카노,2500원,가성비 다방커피,2000,2500.0
P001287,착한가격업소,,식당,특수부위 한대접,"서울특별시 금천구 시흥대로56길 13, 1층",37.4526313205363,126.902378450384,0507-1425-0514,한대접(600g),34000원,반대접(300g),18000원,가성비 한대접(600g),34000,18000.0
P001288,착한가격업소,,식당,대호정,"서울특별시 금천구 시흥대로52길 51, 1층",37.4535973191109,126.901753326299,02-808-5200,돼지갈비(300g),15000원,산채비빔밥,8000원,가성비 돼지갈비(300g),15000,8000.0
P001289,착한가격업소,,식당,혼카츠,서울특별시 금천구 가산디지털1로 131 (BYC HIGHCITY) B128,37.4770829103065,126.881982164294,02-6947-5008,등심카츠,10000원,즉석떡볶이(2인세트),16000원,가성비 등심카츠,10000,16000.0
P001290,착한가격업소,,식당,샌드리치,서울특별시 금천구 가산디지털1로 186 (제이플라츠) 1층,37.4819130872905,126.881581110867,02-2028-6227,S.R 샌드위치,4500원,그린샐러드,5500원,가성비 S.R 샌드위치,4500,5500.0
P001291,착한가격업소,,기타,퍼펙트테니스,"서울특별시 금천구 시흥대로139길 19, SM Belice, B01",37.4727536380223,126.896895207986,0507-1401-4323,볼머신기(30분),10000원,,,가성비 볼머신기(30분),10000,
P001292,착한가격업소,,카페,찻집순수,"서울특별시 금천구 독산로92길 10, 1층",37.4737823117439,126.903940431414,0507-1369-1371,아메리카노,2000원,,,가성비 아메리카노,2000,
P001293,착한가격업소,,식당,탱글이네,서울특별시 금천구 시흥대로47길 38 (비전센터) 1층,37.4499239555309,126.900113435706,02-803-4012,떡볶이,3500원,떡꼬치,1500원,가성비 떡볶이,3500,1500.0
P001294,착한가격업소,,식당,봉까스,"서울특별시 금천구 가산디지털1로 226, 1층",37.4854205146478,126.879957125736,02-859-7849,왕돈까스,6500원,볶음밥+돈까스,7500원,가성비 왕돈까스,6500,7500.0
P001295,착한가격업소,,식당,공주식당,서울특별시 금천구 가산로3길 34 (태양빌딩) 1층,37.4723440338574,126.89363659992,02-866-7413,백반,6000원,,,가성비 백반,6000,
P001296,착한가격업소,,카페,커피로그,서울특별시 금천구 가산디지털2로 173 (에이스 비즈포레 지식산업센터) 1층,37.4831680866183,126.877067304035,02-3489-0058,아메리카노,2000원,샐러드,3900원,가성비 아메리카노,2000,3900.0
P001297,착한가격업소,,식당,초원숯불갈비,서울특별시 금천구 가산로 34,37.4716253060782,126.899195903905,02-854-1333,백반,7000원,,,가성비 백반,7000,
P001298,착한가격업소,,식당,솔래베이커리,"서울특별시 금천구 독산로64길 107, 1층",37.4666746018744,126.90801758699,0507-1387-2579,소금빵,2600원,치아바타,2700원,가성비 소금빵,2600,2700.0
P001299,착한가격업소,,미용,머리여행,"서울특별시 금천구 시흥대로90길 36, 1층",37.4619553135825,126.89985079702,,커트,10000원,,,가성비 커트,10000,
P001300,착한가격업소,,식당,쉐프의꿈 하얀풍차,"서울특별시 금천구 독산로 288, 1층",37.4724394864261,126.90343659908,02-853-1344,단팥빵,1500원,소보로빵,1500원,가성비 단팥빵,1500,1500.0
P001301,착한가격업소,,식당,독산국수집,서울특별시 금천구 시흥대로141길 57,37.4754997721406,126.897559011433,,멸치국수,5000원,비빔국수,6000원,가성비 멸치국수,5000,6000.0
P001302,착한가격업소,,미용,하나미용실,"서울특별시 금천구 독산로35길 12, 1층",37.4581464406909,126.904500588466,02-893-3545,커트,8000원,염색,15000원,가성비 커트,8000,15000.0
P001303,착한가격업소,,미용,김머리방,서울특별시 영등포구 도림로113길 8,37.5087327233597,126.898954316441,,파마,20000원, 미용 ,7000원,가성비 파마,20000,7000.0
P001304,착한가격업소,,식당,낭주골추어탕,서울특별시 영등포구 영등포로190,37.5201265220671,126.902465128734,02-2633-7460, 김치찌개 ,8000원,돈가스,9000원,가성비  김치찌개 ,8000,9000.0
P001305,착한가격업소,,미용,모범이용원,"서울특별시 영등포구 영등포로47길 5, 1층",37.5198628351305,126.90847743679,,커트,8000원,,,가성비 커트,8000,
P001306,착한가격업소,,식당,미각,"서울특별시 영등포구 가마산로89길 3-1, 1층",37.5047835757267,126.921411615939,02-822-5822,삼겹살 200g,15000원, 불고기 ,12000원,가성비 삼겹살 200g,15000,12000.0
P001307,착한가격업소,,식당,산고을,서울특별시 영등포구 선유서로25길 5-1,37.524355516427,126.885181613674,02-2632-0677,삼계탕,16000원,,,가성비 삼계탕,16000,
P001308,착한가격업소,,식당,삼미식당,서울특별시 영등포구 영등포로5길 14-2 1층,37.5238474616011,126.884647534691,02-2068-8428,김치찌개,7000원, 된장찌개 ,7000원,가성비 김치찌개,7000,7000.0
P001309,착한가격업소,,식당,서울초밥,"서울특별시 영등포구 선유로 250, 1층 101호",37.5347784618069,126.897295483431,02-815-5551,초밥,17000원,,,가성비 초밥,17000,
P001310,착한가격업소,,식당,소소한날,"서울특별시 영등포구 도림로 462, 1층 105호",37.5157785131531,126.892358225379,02-2068-2220,삼겹살 180g,14000원, 돼지갈비 200g ,14000원,가성비 삼겹살 180g,14000,14000.0
P001311,착한가격업소,,식당,송백식당,서울특별시 영등포구 당산로38길15 102호,37.5287004708186,126.900002941895,02-2632-5080,불고기,10000원, 삼겹살 150g,15000원,가성비 불고기,10000,15000.0
P001312,착한가격업소,,식당,순미식당,서울특별시 영등포구 대방천로188 1층,37.4989390337835,126.911851967621,02-832-7436,김치찌개,6000원, 된장찌개 ,6000원,가성비 김치찌개,6000,6000.0
P001313,착한가격업소,,미용,신동아이발,"서울특별시 영등포구 영등포로12길 8, 상가지층3호",37.5223553689921,126.887036959713,02-2631-4632,커트,6000원,,,가성비 커트,6000,
P001314,착한가격업소,,미용,역전이용소,서울특별시 영등포구 여의대방로59길36,37.5146709596847,126.922413712297,02-843-5172,커트,6000원,,,가성비 커트,6000,
P001315,착한가격업소,,식당,연경궁,서울특별시 영등포구 국회대로30길14 1층,37.5269891101632,126.89532559128,02-2679-3569,자장면,6000원, 짬뽕 ,8000원,가성비 자장면,6000,8000.0
P001316,착한가격업소,,식당,유미식당,서울특별시 영등포구 시흥대로 611,37.4871792197958,126.904482186382,02-844-7953,김치찌개,7000원, 된장찌개 ,7000원,가성비 김치찌개,7000,7000.0
P001317,착한가격업소,,미용,전헤어샾,서울특별시 영등포구 양산로138-1,37.523607798074,126.898279036964,02-2675-1088,파마,25000원, 커트 ,10000원,가성비 파마,25000,10000.0
P001318,착한가격업소,,식당,정원한방오리,서울특별시 영등포구 가마산로455 (2층),37.5060070759566,126.906937438579,02-836-8878,김치찌개,7000원,삼겹살 200g,16000원,가성비 김치찌개,7000,16000.0
P001319,착한가격업소,,식당,진국설렁탕,서울특별시 영등포구 당산로46길 1,37.5340650116856,126.902676542408,02-2672-1666,설렁탕,10000원,,,가성비 설렁탕,10000,
P001320,착한가격업소,,식당,짜우리아,서울특별시 영등포구 영신로 34,37.5145291945513,126.908165315374,02-833-8802,짜장면,6000원, 짬뽕 ,7000원,가성비 짜장면,6000,7000.0
P001321,착한가격업소,,미용,평화이발관,서울특별시 영등포구 당산로31길22-2,37.5269286163575,126.894474484098,02-2679-5451,커트,10000원,,,가성비 커트,10000,
P001322,착한가격업소,,세탁&목욕,현대세탁소,서울특별시 영등포구 신풍로25가길11,37.5007953386792,126.918709646521,02-832-1357,세탁료,8000원,,,가성비 세탁료,8000,
P001323,착한가격업소,,미용,헤어짱,서울특별시 영등포구 당산로26길 1,37.5246081114202,126.896745603785,02-2633-0248,커트,7000원,,,가성비 커트,7000,
P001324,착한가격업소,,식당,금산골,"서울특별시 영등포구 도신로29길 12, 1층 (도림동)",37.5096232455889,126.904997738172,02-841-7002,갈비탕,15000원, 된장찌개 ,8000원,가성비 갈비탕,15000,8000.0
P001325,착한가격업소,,미용,엘리노미용실,서울특별시 영등포구 당산로 31길 13-1,37.5266727216024,126.895069681178,02-2676-0553,커트,13000원,파마,35000원,가성비 커트,13000,35000.0
P001326,착한가격업소,,식당,126밥상,서울특별시 영등포구 당산로 36길 1,37.5285691799533,126.89798381173,0507-1335-1340,된장찌개,6000원,김치찌개,6000원,가성비 된장찌개,6000,6000.0
P001327,착한가격업소,,세탁&목욕,리얼클리닝,서울특별시 영등포구 버드나루로 20길 6,37.5287222423775,126.90852091727,02-2633-6410,양복세탁,8000원,수선,6000원,가성비 양복세탁,8000,6000.0
P001328,착한가격업소,,식당,열빈중화요리,서울특별시 영등포구 양평로 126,37.5382334285342,126.893922350178,02-2634-4888,짜장면,6500원,짬뽕,7500원,가성비 짜장면,6500,7500.0
P001329,착한가격업소,,식당,신흥각,서울특별시 영등포구 도림로 147길 1-6,37.5165194277803,126.889549320144,0507-1417-0339,짜장면,6000원,짬뽕,7000원,가성비 짜장면,6000,7000.0
P001330,착한가격업소,,세탁&목욕,동남사우나,"서울특별시 영등포구 영등포로 37길 4, 지하1층",37.5205974582229,126.905659835007,02-2633-2998,목욕,8000원,,,가성비 목욕,8000,
P001331,착한가격업소,,식당,피치앤명동,"서울특별시 영등포구 영신로 24길 18-1, 1층",37.5162401156848,126.904535989492,02-2676-2547,칼국수,8500원,냉면,9000원,가성비 칼국수,8500,9000.0
P001332,착한가격업소,,식당,만강홍,"서울특별시 영등포구 영중로 10길 20, 2층",37.5188244863723,126.90739469534,02-2675-9633,짜장면,5000원,짬뽕,6000원,가성비 짜장면,5000,6000.0
P001333,착한가격업소,,식당,명동분식,서울특별시 영등포구 영중로 10길 33,37.518717535642,126.909015579711,02-2677-8514,칼국수,7000원,,,가성비 칼국수,7000,
P001334,착한가격업소,,식당,유림각,"서울특별시 영등포구 영중로 3길 12-1, 1층",37.5167430227638,126.904941996717,02-6402-8352,짜장면,7000원,짬뽕,8000원,가성비 짜장면,7000,8000.0
P001335,착한가격업소,,카페,카페오오디,"서울특별시 영등포구 국제금융로 8길 19, 1층 111호",37.5207615513454,126.929136630611,0507-1340-4961,커피,2500원,,,가성비 커피,2500,
P001336,착한가격업소,,식당,금룡,"서울특별시 영등포구 국회대로 70길 19, 지하1층 B18호",37.5292243495241,126.920838979602,02-785-0609,짜장면,7000원,짬뽕,8000원,가성비 짜장면,7000,8000.0
P001337,착한가격업소,,식당,시에나프리모,"서울특별시 영등포구 국회대로 70길 19, 지하1층 B6호",37.5292243495241,126.920838979602,0507-1475-1633,토마토스파게티,12800원,,,가성비 토마토스파게티,12800,
P001338,착한가격업소,,식당,바리스타희,"서울특별시 영등포구 국회대로 750, 104호",37.5282700395473,126.916436993787,02-786-4059,커피,2000원,,,가성비 커피,2000,
P001339,착한가격업소,,식당,구스토스퀘어,"서울특별시 영등포구 은행로 58, 지하1층 108-2호",37.5299955120503,126.924831033444,02-716-8797,토마토스파게티,16000원,커피,2500원,가성비 토마토스파게티,16000,2500.0
P001340,착한가격업소,,식당,마포돼지갈비,서울특별시 영등포구 도신로 64길 2,37.5120638292853,126.917644054026,02-836-7942,김치찌개,8000원,돼지갈비,17000원,가성비 김치찌개,8000,17000.0
P001341,착한가격업소,,미용,이완헤어,서울특별시 영등포구 여의대방로 53길 35,37.5121195951755,126.920796874785,,커트,8000원,,,가성비 커트,8000,
P001342,착한가격업소,,식당,부자칼국수,서울특별시 영등포구 가마산로 449-7,37.5059680186736,126.906198614012,0507-1405-6786,칼국수,7000원,,,가성비 칼국수,7000,
P001343,착한가격업소,,미용,성도미용실,"서울특별시 영등포구 가마산로 61길 13, 1층 102호",37.5063057963133,126.904723718514,,커트,8000원,파마,30000원,가성비 커트,8000,30000.0
P001344,착한가격업소,,식당,짬뽕나라,서울특별시 영등포구 가마산로 65길 9,37.5066895987976,126.90660973327,02-836-4626,짜장면,6000원,짬뽕,7000원,가성비 짜장면,6000,7000.0
P001345,착한가격업소,,미용,영희미용실,서울특별시 영등포구 가마산로 71길 11,37.5070466411168,126.909352421038,,커트,6000원,파마,25000원,가성비 커트,6000,25000.0
P001346,착한가격업소,,식당,김밥마을,서울특별시 영등포구 도신로 94,37.507084984211,126.902732502848,02-845-0575,김치찌개,8000원,된장찌개,8000원,가성비 김치찌개,8000,8000.0
P001347,착한가격업소,,식당,또순이,서울특별시 영등포구 가마산로 410,37.5037463675981,126.902474114045,02-836-7331,칼국수,7000원,,,가성비 칼국수,7000,
P001348,착한가격업소,,미용,반도이용소,서울특별시 영등포구 신길로 17길 20-1,37.498171478489,126.906022904685,,커트,8000원,,,가성비 커트,8000,
P001349,착한가격업소,,식당,장원갈비,"서울특별시 영등포구 대방천로 177, 1층",37.4993283007151,126.910695405559,02-849-2929,김치찌개,9000원,돼지갈비,16000원,가성비 김치찌개,9000,16000.0
P001350,착한가격업소,,미용,기분좋은날미용실,"서울특별시 영등포구 대방천로 183-1, 1층",37.4992618867933,126.911400365102,,커트,10000원,파마,30000원,가성비 커트,10000,30000.0
P001351,착한가격업소,,식당,김밥하우스,서울특별시 영등포구 신길로 38,37.4959902779434,126.908607448184,02-833-4757,라면,4000원,돈가스,8000원,가성비 라면,4000,8000.0
P001352,착한가격업소,,식당,산동성,"서울특별시 영등포구 가마산로 89길 4-1, 1층",37.5047065590956,126.921712081486,02-845-2365,짜장면,7000원,짬뽕,8000원,가성비 짜장면,7000,8000.0
P001353,착한가격업소,,식당,일선화,서울특별시 영등포구 여의대방로 59길 2,37.5135283133992,126.925646108672,02-849-6116,짬뽕,6000원,탕수육,15000원,가성비 짬뽕,6000,15000.0
P001354,착한가격업소,,미용,까망헤어클럽,서울특별시 영등포구 도림로 108가길 17,37.5087452772171,126.900582300764,,커트,15000원,파마,45000원,가성비 커트,15000,45000.0
P001355,착한가격업소,,식당,동네짜장,서울특별시 영등포구 도림로 188,37.4958235170371,126.901886433401,02-848-8880,짜장면,6000원,짬뽕,7000원,가성비 짜장면,6000,7000.0
P001356,착한가격업소,,식당,무의도바다손칼국수,"서울특별시 영등포구 디지털로 407, 1층",37.4930039330119,126.903669985726,02-832-0028,칼국수,8000원,,,가성비 칼국수,8000,
P001357,착한가격업소,,세탁&목욕,그린세탁소,서울특별시 영등포구 디지털로 69길 16,37.4948907541766,126.903919508759,0507-1356-2192,양복세탁,8000원,수선,4000원,가성비 양복세탁,8000,4000.0
P001358,착한가격업소,,식당,신흥원,서울특별시 영등포구 시흥대로 667,37.4913749371199,126.907996578371,02-832-5792,짜장면,6500원,짬뽕,7500원,가성비 짜장면,6500,7500.0
P001359,착한가격업소,,미용,헤어코디,서울특별시 영등포구 대림로 7가길 1,37.4894960425987,126.903892044449,02-835-6791,커트,12000원,파마,35000원,가성비 커트,12000,35000.0
P001360,착한가격업소,,식당,큰골목식당,서울특별시 영등포구 대림로 7다길 2,37.4891359814893,126.903648041494,,김치찌개,7000원,된장찌개,6000원,가성비 김치찌개,7000,6000.0
P001361,착한가격업소,,식당,덕천골,서울특별시 영등포구 대림로 87,37.4898027561811,126.904460640887,02-844-0881,칼국수,7000원,,,가성비 칼국수,7000,
P001362,착한가격업소,,식당,공주칼국수,서울특별시 영등포구 도림천로 11길 1,37.4909637356521,126.896374231642,02-847-9242,칼국수,8900원,,,가성비 칼국수,8900,
P001363,착한가격업소,,미용,뽀글래자를래,서울특별시 영등포구 디지털로 38길 9,37.4881761986554,126.900140205508,,커트,10000원,파마,30000원,가성비 커트,10000,30000.0
P001364,착한가격업소,,식당,조가네외양간,서울특별시 영등포구 시흥대로 175길 11-1,37.4881899641435,126.904029969218,02-843-5292,돼지갈비,14000원,삼겹살,15000원,가성비 돼지갈비,14000,15000.0
P001365,착한가격업소,,세탁&목욕,경남세탁소,서울특별시 영등포구 양산로 177 2층,37.524463518615,126.903148310077,02-2677-0171,양복세탁,8000원,수선,4000원,가성비 양복세탁,8000,4000.0
P001366,착한가격업소,,식당,영광회관,서울특별시 영등포구 영신로38길 22,37.5206390504062,126.903498611227,02-2678-4744,삼겹살(200g),15000원,,,가성비 삼겹살(200g),15000,
P001367,착한가격업소,,식당,통나무식당,서울특별시 영등포구 영등포로62길 12,37.5153806484368,126.91642399432,02-844-7924,된장찌개,7000원,김치찌개,8000원,가성비 된장찌개,7000,8000.0
P001368,착한가격업소,,미용,신동아미용실,서울특별시 영등포구 영등포로12길 8,37.5223553689921,126.887036959713,,여성커트,10000원,여성파마,35000원,가성비 여성커트,10000,35000.0
P001369,착한가격업소,,카페,스멜팅커피,서울특별시 영등포구 당산로 4-1,37.5151325588892,126.894326177808,02-2633-0401,아메리카노,2000원,카페라떼,3000원,가성비 아메리카노,2000,3000.0
P001370,착한가격업소,,카페,에트나,서울특별시 영등포구 양평로16,37.5328855588883,126.90450018213,02-2633-5479,아메리카노,1500원,카페라떼,2500원,가성비 아메리카노,1500,2500.0
P001371,착한가격업소,,식당,영신반점,서울특별시 영등포구 도영로54,37.5103120577401,126.898596811165,02-833-9376,짜장면,6500원,짬뽕,8500원,가성비 짜장면,6500,8500.0
P001372,착한가격업소,,식당,도깨비스시,서울특별시 영등포구 대림로22길 40,37.4956649647742,126.904779757373,02-831-3502,모듬초밥,11000원,,,가성비 모듬초밥,11000,
P001373,착한가격업소,,카페,모몽스커피,서울특별시 영등포구 디지털로69가길 2,37.4941623668871,126.904124665744,070-8240-8330,아메리카노,1800원,카페라떼,2500원,가성비 아메리카노,1800,2500.0
P001374,착한가격업소,,식당,대림동꽃돼지,서울특별시 영등포구 대림로40길 11-1,37.501632480686,126.898157878611,,삼겹살(180g),14000원,,,가성비 삼겹살(180g),14000,
P001375,착한가격업소,,식당,태백우장수,서울특별시 영등포구 당산로47길 12,37.5352410372198,126.902179335636,0507-1329-3202,투뿔 한우모듬(100g),17900원,투뿔 한우차돌박이(100g),15900원,가성비 투뿔 한우모듬(100g),17900,15900.0
P001376,착한가격업소,,식당,아구'창,서울특별시 영등포구 국회대로44길 7,37.5250674527734,126.903800613861,0507-1409-7448,아귀찜(소),29000원,,,가성비 아귀찜(소),29000,
P001377,착한가격업소,,식당,도림회관,서울특별시 영등포구 도영로55,37.510592407861,126.898337872608,0507-1383-0894,돼지갈비(200~250g),9900원,,,가성비 돼지갈비(200~250g),9900,
P001378,착한가격업소,,식당,홍대앞왕동까스,서울특별시 영등포구 도림로354-9,37.5090200263446,126.900407418167,02-834-0990,왕동까스,8500원,,,가성비 왕동까스,8500,
P001379,착한가격업소,,식당,인생백반,서울특별시 영등포구 당산로31길 16-1,37.5269134210351,126.894914129414,02-833-7005,제육정식,8500원,,,가성비 제육정식,8500,
P001380,착한가격업소,,식당,대박집,서울특별시 영등포구 선유서로23길 3-1,37.5177593628249,126.883977982452,02-2636-9211,대패삼겹살(100g),3800원,,,가성비 대패삼겹살(100g),3800,
P001381,착한가격업소,,식당,더리얼치킨 문래본점,서울특별시 영등포구 선유서로 35,37.5189392734666,126.884393900889,0507-1489-9956,후라이드,18900원,,,가성비 후라이드,18900,
P001382,착한가격업소,,식당,문래라고파스타,서울특별시 영등포구 문래로83,37.5199232334161,126.891294037504,02-2635-2331,아라비아띠,12000원,까르보나라,12000원,가성비 아라비아띠,12000,12000.0
P001383,착한가격업소,,식당,박가네짜장,서울특별시 영등포구 가마산로401,37.5036694903534,126.901363054562,,짜장면,6000원,,,가성비 짜장면,6000,
P001384,착한가격업소,,식당,설가네 촌돼지,서울특별시 영등포구 가마산로90길 5,37.5035649412102,126.921238953236,02-841-9498,생삼겹살(200g),16000원,,,가성비 생삼겹살(200g),16000,
P001385,착한가격업소,,식당,울진막회,서울특별시 영등포구 도신로64길 2,37.5120638292853,126.917644054026,02-846-5480,막회(2~3인분),30000원,회덮밥,10000원,가성비 막회(2~3인분),30000,10000.0
P001386,착한가격업소,,식당,두루막국수,서울특별시 영등포구 여의대방로69길 7,37.5197638613541,126.931254830335,,막국수,5000원,,,가성비 막국수,5000,
P001387,착한가격업소,,식당,종가댁전주콩나물국밥,서울특별시 영등포구 은행로3,37.5275117444834,126.919665809662,,콩나물국밥,5000원,,,가성비 콩나물국밥,5000,
P001388,착한가격업소,,식당,대운설렁탕,서울특별시 영등포구 여의대방로23길 3,37.4981162907895,126.919636243281,02-849-3077,설렁탕,10000원,해장국,8000원,가성비 설렁탕,10000,8000.0
P001389,착한가격업소,,식당,도화원,서울특별시 영등포구 영등포로180-1,37.5202152058714,126.901518198221,02-2635-0086,짜장면,6000원,,,가성비 짜장면,6000,
P001390,착한가격업소,,식당,참떡&김떡,서울특별시 영등포구 영등포로64길 19-6,37.5130258713051,126.916545837299,02-845-0050,떡볶이,4500원,,,가성비 떡볶이,4500,
P001391,착한가격업소,,식당,영등포아귀찜,서울특별시 영등포구 도신로53길 9-1,37.5119691582851,126.914508248554,02-836-1255,아구탕,35000원,해물탕,35000원,가성비 아구탕,35000,35000.0
P001392,착한가격업소,,세탁&목욕,경일크리닝,서울특별시 동작구 사당로28길 6,37.4841740773502,126.979550473951,02-583-5205,세탁료,7000원,수선료,4000원,가성비 세탁료,7000,4000.0
P001393,착한가격업소,,식당,계단집,"서울특별시 동작구 현충로 94, 2층 (흑석동)",37.5080285364203,126.964189956433,02-821-9867,오겹살(160g),14000원, 김치찌개 ,8000원,가성비 오겹살(160g),14000,8000.0
P001394,착한가격업소,,미용,고투콜라헤어,"서울특별시 동작구 사당로2차길 72, 1층 (사당동)",37.4857674588843,126.967629376497,02-586-5080,커트,9000원, 파마 ,25000원,가성비 커트,9000,25000.0
P001395,착한가격업소,,세탁&목욕,그린사,서울특별시 동작구 사당로14길 63 (사당동),37.4815668765793,126.970416127713,02-3472-6974,양복세탁료,7000원,,,가성비 양복세탁료,7000,
P001396,착한가격업소,,식당,낙지랑갈비랑,서울특별시 동작구 상도동209-16,37.4987087605393,126.943353594851,02-825-5700,동태찌개,8000원,,,가성비 동태찌개,8000,
P001397,착한가격업소,,식당,남매이야기,"서울특별시 동작구 현충로 102, 1층 (흑석동)",37.5075630796874,126.964797418175,02-813-2399,돼지갈비(250g),14500원,,,가성비 돼지갈비(250g),14500,
P001398,착한가격업소,,식당,남원추어탕,서울특별시 동작구 사당1동1010-32,37.4821927828695,126.980764064456,02-522-6243,추어탕,10000원,,,가성비 추어탕,10000,
P001399,착한가격업소,,식당,남원추어탕,"서울특별시 동작구 여의대방로 250, 지하1층 14호",37.5087434455459,126.924517791265,02-812-2047,추어탕,10000원,,,가성비 추어탕,10000,
P001400,착한가격업소,,식당,남원추어탕아구찜,서울특별시 동작구 사당로29길 1,37.4847021428995,126.978949042073,02-595-4271,추어탕,10000원,,,가성비 추어탕,10000,
P001401,착한가격업소,,식당,다독이네 숯불구이,서울특별시 동작구 노량진로 106-5,37.512959323801,126.937793917313,02-6101-9299,돼지갈비,13000원,뼈삼겹갈비,14000원,가성비 돼지갈비,13000,14000.0
P001402,착한가격업소,,식당,단비분식,서울특별시 동작구 흑석로9길 13,37.5076697361086,126.959392262499,02-817-8852,비빔밥,6000원,제육볶음,7000원,가성비 비빔밥,6000,7000.0
P001403,착한가격업소,,식당,대가설렁탕,서울특별시 동작구 상도3동347-1,37.5013735473233,126.932971575399,02-813-1211,설렁탕,9000원,,,가성비 설렁탕,9000,
P001404,착한가격업소,,식당,돌쇠와 석쇠,서울특별시 동작구 솔밭로 110,37.485709644526,126.968746061726,02-588-1005,삼겹살,10000원,목살,13000원,가성비 삼겹살,10000,13000.0
P001405,착한가격업소,,식당,동해해물탕,서울특별시 동작구 양녕로22가길 67,37.496868162081,126.944062331109,02-814-7700,해물탕(중),45000원,,,가성비 해물탕(중),45000,
P001406,착한가격업소,,미용,라인헤어,서울특별시 동작구 사당로16가길 42,37.4835794845257,126.971246021729,02-583-1614,커트,13000원,파마,40000원,가성비 커트,13000,40000.0
P001407,착한가격업소,,미용,마샬미용실,서울특별시 동작구 만양로14길 8,37.5113754832826,126.944942900793,02-815-2708,커트,10000원,파마,30000원,가성비 커트,10000,30000.0
P001408,착한가격업소,,식당,마포곱창,서울특별시 동작구 사당로 185 (사당동),37.485879439011,126.969259208137,02-532-9171,모듬곱창(250g),21000원, 막창(300g) ,21000원,가성비 모듬곱창(250g),21000,21000.0
P001409,착한가격업소,,식당,만두의정석,"서울특별시 동작구 국사봉1길 45, 1층 103호",37.4992744023286,126.930969862711,02-6349-6349,고기만두,6000원,,,가성비 고기만두,6000,
P001410,착한가격업소,,식당,명동국수,서울특별시 동작구 상도로41길 12,37.5017330728734,126.949926491951,02-813-0402,소고기국수,5500원,,,가성비 소고기국수,5500,
P001411,착한가격업소,,세탁&목욕,모아세탁소,"서울특별시 동작구 사당로26길 106, 1층 (사당동)",37.4790406394403,126.977885058437,02-585-0245,양복세탁료,7500원, 수선료 ,4000원,가성비 양복세탁료,7500,4000.0
P001412,착한가격업소,,식당,사과나무,서울특별시 동작구 흑석로9길 7,37.5075963317812,126.959736016421,02-825-1831,왕돈까스,8000원,,,가성비 왕돈까스,8000,
P001413,착한가격업소,,미용,문세실리아,서울특별시 동작구 장승배기로27길 77,37.5094686611211,126.938670881013,,커트,10000원,파마,30000원,가성비 커트,10000,30000.0
P001414,착한가격업소,,미용,미화미용실,서울특별시 동작구 노량진로12길 44 (노량진동),37.5116126903717,126.937636911169,02-813-1105,커트,12000원,파마,30000원,가성비 커트,12000,30000.0
P001415,착한가격업소,,식당,배꼽시계,서울특별시 동작구 동작대로7길 80,37.4778739994415,126.978300770962,02-522-4234,우렁쌈밥,9000원,김치찌개,8000원,가성비 우렁쌈밥,9000,8000.0
P001416,착한가격업소,,세탁&목욕,백양세탁소,서울특별시 동작구 여의대방로22아길 30,37.4962229416865,126.924313273614,02-816-9277,양복세탁료,7000원,수선료,5000원,가성비 양복세탁료,7000,5000.0
P001417,착한가격업소,,세탁&목욕,복미세탁소,서울특별시 동작구 사당로2차길 49,37.4865922059091,126.966850085526,02-586-4026,세탁료,8000원,수선료,4000원,가성비 세탁료,8000,4000.0
P001418,착한가격업소,,미용,빗과결사이,"서울특별시 동작구 등용로 96, 1층 2호 (대방동)",37.5097478327892,126.9323106843,02-812-5108,커트,13000원,파마,35000원,가성비 커트,13000,35000.0
P001419,착한가격업소,,식당,삼락,서울특별시 동작구 여의대방로36길 10-11 (대방동),37.5045970373122,126.923423233224,02-812-6741,삼겹살(200g),15000원,,,가성비 삼겹살(200g),15000,
P001420,착한가격업소,,식당,삼호정,서울특별시 동작구 여의대방로24길 50,37.4979468940999,126.923007080951,02-825-6023,삼계탕,13000원,김치찌개,7000원,가성비 삼계탕,13000,7000.0
P001421,착한가격업소,,식당,상도칼국수,"서울특별시 동작구 성대로 40, 1층",37.4989412826906,126.933291526819,,백반,7000원,,,가성비 백반,7000,
P001422,착한가격업소,,세탁&목욕,서정사,서울특별시 동작구 사당로16가길 24,37.483220648297,126.972146490446,02-584-2679,세탁료,7000원,수선료,5000원,가성비 세탁료,7000,5000.0
P001423,착한가격업소,,식당,성상등갈비,서울특별시 동작구 신대방길 108,37.4903627874582,126.908514572791,02-848-1151,등갈비,16000원,,,가성비 등갈비,16000,
P001424,착한가격업소,,세탁&목욕,소망세탁소,서울특별시 동작구 여의대방로 28,37.4952734394062,126.911690497183,02-835-6901,세탁료,7000원,수선료,3000원,가성비 세탁료,7000,3000.0
P001425,착한가격업소,,미용,수복이발소,서울특별시 동작구 사당로27길 94-3,37.4874114730419,126.97522396112,02-593-1938,커트,10000원,염색,20000원,가성비 커트,10000,20000.0
P001426,착한가격업소,,식당,스카이 피자,서울특별시 동작구 노량진로6길 86,37.5096063845557,126.937053040459,02-822-3082,피자,10900원,치킨,11000원,가성비 피자,10900,11000.0
P001427,착한가격업소,,식당,신대방대박찹쌀꽈배기,"서울특별시 동작구 신대방길 105, 1층",37.4900523859475,126.908625199076,02-848-0307,꽈배기3개,2500원,,,가성비 꽈배기3개,2500,
P001428,착한가격업소,,미용,신지헤어샵,서울특별시 동작구 성대로1길 17 (상도동),37.5010428201006,126.933827405774,02-815-3090,커트,10000원,파마,30000원,가성비 커트,10000,30000.0
P001429,착한가격업소,,식당,엄마손김밥,서울특별시 동작구 등용로14길 81,37.5127499054503,126.935727705757,02-817-0779,백반,6000원,김밥,3000원,가성비 백반,6000,3000.0
P001430,착한가격업소,,미용,엄청난 미용실,서울특별시 동작구 노량진로10길 29,37.5120581449091,126.937633260415,02-826-6207,커트,10000원,파마,25000원,가성비 커트,10000,25000.0
P001431,착한가격업소,,미용,영신이발소,서울특별시 동작구 사당로14가길 13,37.4841214071539,126.971477372558,,커트,10000원,염색,12000원,가성비 커트,10000,12000.0
P001432,착한가격업소,,식당,족발슈퍼 상도점,서울특별시 동작구 상도로 296-2,37.5011765524644,126.948946135113,02-814-2151,칼국수,4000원,,,가성비 칼국수,4000,
P001433,착한가격업소,,세탁&목욕,우성세탁소,서울특별시 동작구 노량진로28길 14,37.5122177844634,126.955046110351,02-814-6462,양복세탁료,7000원,수선료,5000원,가성비 양복세탁료,7000,5000.0
P001434,착한가격업소,,식당,우정식당,서울특별시 동작구 노량진로8길 39,37.5125948085533,126.937511222115,02-821-8156,김치찌개,7000원,,,가성비 김치찌개,7000,
P001435,착한가격업소,,식당,유정쌈밥,서울특별시 동작구 서달로13길 5-14,37.5079857976469,126.962069546902,02-816-0338,쌈밥(국내산),12000원,쌈밥(수입산),11000원,가성비 쌈밥(국내산),12000,11000.0
P001436,착한가격업소,,식당,은혜식당,서울특별시 동작구 사당로9가길 55,37.4869079819231,126.968394254394,02-592-8007,김치찌개,8000원,제육볶음,8000원,가성비 김치찌개,8000,8000.0
P001437,착한가격업소,,식당,이가떡방,서울특별시 동작구 국사봉1길 70,37.4982794476822,126.931324401659,02-816-2388,떡1팩,3000원,,,가성비 떡1팩,3000,
P001438,착한가격업소,,식당,일이삼식당,"서울특별시 동작구 흑석로13마길 65-3, 1층 (흑석동)",37.5074794281654,126.959085635956,02-814-6961,제육볶음,8000원,,,가성비 제육볶음,8000,
P001439,착한가격업소,,미용,자야 미용실,서울특별시 동작구 여의대방로24길 70,37.4983472232295,126.924139915789,02-821-8571,커트,10000원,파마,30000원,가성비 커트,10000,30000.0
P001440,착한가격업소,,식당,정가네밥상,"서울특별시 동작구 노량진로10길 28, 1층 (노량진동)",37.5121629184451,126.937437835801,,백반,6000원, 제육볶음 ,8000원,가성비 백반,6000,8000.0
P001441,착한가격업소,,식당,정선메밀고을,"서울특별시 동작구 양녕로26길 63, 2층",37.4957803921073,126.943715072218,02-811-0730,비빔막국수,7000원,냉메밀막국수,7000원,가성비 비빔막국수,7000,7000.0
P001442,착한가격업소,,미용,정아헤어샾,서울특별시 동작구 매봉로155 (본동190-41),37.5114184410977,126.951253891298,02-824-2706, 커트 ,6000원, 파마 ,20000원,가성비  커트 ,6000,20000.0
P001443,착한가격업소,,미용,조현호미용실,서울특별시 동작구 현충로 98 2층 4호,37.5078510350253,126.964476979624,02-822-5142,커트,13000원,파마,35000원,가성비 커트,13000,35000.0
P001444,착한가격업소,,식당,준우식당,"서울특별시 동작구 등용로 93, 1층 (대방동)",37.5094484261479,126.931992001799,02-815-5792,백반,8000원,,,가성비 백반,8000,
P001445,착한가격업소,,미용,최신이용원,서울특별시 동작구 사당로23아길 6 (사당동),37.4909626686624,126.970370358182,,커트,7000원, 염색 ,15000원,가성비 커트,7000,15000.0
P001446,착한가격업소,,식당,코코스 중앙식당,서울특별시 동작구 흑석로 24,37.5048578584376,126.953244252537,02-822-9260,백반 ,6000원,순두부찌개,6000원,가성비 백반 ,6000,6000.0
P001447,착한가격업소,,식당,큰손갈비,서울특별시 동작구 장승배기로27길 7,37.5116950809166,126.93961904713,02-813-8081,된장찌개,6000원, 김치찌개 ,7000원,가성비 된장찌개,6000,7000.0
P001448,착한가격업소,,식당,풀향기 칼국수,서울특별시 동작구 보라매로 73,37.4958804032825,126.927366079096,02-817-8881,비빔밥,7000원,,,가성비 비빔밥,7000,
P001449,착한가격업소,,식당,풍미원,서울특별시 동작구 사당동 324-17,37.4837730271195,126.976127535647,02-594-4579,오리주물럭,40000원,,,가성비 오리주물럭,40000,
P001450,착한가격업소,,식당,한식뷔페식당,서울특별시 동작구 여의대방로24길 97,37.4990123600908,126.925435798068,02-821-5201,백반,8000원,,,가성비 백반,8000,
P001451,착한가격업소,,미용,헤어 365,"서울특별시 동작구 동작대로29길 91, 상가동 302호 (사당동, 우성2단지)",37.4880289275169,126.97651661753,02-3476-5955,커트,10000원,파마,25000원,가성비 커트,10000,25000.0
P001452,착한가격업소,,식당,호순네집,"서울특별시 동작구 등용로 107, 1층 (대방동)",37.5107065351472,126.93189901847,02-812-9185,김치찌개,7000원,,,가성비 김치찌개,7000,
P001453,착한가격업소,,식당,화풍정,서울특별시 동작구 상도3동324-1성대시장2층,37.4999589073581,126.931763799675,02-814-3392, 시래기밥 ,8000원,,,가성비  시래기밥 ,8000,
P001454,착한가격업소,,식당,황금오리,서울특별시 동작구 신대방길 112-2,37.4904424766943,126.908566490181,02-831-6787,오리훈제,50000원,,,가성비 오리훈제,50000,
P001455,착한가격업소,,식당,황토정,서울특별시 동작구 서달로13길 5-23 (흑석동),37.5077037178759,126.961866899112,02-814-4467,돼지갈비(250g),15000원,,,가성비 돼지갈비(250g),15000,
P001456,착한가격업소,,미용,힐링헤어,"서울특별시 동작구 성대로12길 8, 1층 (상도동)",37.4972578942204,126.935328788834,02-6095-1595,커트,10000원,파마,30000원,가성비 커트,10000,30000.0
P001457,착한가격업소,,식당,대박김치찌개,서울특별시 동작구 보라매로5길 5 (신대방동),37.4923884716229,126.925359044805,02-833-4330,셀프백반,7000원, 제육정식 ,8000원,가성비 셀프백반,7000,8000.0
P001458,착한가격업소,,식당,부자국밥,서울특별시 동작구 신대방11길 34 (신대방동),37.4885523525782,126.907651664364,02-834-2570,오늘의메뉴,7000원,된장찌개,7000원,가성비 오늘의메뉴,7000,7000.0
P001459,착한가격업소,,식당,용식이포차,"서울특별시 동작구 사당로16가길 13, 1층 (사당동)",37.4829417049139,126.972569679118,02-592-6920,김치찌개(2인),18000원,동태탕(2인),20000원,가성비 김치찌개(2인),18000,20000.0
P001460,착한가격업소,,식당,이가초밥,"서울특별시 동작구 국사봉1길4, 1층 (상도동)",37.4987738088069,126.928852981582,02-821-7878,이가초밥,11000원, 추천초밥 ,14000원,가성비 이가초밥,11000,14000.0
P001461,착한가격업소,,식당,준호네즉석떡볶이본점,"서울특별시 동작구 흑석로 83-1, 지층 (흑석동)",37.5072480440976,126.958809118302,070-8771-8249,즉석떡볶이,5900원,치즈즉석떡볶이,6900원,가성비 즉석떡볶이,5900,6900.0
P001462,착한가격업소,,식당,포항물회,"서울특별시 동작구 서달로14가길19, 1층 1호",37.5070833284348,126.962848699086,02-824-8934,회덮밥,11000원, 비빔물회 ,12000원,가성비 회덮밥,11000,12000.0
P001463,착한가격업소,,식당,골목식당,서울특별시 동작구 사당로16가길 24 (사당동),37.483220648297,126.972146490446,02-522-6320,뚝배기불고기,7000원, 김치찌개 ,6000원,가성비 뚝배기불고기,7000,6000.0
P001464,착한가격업소,,식당,광명수산,서울특별시 동작구 동작대로29가길 5 (사당동),37.4882572669361,126.981180197178,02-536-7801,광어(중),40000원, 회덮밥(점심) ,8000원,가성비 광어(중),40000,8000.0
P001465,착한가격업소,,카페,서브마린,"서울특별시 동작구 여의대방로 22, 상가동 지하1층 제1호 (신대방동)",37.4910969139998,126.911813692107,,아메리카노,2500원, 라떼 ,3500원,가성비 아메리카노,2500,3500.0
P001466,착한가격업소,,식당,진수산,서울특별시 동작구 사당로16가길 12 (사당동),37.4830818405106,126.972693772284,0507-1349-7268,"초밥(활어,12pcs)",15000원, 회덮밥(활어) ,10000원,"가성비 초밥(활어,12pcs)",15000,10000.0
P001467,착한가격업소,,식당,찬도락,서울특별시 동작구 보라매로 83 (신대방동),37.4966586765235,126.927339768223,02-815-4255,오삼불고기,9000원, 코다리강정 ,9000원,가성비 오삼불고기,9000,9000.0
P001468,착한가격업소,,미용,더 프리메라 미용실,서울특별시 동작구 흑석로 13마길 65-3 (흑석동),37.5074794281654,126.959085635956,02-825-3655,여성커트,16000원," 파마(50,000~) ",50000원,가성비 여성커트,16000,50000.0
P001469,착한가격업소,,미용,머리염색 전문점,서울특별시 동작구 사당로16가길 20 (사당동),37.4831859274789,126.972394114087,,"뿌리염색(18,000~)",18000원," 염색(25,000~) ",25000원,"가성비 뿌리염색(18,000~)",18000,25000.0
P001470,착한가격업소,,미용,동원이용원,"서울특별시 동작구 동작대로27다길 41, 2층 (사당동)",37.4857943269829,126.980414664875,02-536-3411,커트,10000원," 염색(커트포함 20,000) ",10000원,가성비 커트,10000,10000.0
P001471,착한가격업소,,미용,비스타(vista),서울특별시 동작구 동작대로35길 71 (사당동),37.4924521743835,126.979018784942,02-6414-7716,커트,7000원," 염색(커트포함 20,000) ",13000원,가성비 커트,7000,13000.0
P001472,착한가격업소,,세탁&목욕,화이트세탁소,"서울특별시 동작구 만양로19, 상가동 137, 138호 (노량진동)",37.5070717430905,126.945718197277,02-816-7515,"수선(4,000~)",4000원, 양복세탁 ,6000원,"가성비 수선(4,000~)",4000,6000.0
P001473,착한가격업소,,식당,국수가,서울특별시 동작구 사당로16가길 18,37.483145762568,126.972480170729,,칼국수,7000원,수제비,7000원,가성비 칼국수,7000,7000.0
P001474,착한가격업소,,식당,금강수산,서울특별시 동작구 시흥대로 658,37.4903749716012,126.908076731256,0507-1349-7268,산낙지,10000원,,,가성비 산낙지,10000,
P001475,착한가격업소,,식당,김가보쌈,서울특별시 동작구 여의대방로24가길 10,37.4986603620653,126.921037267596,02-824-8464,부대찌개,9000원,,,가성비 부대찌개,9000,
P001476,착한가격업소,,식당,옛날잔치국수,"서울특별시 동작구 노량진로26길 11, 1층",37.5118016078913,126.954334348772,02-824-3005,잔치국수,5000원,,,가성비 잔치국수,5000,
P001477,착한가격업소,,식당,참숯 생고기촌,"서울특별시 동작구 동작대로7길 31, 1층",37.4791812661917,126.980314299355,02-587-0726,된장찌개,6000원,,,가성비 된장찌개,6000,
P001478,착한가격업소,,식당,별미냉삼,"서울특별시 동작구 동작대로7길 34, 1층",37.4792519596427,126.980100713597,02-583-1989,냉면,6000원,,,가성비 냉면,6000,
P001479,착한가격업소,,식당,이수가,"서울특별시 동작구 동작대로27나길 6, 2층",37.4873098680701,126.980690161214,02-593-4279,홍어삼합,35000원,,,가성비 홍어삼합,35000,
P001480,착한가격업소,,식당,신부양각,"서울특별시 동작구 양녕로 191, 2층",37.4983321529172,126.943380680975,02-825-1515,짜장면,6000원,짬뽕,7000원,가성비 짜장면,6000,7000.0
P001481,착한가격업소,,식당,소반,"서울특별시 동작구 신대방길 56, 1층",37.4884057705473,126.909765953922,02-845-0027,칼국수,8000원,,,가성비 칼국수,8000,
P001482,착한가격업소,,식당,떡마루,서울특별시 동작구 여의대방로24길 70,37.4983472232295,126.924139915789,,소매떡,3000원,,,가성비 소매떡,3000,
P001483,착한가격업소,,식당,일등수제비,"서울특별시 동작구 여의대방로22길 121, 1층상가 1420호",37.4983519180861,126.925286048904,,수제비,8000원,,,가성비 수제비,8000,
P001484,착한가격업소,,식당,수미락,서울특별시 동작구 현충로 96-1,37.5078892888824,126.964348025769,02-824-1130,칼국수,7000원,,,가성비 칼국수,7000,
P001485,착한가격업소,,식당,초록상어,"서울특별시 동작구 상도로26길 14, 1층",37.5038309780692,126.938661582133,02-815-7032,크로플,3800원,,,가성비 크로플,3800,
P001486,착한가격업소,,식당,타이판,"서울특별시 동작구 상도로30길 40, 1층 107호",37.5043182643342,126.942466980966,02-6396-5353,탕수육,18000원,,,가성비 탕수육,18000,
P001487,착한가격업소,,식당,퍼홍,"서울특별시 동작구 상도로30길 40, 1층 103호",37.5043182643342,126.942466980966,02-825-7242,볶음쌀국수,10000원,,,가성비 볶음쌀국수,10000,
P001488,착한가격업소,,카페,빨간리본 샌드위치,서울특별시 동작구 사당로20나길 40,37.4817488882241,126.973485465979,,아메리카노,2000원,카페라떼,3000원,가성비 아메리카노,2000,3000.0
P001489,착한가격업소,,식당,마라양꼬치,서울특별시 동작구 상도로30길 40 상가 104호,37.5043182643342,126.942466980966,070-4065-5678,생양꼬치,13000원,양갈비(340g),35000원,가성비 생양꼬치,13000,35000.0
P001490,착한가격업소,,세탁&목욕,더샾 명품세탁,"서울특별시 동작구 장승배기로4길 9, 비동 101호",37.5014493001475,126.943814183056,02-822-3460,바지,4000원,,,가성비 바지,4000,
P001491,착한가격업소,,세탁&목욕,대광사,서울특별시 동작구 상도로15길 115,37.504733151779,126.937113793689,02-813-7728,양복1벌,8000원,,,가성비 양복1벌,8000,
P001492,착한가격업소,,미용,대림농협(이용원),서울특별시 동작구 신대방길 64 1층,37.4886224543072,126.909872772877,02-846-8847,커트,7000원,,,가성비 커트,7000,
P001493,착한가격업소,,미용,현대헤어컷트,서울특별시 동작구 현충로 106,37.5074266865293,126.965165399185,02-824-8464,커트,10000원,,,가성비 커트,10000,
P001494,착한가격업소,,미용,더 에이블 헤어,서울특별시 동작구 여의대방로10길 13 한성아파트 상가동 201호,37.4957426504432,126.915211806863,02-823-3015,염색,30000원,파마,50000원,가성비 염색,30000,50000.0
P001495,착한가격업소,,미용,신데렐라미용실,서울특별시 동작구 신대방길 95,37.4897947150047,126.90899764013,02-846-7165,커트,12000원,염색,35000원,가성비 커트,12000,35000.0
P001496,착한가격업소,,미용,정미용실,"서울특별시 동작구 상도로 385, 1층 2호",37.494836660088,126.955264487883,,커트,12000원,파마,30000원,가성비 커트,12000,30000.0
P001497,착한가격업소,,미용,찐미용실,"서울특별시 동작구 상도로15길 44, 1층",37.5024619701826,126.93426857438,,커트,12000원,파마,30000원,가성비 커트,12000,30000.0
P001498,착한가격업소,,미용,윤스헤어,"서울특별시 동작구 동작대로29길 69, 1층",37.4884520759924,126.978107297965,02-3482-0306,커트,10000원,염색,20000원,가성비 커트,10000,20000.0
P001499,착한가격업소,,기타,롯지요가,서울특별시 동작구 양녕로30길 4 2층,37.4992620702241,126.944496275381,,레슨1회,22000원,레슨10회,187000원,가성비 레슨1회,22000,187000.0
P001500,착한가격업소,,식당,함지박,서울특별시 동작구 상도로37길 68-1 (상도동) 1층,37.4981916915481,126.952602909175,02-815-6007,우렁강된장(쌈밥),10000원,,,가성비 우렁강된장(쌈밥),10000,
P001501,착한가격업소,,식당,학교종이 땡땡땡,서울특별시 동작구 흑석로 13마길 65-9,37.5076040669017,126.959171637857,,김치치즈돌솥,8000원,,,가성비 김치치즈돌솥,8000,
P001502,착한가격업소,,식당,하꼬멘,서울특별시 동작구 흑석동 190-20,37.5076835600472,126.959242622118,,돈코츠멘,8000원,,,가성비 돈코츠멘,8000,
P001503,착한가격업소,,식당,정식당,서울특별시 동작구 흑석동 흑석로 85-9,37.5075973693228,126.959345477855,02-3280-8859,제육,8000원,순두부찌개 ,8000원,가성비 제육,8000,8000.0
P001504,착한가격업소,,식당,성대낙지,"서울특별시 동작구 상도3동 국사봉 1길 4, 1층",37.4987738088069,126.928852981582,,낙지비빔밥,8000원,,,가성비 낙지비빔밥,8000,
P001505,착한가격업소,,식당,예원,"서울특별시 동작구 양녕로 27길 8, 1층",37.4989018368222,126.943334110962,,백반,7000원,,,가성비 백반,7000,
P001506,착한가격업소,,식당,고모밥죠,서울특별시 동작구 상도로 37길 64,37.4986078941182,126.952224481477,,생선구이,10000원,,,가성비 생선구이,10000,
P001507,착한가격업소,,식당,남원맛고을,서울특별시 동작구 상도로 34길 8-2,37.504473378439,126.945814174742,02-816-9385,가정식백반,8000원,,,가성비 가정식백반,8000,
P001508,착한가격업소,,식당,장승칡냉면&장족,서울특별시 동작구 상도로 34길 3,37.5045183023461,126.94612888962,,냉면,8000원,족발,35000원,가성비 냉면,8000,35000.0
P001509,착한가격업소,,식당,늘콩 신대방삼거리점,서울특별시 동작구 상도로 112 (상도동) 1층,37.5008705844498,126.932933800275,02-822-7988,콩나물국밥,6000원,전주비빔밥,7000원,가성비 콩나물국밥,6000,7000.0
P001510,착한가격업소,,식당,엄마의 손맛,서울특별시 동작구 노량진로 8길 39,37.5125948085533,126.937511222115,,순두부찌개,5500원,부대찌개,7000원,가성비 순두부찌개,5500,7000.0
P001511,착한가격업소,,식당,규동집,서울특별시 동작구 만양로14가길 1,37.5116703009123,126.945156004442,02-6953-7336,카레,7500원,,,가성비 카레,7500,
P001512,착한가격업소,,식당,황새골손칼국수,서울특별시 동작구 상도로37길 74,37.4979307591584,126.952825628307,,해물칼국수,10000원,,,가성비 해물칼국수,10000,
P001513,착한가격업소,,식당,영주네,"서울특별시 동작구 동작대로 29가길 15, 1층",37.4886660780361,126.981330368012,02-535-0833,김치고등어,9000원,,,가성비 김치고등어,9000,
P001514,착한가격업소,,식당,구름산추어탕,서울특별시 동작구 사당로30길 158-4,37.4778542677376,126.980363487746,02-588-1562,전복추어탕,16000원,,,가성비 전복추어탕,16000,
P001515,착한가격업소,,식당,유미식당,"서울특별시 동작구 사당로 172, 1층",37.4864961772848,126.967897149284,02-597-3592,순두부,8000원,,,가성비 순두부,8000,
P001516,착한가격업소,,식당,현미고기집,서울특별시 동작구 신대방길 108,37.4903627874582,126.908514572791,02-845-3302,소갈비살,16000원,,,가성비 소갈비살,16000,
P001517,착한가격업소,,식당,찐떡분식,"서울특별시 동작구 사당로14길 11, 101호",37.483517868433,126.972050727314,070-8835-2431,떡볶이,4000원,순대,4000원,가성비 떡볶이,4000,4000.0
P001518,착한가격업소,,식당,짱오기네,"서울특별시 동작구 사당로 14길 10, 102호",37.483633782229,126.971856890819,,떡볶이,4000원,순대,4000원,가성비 떡볶이,4000,4000.0
P001519,착한가격업소,,식당,오징어야,서울특별시 동작구 노량진동 119-150,37.5115189331277,126.944964285751,02-824-3880,회덮밥,7000원,모듬회(소),29000원,가성비 회덮밥,7000,29000.0
P001520,착한가격업소,,식당,공감식당 노량진점,"서울특별시 동작구 노량진로8길 20, 1층 (노량진동)",37.5126135416892,126.936483162136,,급랭삼겹살,14000원,시골청국장,8000원,가성비 급랭삼겹살,14000,8000.0
P001521,착한가격업소,,식당,청담팬케이크 ,서울특별시 동작구 보라매로5길51 지층 120호,37.4909420086406,126.923271180059,,플레인팬케이크,2000원,햄치즈팬케이크,2500원,가성비 플레인팬케이크,2000,2500.0
P001522,착한가격업소,,식당,서울정육식당,서울특별시 동작구 사당로 30길 154,37.4779764789702,126.980571253474,,삼겹살,14000원,목살,14000원,가성비 삼겹살,14000,14000.0
P001523,착한가격업소,,식당,이경숙육개장,서울특별시 동작구 사당로13길8 1층 3호,37.4845496115128,126.972815349734,,육개장,9000원,돈뚝불,8000원,가성비 육개장,9000,8000.0
P001524,착한가격업소,,식당,원일이 바베큐보쌈,서울특별시 동작구 사당로2차길 78,37.4856323582569,126.9678146401,,백반,7000원,바베큐보쌈,45000원,가성비 백반,7000,45000.0
P001525,착한가격업소,,식당,종로곱창,서울특별시 동작구 상도로22길34 1층,37.5018358034079,126.937141895729,,야채곱창볶음,12000원,야채닭갈비볶음,12000원,가성비 야채곱창볶음,12000,12000.0
P001526,착한가격업소,,카페,커피바이핸즈,서울특별시 동작구 상도로47길 22 1층,37.5001414771671,126.951954237532,,아메리카노,3500원,카페라떼,3600원,가성비 아메리카노,3500,3600.0
P001527,착한가격업소,,미용,째즈샾,서울특별시 동작구 동작대로11길 87 1층,37.4812820196652,126.976635860802,,커트,10000원,새치염색,20000원,가성비 커트,10000,20000.0
P001528,착한가격업소,,미용,네일멜로디,서울특별시 동작구 신대방길 45,37.4881037447946,126.91011005502,,젤네일,35000원,손 케어,15000원,가성비 젤네일,35000,15000.0
P001529,착한가격업소,,미용,머리메인하우스,서울특별시 동작구 성대로 29길 80 1층,37.5013118658096,126.936798988908,,커트,15000원,펌,35000원,가성비 커트,15000,35000.0
P001530,착한가격업소,,미용,지누헤어포인트,서울특별시 동작구 신대방1나길29 1층,37.4862718105216,126.907534731672,,커트,10000원,염색,30000원,가성비 커트,10000,30000.0
P001531,착한가격업소,,미용,모결헤어팀,서울특별시 동작구 상도로22길37 1층,37.5016317884021,126.937429886063,,남자커트,15000원,여자커트,17000원,가성비 남자커트,15000,17000.0
P001532,착한가격업소,,미용,미엔미헤어,"서울특별시 동작구 신대방길 93, 1층",37.4896921391264,126.90917823074,,커트(여자),12000원,파마,40000원,가성비 커트(여자),12000,40000.0
P001533,착한가격업소,,식당,명가왕족발보쌈,서울특별시 동작구 만양로 92 1층,37.5116122295125,126.944477404179,02-812-5535,족발(중),29000원,보쌈(중),29000원,가성비 족발(중),29000,29000.0
P001534,착한가격업소,,미용,상도동 살롱,"서울특별시 동작구 성대로 1길 5, 1층",37.5006107587934,126.932818227969,,커트,15000원,커트(학생),12000원,가성비 커트,15000,12000.0
P001535,착한가격업소,,식당,낸시스테이블,서울특별시 동작구 여의대방로 36길 105 1층,37.5088509018376,126.931873672694,,알리오올리오,11000원,연유피자,13000원,가성비 알리오올리오,11000,13000.0
P001536,착한가격업소,,미용,테바컷트,서울특별시 동작구 대방동23길 45,37.5039648401443,126.922789865137,0507-1334-6299,커트,8000원,염색,20000원,가성비 커트,8000,20000.0
P001537,착한가격업소,,미용,88미용실,서울특별시 동작구 보라매로5길51 116호,37.4909420086406,126.923271180059,,커트,8000원,파마,25000원,가성비 커트,8000,25000.0
P001538,착한가격업소,,기타,올패스 스터디룸,서울특별시 동작구 만양로18길 15,37.5131871681767,126.945213824561,,30분,400원,1시간,800원,가성비 30분,400,800.0
P001539,착한가격업소,,카페,Vamos 카페,"서울특별시 동작구 신대방길 9, 1층",37.4878214009962,126.912068221581,,아메리카노,2900원,쿠키,1800원,가성비 아메리카노,2900,1800.0
P001540,착한가격업소,,식당,어울터,서울특별시 동작구 상도로22길36,37.5017117332916,126.937138833158,,한식뷔페,8000원,열무국수,7000원,가성비 한식뷔페,8000,7000.0
P001541,착한가격업소,,식당,호프 왕노가리,서울특별시 동작구 상도로22길44,37.5014864126722,126.937178151835,,왕노가리,9000원,호박전,10000원,가성비 왕노가리,9000,10000.0
P001542,착한가격업소,,카페,535로스터리카페,서울특별시 동작구 상도로30길40 106호,37.5043182643342,126.942466980966,,아메리카노,3500원,바닐라라떼,4500원,가성비 아메리카노,3500,4500.0
P001543,착한가격업소,,식당,모모돈까스모밀,서울특별시 동작구 동작대로11길104 1층,37.4816151270518,126.975763032241,,등심돈까스,9000원,치즈돈까스,9500원,가성비 등심돈까스,9000,9500.0
P001544,착한가격업소,,식당,미쁘다돈까스,서울특별시 동작구 만양로14가길 4,37.511783275723,126.945326374606,,로스까스,7500원,치킨까스,7500원,가성비 로스까스,7500,7500.0
P001545,착한가격업소,,미용,머리가헤어,서울특별시 동작구 여의대방로22길38 1층,37.497629721408,126.922017338482,,커트,13000원,드라이,15000원,가성비 커트,13000,15000.0
P001546,착한가격업소,,미용,푸르나아띠헤어,서울특별시 동작구 장승배기로70 1층 26호,37.5042374347633,126.940269700861,,커트,12000원,파마,35000원,가성비 커트,12000,35000.0
P001547,착한가격업소,,식당,감쪽같이,"서울특별시 관악구 조원로16길 33, 101호 (신림동)",37.4827014482824,126.911379220656,02-859-1616,뼈해장국,8000원,,,가성비 뼈해장국,8000,
P001548,착한가격업소,,식당,고시칼국수,서울특별시 관악구 신림로18가길 42 (신림동),37.4724368301981,126.934352983357,070-7803-0001,칼국수,5000원,냉면,7000원,가성비 칼국수,5000,7000.0
P001549,착한가격업소,,식당,국수회관,서울특별시 관악구 신림로 277 (신림동),37.4792616009636,126.931002295576,02-851-2848,칼국수,7000원,잔치국수,5000원,가성비 칼국수,7000,5000.0
P001550,착한가격업소,,카페,굿띵커피,서울특별시 관악구 조원로4길 37 (신림동),37.4820184327171,126.905387263824,0507-1342-5833,아메리카노,2500원,라떼,3500원,가성비 아메리카노,2500,3500.0
P001551,착한가격업소,,미용,김소선 헤어아트,서울특별시 관악구 행운1길 14 (봉천동),37.4799771356785,126.958442742941,02-887-9261,파마,20000원,커트 ,7000원,가성비 파마,20000,7000.0
P001552,착한가격업소,,카페,네이밍카페커피GO!#1,서울특별시 관악구 난곡로 317 (신림동),37.4823160470791,126.91425577063,02-855-4573,아메리카노,2900원,,,가성비 아메리카노,2900,
P001553,착한가격업소,,미용,노랑머리,서울특별시 관악구 남부순환로145길 11 (신림동),37.4821635257209,126.912075417702,02-864-6196,커트,12000원,파마,22000원,가성비 커트,12000,22000.0
P001554,착한가격업소,,식당,다리목,서울특별시 관악구 신림로58가길 7 (신림동),37.4821470112564,126.931035483269,02-877-4369,김치찌개,8000원,된장찌개,7000원,가성비 김치찌개,8000,7000.0
P001555,착한가격업소,,미용,덕성이발관(덕성),서울특별시 관악구 장군봉2길 11 (봉천동),37.4824466875174,126.939594879058,02-882-5875,이용료(커트),8000원,,,가성비 이용료(커트),8000,
P001556,착한가격업소,,식당,만나칼국수,"서울특별시 관악구 봉천로7길 23 (봉천동, 주흥빌딩)",37.4905215967602,126.926383555551,02-888-8564,칼국수,7000원,비빔밥,7000원,가성비 칼국수,7000,7000.0
P001557,착한가격업소,,식당,만리향,서울특별시 관악구 은천로41길 20 (봉천동),37.4866419380685,126.9553464882,02-885-5077,짬뽕,7000원,자장면,5500원,가성비 짬뽕,7000,5500.0
P001558,착한가격업소,,세탁&목욕,모아그린드라이방,서울특별시 관악구 신림로 275-1 (신림동),37.4791258064247,126.931135376799,02-865-2484,세탁료(양복1벌),9000원,,,가성비 세탁료(양복1벌),9000,
P001559,착한가격업소,,식당,목우촌부추삼겹살,서울특별시 관악구 남현1길 68-10 (남현동),37.475339578085,126.981089942431,02-588-7399,생삼겹살,13000원,냉면,5000원,가성비 생삼겹살,13000,5000.0
P001560,착한가격업소,,기타,미림17분칼라,서울특별시 관악구 호암로26길 1 (신림동),37.4709918069211,126.933898672188,02-871-7070,인화료,300원,,,가성비 인화료,300,
P001561,착한가격업소,,식당,바른꽈배기,"서울특별시 관악구 은천로 92, 103호 (봉천동)",37.4867772255744,126.945377054435,02-877-7863,찹쌀꽈배기(3개),2500원,,,가성비 찹쌀꽈배기(3개),2500,
P001562,착한가격업소,,세탁&목욕,빨리셀프크리닝,서울특별시 관악구 신림로 224 (신림동),37.477578628549,126.936674835194,02-872-8253,세탁료(양복1벌),3900원,,,가성비 세탁료(양복1벌),3900,
P001563,착한가격업소,,식당,서울밥집,서울특별시 관악구 관천로 36-1 (신림동),37.4831942527483,126.927570796996,,김치찌개,7900원,비빔밥,6900원,가성비 김치찌개,7900,6900.0
P001564,착한가격업소,,식당,서울밥집 봉천점,서울특별시 관악구 장군봉1길 45 (봉천동),37.4817359311495,126.942585377766,,김치찌개,7900원,비빔밥,6900원,가성비 김치찌개,7900,6900.0
P001565,착한가격업소,,식당,송림정,서울특별시 관악구 은천로 36 (봉천동),37.4860281873598,126.939226784168,02-878-7777,삼겹살,13000원,,,가성비 삼겹살,13000,
P001566,착한가격업소,,식당,수자타착한식당,서울특별시 관악구 남부순환로143나길 6 (신림동),37.4826890851505,126.910874406777,02-865-8836,된장찌개,6000원,,,가성비 된장찌개,6000,
P001567,착한가격업소,,식당,수제비손칼국수,서울특별시 관악구 남부순환로248길 78 1층 105호,37.4728076303555,126.966088348062,02-876-2517,칼국수,6000원,수제비,6000원,가성비 칼국수,6000,6000.0
P001568,착한가격업소,,식당,시민식당,"서울특별시 관악구 남부순환로 1869, 1층 (봉천동)",37.4798286976066,126.957564468163,02-872-1990,김치찌개,7000원,비빔밥,6000원,가성비 김치찌개,7000,6000.0
P001569,착한가격업소,,식당,비타김밥,서울특별시 관악구 신림동7길 51 (신림동),37.4848553151336,126.926925956652,02-883-9242,멸치국수,5000원,제육덮밥,7000원,가성비 멸치국수,5000,7000.0
P001570,착한가격업소,,카페,어느멋진날,서울특별시 관악구 신림로11길 67 (신림동),37.4674698036737,126.938839272955,0507-1432-6779,아메리카노,3000원,,,가성비 아메리카노,3000,
P001571,착한가격업소,,식당,엄마가,"서울특별시 관악구 신림로 280, 1층 (신림동)",37.4795832636001,126.931470854766,0507-1308-2634,쫄면,5500원,김밥,2500원,가성비 쫄면,5500,2500.0
P001572,착한가격업소,,미용,열린미용실,서울특별시 관악구 난곡로40길 16 (신림동),37.4752814192096,126.917677423159,,커트,5000원,파마,20000원,가성비 커트,5000,20000.0
P001573,착한가격업소,,식당,원조정가네매운갈비찜,서울특별시 관악구 남부순환로216길 8 (봉천동),37.4811462364274,126.948897808933,02-883-0250,삼겹살,15000원,,,가성비 삼겹살,15000,
P001574,착한가격업소,,식당,유창숯불갈비,"서울특별시 관악구 은천로23길 14 (봉천동, 유창빌)",37.4872600005025,126.948211038667,02-883-5759,삼겹살,12000원,된장찌개,5000원,가성비 삼겹살,12000,5000.0
P001575,착한가격업소,,미용,재경헤어라인(재경),서울특별시 관악구 봉천로13길 7 (봉천동),37.4891036928384,126.930111499476,02-889-8241,커트,8000원,파마,20000원,가성비 커트,8000,20000.0
P001576,착한가격업소,,미용,정미용실,서울특별시 관악구 호암로 561-1 (신림동),37.4677752249378,126.931725916587,02-867-5676,파마,18000원,커트,6000원,가성비 파마,18000,6000.0
P001577,착한가격업소,,식당,진미정,서울특별시 관악구 남부순환로141길 14 (신림동),37.4816836013091,126.909624570338,02-868-1206,백반,8000원,,,가성비 백반,8000,
P001578,착한가격업소,,식당,청진동해장국,"서울특별시 관악구 관악로 105, 1층 (봉천동, 동산빌딩)",37.474629606862,126.952599252174,02-875-9882,물냉면,7000원,뚝배기불고기,8000원,가성비 물냉면,7000,8000.0
P001579,착한가격업소,,식당,초밥아저씨,서울특별시 관악구 신원로 9,37.4803331182162,126.92774846244,02-3281-2820,모듬초밥(11P),8000원,특모듬초밥(15P),14000원,가성비 모듬초밥(11P),8000,14000.0
P001580,착한가격업소,,식당,토방닭한마리,서울특별시 관악구 신림로22길 5 (신림동),37.4716466293968,126.935306320424,02-874-6895,닭한마리(2인분),28000원,,,가성비 닭한마리(2인분),28000,
P001581,착한가격업소,,식당,투가리,서울특별시 관악구 봉천로 595-1 (봉천동),37.4764505167259,126.9637057823,,김치찌개,7500원,비빔밥,6000원,가성비 김치찌개,7500,6000.0
P001582,착한가격업소,,식당,풍년집본가,"서울특별시 관악구 난곡로 232, 1층 (신림동)",37.474932484887,126.917071395984,02-852-3636,삼겹살(300g),18000원,냉면,7000원,가성비 삼겹살(300g),18000,7000.0
P001583,착한가격업소,,미용,행복한미용실,서울특별시 관악구 양지2길 24 (신림동),37.4703649673001,126.931825414743,02-889-1882,커트,"6,000원",파마,20000원,가성비 커트,6000,20000.0
P001584,착한가격업소,,미용,헤어디자인하우스,"서울특별시 관악구 은천로 95, 벽산블루밍상가 4층",37.4873460900284,126.945894955554,02-3285-8002,커트(남성),8000원,파마,20000원,가성비 커트(남성),8000,20000.0
P001585,착한가격업소,,세탁&목욕,공단사우나,서울특별시 관악구 시흥대로 578,37.4843090452129,126.903247316338,02-867-8665,목욕료,7000원,,,가성비 목욕료,7000,
P001586,착한가격업소,,식당,거북이분식,서울특별시 관악구 난곡로 87,37.4632673198827,126.918814496453,,튀김(5개),2000원,,,가성비 튀김(5개),2000,
P001587,착한가격업소,,식당,국수가땡긴다,서울특별시 관악구 은천로 117 1층,37.4868991368563,126.948394234809,02-887-5513,잔치국수,6500원,비빔국수,7500원,가성비 잔치국수,6500,7500.0
P001588,착한가격업소,,식당,난곡덮밥과김밥,서울특별시 관악구 난곡로35길 3,37.4727737734194,126.918652843305,0507-1417-1880,김밥,3500원,참치김밥,4500원,가성비 김밥,3500,4500.0
P001589,착한가격업소,,식당,늘콩 서울대점,서울특별시 관악구 관악로 199,37.4830752493665,126.953587750655,02-876-1121,전주비빔밥,7000원,순두부찌개,7500원,가성비 전주비빔밥,7000,7500.0
P001590,착한가격업소,,식당,다부찌,서울특별시 관악구 호암로24길 43,37.4695659281209,126.935640349144,02-879-1309,부대찌개,9000원,,,가성비 부대찌개,9000,
P001591,착한가격업소,,식당,대가왕돈카츠,서울특별시 관악구 호암로22길 69 신국고시원,37.4686588903793,126.936658847251,02-888-1201,왕돈까스,9000원,치즈까스,11000원,가성비 왕돈까스,9000,11000.0
P001592,착한가격업소,,식당,동화반점,서울특별시 관악구 관악로 268,37.4879253230576,126.958274612985,02-888-0711,짜장면,6000원,짬뽕,7000원,가성비 짜장면,6000,7000.0
P001593,착한가격업소,,식당,맛있구마,서울특별시 관악구 봉천로 612,37.4756202607874,126.964981420174,02-878-6312,콤비네이션L,19000원,,,가성비 콤비네이션L,19000,
P001594,착한가격업소,,미용,머리깍자,서울특별시 관악구 쑥고개로 82 1층,37.4792187507691,126.94556446745,없음,커트,8000원,,,가성비 커트,8000,
P001595,착한가격업소,,식당,미림분식,서울특별시 관악구 호암로 553,37.4670743790165,126.931346513518,02-888-8567,즉석떡볶이,5000원,물냉면,6000원,가성비 즉석떡볶이,5000,6000.0
P001596,착한가격업소,,식당,배할머니네 파절이 삼겹살,서울특별시 관악구 봉천로 594-1,37.4762438836574,126.963311889703,02-876-5477,생고기김치찌개,6000원,삼겹살,13900원,가성비 생고기김치찌개,6000,13900.0
P001597,착한가격업소,,미용,삼성미용실,서울특별시 관악구 보라매로 62,37.4948015028766,126.927602560192,02-882-0009,커트,10000원,파마,30000원,가성비 커트,10000,30000.0
P001598,착한가격업소,,식당,선짜장,서울특별시 관악구 신림로 130,37.4715341751044,126.935127012227,02-877-4097,짜장면,6000원,짬뽕,7000원,가성비 짜장면,6000,7000.0
P001599,착한가격업소,,미용,수미용실,서울특별시 관악구 남부순환로 1534,37.4827496745071,126.921068034538,02-866-2410,커트(학생),5000원,커트(남자),10000원,가성비 커트(학생),5000,10000.0
P001600,착한가격업소,,식당,영희네국수집,서울특별시 관악구 장군봉2길 18,37.4827545881081,126.939293881988,02-883-8182,멸치국수,6000원,비빔국수,6500원,가성비 멸치국수,6000,6500.0
P001601,착한가격업소,,식당,예소담,서울특별시 관악구 호암로24길 56,37.4693001487135,126.936173237217,02-882-9050,부대찌개,8500원,고등어구이,10000원,가성비 부대찌개,8500,10000.0
P001602,착한가격업소,,식당,콩숙이,서울특별시 관악구 대학길 57,37.4681607801568,126.937786857718,02-882-5332,삼겹살숙주김치,9000원,,,가성비 삼겹살숙주김치,9000,
P001603,착한가격업소,,카페,OJE COFFEE(오제커피),서울특별시 관악구 신림로21길 39,37.468655708931,126.935277133072,02-877-9435,아메리카노,1800원,카페라떼,2900원,가성비 아메리카노,1800,2900.0
P001604,착한가격업소,,식당,우리동네고기집,서울특별시 관악구 인헌6길 24,37.4741312260839,126.965506669825,02-871-9938,삼겹살(180g),11800원,"소고기(등심, 180g)",32000원,가성비 삼겹살(180g),11800,32000.0
P001605,착한가격업소,,식당,이레삼계탕,서울특별시 관악구 봉천로 609 2층,37.4759827181586,126.964917828088,02-877-8833,녹두삼계탕,15000원,,,가성비 녹두삼계탕,15000,
P001606,착한가격업소,,식당,임가네칼국수,서울특별시 관악구 관악로 237,37.4858643261563,126.955955032353,02-882-2626,바지락칼국수,9000원,비빔냉면,10000원,가성비 바지락칼국수,9000,10000.0
P001607,착한가격업소,,식당,우리 명품한우,서울특별시 관악구 인헌6길 24,37.4741312260839,126.965506669825,02-871-9934,탕수육(특대),14000원,,,가성비 탕수육(특대),14000,
P001608,착한가격업소,,카페,종베이커리,서울특별시 관악구 난우길 39,37.476141235668,126.917394863453,02-868-0887,아메리카노,2000원,카페라떼,2500원,가성비 아메리카노,2000,2500.0
P001609,착한가격업소,,식당,짜장면집,서울특별시 관악구 신원로 16,37.4807396753723,126.927931907461,070-8770-3345,짜장면,6000원,짬뽕,7000원,가성비 짜장면,6000,7000.0
P001610,착한가격업소,,미용,착한 미용실 원.투.쓰리,서울특별시 관악구 남부순환로 1620,37.4841094105241,126.930732020396,02-424-2565,커트(남자),7000원,커트(여자),9000원,가성비 커트(남자),7000,9000.0
P001611,착한가격업소,,식당,착한생칼국수,서울특별시 관악구 관천로 49,37.483461524086,126.926023135987,,칼국수,5000원,꽁보리밥정식,6000원,가성비 칼국수,5000,6000.0
P001612,착한가격업소,,기타,챔프골프연습장,서울특별시 관악구 남부순환로 1932 지하1층,37.4768194334572,126.96355399757,02-874-0287,월이용료,150000원,,,가성비 월이용료,150000,
P001613,착한가격업소,,식당,청년밥상문간 슬로우 낙성대점,서울특별시 관악구 남부순환로244길 26 지하1층,37.4759782784513,126.962775581118,0507-1333-6031,김치찌개,3000원,,,가성비 김치찌개,3000,
P001614,착한가격업소,,식당,코알라김밥,"서울특별시 관악구 조원로16길 34, 1층",37.4826974288122,126.911066152566,02-867-9978,김밥,3500원,참치김밥,4500원,가성비 김밥,3500,4500.0
P001615,착한가격업소,,식당,행운동 한식 분식,서울특별시 관악구 행운1길 48,37.4808730221753,126.957217459351,02-883-8852,김밥,3000원,된장찌개,6000원,가성비 김밥,3000,6000.0
P001616,착한가격업소,,식당,허수아비,서울특별시 관악구 호암로26길 72,37.4700904530354,126.937574769597,02-877-1187,로스까스,8500원,치킨까스,8500원,가성비 로스까스,8500,8500.0
P001617,착한가격업소,,식당,모락미반,"서울특별시 관악구 관악로 211, A동 1층 3호",37.4841859042134,126.954466715324,070-8287-0866,추어탕,10000원,고등어구이,10000원,가성비 추어탕,10000,10000.0
P001618,착한가격업소,,식당,방실분식,"서울특별시 관악구 신림로17길 20, 1층",37.4699092463169,126.936534573996,070-7819-0301,한끼 삼겹 도시락,12900원,,,가성비 한끼 삼겹 도시락,12900,
P001619,착한가격업소,,미용,크리스탈헤어,"서울특별시 관악구 신사로20길 13, 1층",37.4886010447074,126.917440282132,02-856-7177,커트,13000원,파마,40000원,가성비 커트,13000,40000.0
P001620,착한가격업소,,식당,얼큰수제비해물칼국수,"서울특별시 관악구 관악로 113, 1층",37.4751998173278,126.952502910709,02-888-0712,해물수제비,8500원,,,가성비 해물수제비,8500,
P001621,착한가격업소,,식당,체리부로하림직판장,"서울특별시 관악구 신원로5길 21, B-35호",37.4821512684385,126.927461793779,02-863-8713,닭강정(대),10000원,,,가성비 닭강정(대),10000,
P001622,착한가격업소,,미용,프로젝트헤어,서울특별시 관악구 관악로 266,37.4876189400733,126.958160694808,02-872-3092,커트,15000원,파마,40000원,가성비 커트,15000,40000.0
P001623,착한가격업소,,식당,산야로,서울특별시 관악구 관악로 111,37.4750032782962,126.952431360159,02-889-3390,떡만두국,9000원,잔치국수,7000원,가성비 떡만두국,9000,7000.0
P001624,착한가격업소,,카페,네모네모,"서울특별시 관악구 낙성대로3길 33-14, 1층",37.4738474879657,126.96057735934,070-7626-9860,아메리카노,3000원,,,가성비 아메리카노,3000,
P001625,착한가격업소,,기타,점핑다이어트,"서울특별시 관악구 신림로17길 53, 지하1층",37.4683543919134,126.936403742484,,점핑운동(주2회),70000원,점핑운동(주3회),90000원,가성비 점핑운동(주2회),70000,90000.0
P001626,착한가격업소,,미용,종로이용원,"서울특별시 관악구 남부순환로233길 13, 1층",37.4801207983891,126.958051250881,,커트,12000원,,,가성비 커트,12000,
P001627,착한가격업소,,미용,피오레,서울특별시 관악구 호암로22길 57,37.46873513799,126.936030831898,02-2064-0477,커트(남자),8000원,파마,35000원,가성비 커트(남자),8000,35000.0
P001628,착한가격업소,,미용,착한세상미용실본점,"서울특별시 관악구 시흥대로 572, 3층",37.4838892721327,126.90281628743,02-1544-4142,커트(남자),7000원,파마,25000원,가성비 커트(남자),7000,25000.0
P001629,착한가격업소,,미용,내스타일프로,서울특별시 관악구 청림3마길 26,37.4909145110077,126.957529702296,02-874-7166,커트,10000원,파마,30000원,가성비 커트,10000,30000.0
P001630,착한가격업소,,미용,용미용실,"서울특별시 관악구 장군봉2길 17, 1층",37.4825764614454,126.939299227017,02-883-0539,커트,10000원,파마,30000원,가성비 커트,10000,30000.0
P001631,착한가격업소,,식당,고기한판,서울특별시 관악구 신림로 262,37.4785126378715,126.932801498321,02-871-2353,소고기(등심),15900원,삼겹살,13900원,가성비 소고기(등심),15900,13900.0
P001632,착한가격업소,,식당,시장탕수육,서울특별시 관악구 관천로 19 신원시장 A-68,37.4817908767576,126.928218754074,02-866-3995,야채김밥,3000원,탕수육,4000원,가성비 야채김밥,3000,4000.0
P001633,착한가격업소,,미용,머리잘hair,"서울특별시 관악구 미성길 40, 1층",37.4748060426592,126.914874490564,070-7543-7526,커트,15000원,파마,45000원,가성비 커트,15000,45000.0
P001634,착한가격업소,,미용,별별헤어,"서울특별시 관악구 관천로11길 60, 1층 좌측",37.4838916346398,126.921642561758,,커트,8000원,파마,30000원,가성비 커트,8000,30000.0
P001635,착한가격업소,,식당,벌소(verso),"서울특별시 관악구 솔밭로 11-1, 1층",37.4786684549832,126.962878372661,02-877-7026,등심돈가스덮밥,10000원,안심돈가스덮밥,12000원,가성비 등심돈가스덮밥,10000,12000.0
P001636,착한가격업소,,미용,한성이발관,서울특별시 관악구 청룡길 30,37.4804825842774,126.945930883191,,커트,12000원,,,가성비 커트,12000,
P001637,착한가격업소,,기타,김코치PT,"서울특별시 관악구 봉천로 575, 풍산빌딩 6층",37.4774028105387,126.961481858172,,헬스(1개월),59000원,일일이용권,15000원,가성비 헬스(1개월),59000,15000.0
P001638,착한가격업소,,식당,내친구김밥본점,서울특별시 관악구 호암로22길 81,37.4686003890934,126.937286394337,02-873-0077,김밥,3000원,라면,4000원,가성비 김밥,3000,4000.0
P001639,착한가격업소,,기타,사랑방스튜디오,"서울특별시 관악구 관천로12길 28-6, 가윤 지하1층",37.4857741284661,126.926145456843,0507-1305-4703,보컬방,4000원,,,가성비 보컬방,4000,
P001640,착한가격업소,,미용,오늘도원헤어,서울특별시 관악구 청림6길 19-1,37.4865278750872,126.959352827602,,커트,16000원,,,가성비 커트,16000,
P001641,착한가격업소,,식당,장우동,서울특별시 관악구 호암로24길 57,37.4694747023673,126.936392054261,02-878-5583,돈가스,8000원,,,가성비 돈가스,8000,
P001642,착한가격업소,,미용,더예쁜날,"서울특별시 관악구 낙성대역3길 30, 1층",37.4755462345128,126.963031520741,,피부수분테라피,50000원,베이직관리,77000원,가성비 피부수분테라피,50000,77000.0
P001643,착한가격업소,,식당,고가네칼국수,"서울특별시 관악구 남부순환로248길 17, 1층",37.4752090779357,126.96572572194,,칼국수,7000원,수제비,8000원,가성비 칼국수,7000,8000.0
P001644,착한가격업소,,식당,정김밥(精),"서울특별시 관악구 문성로38길 70, 101호",37.4755502765276,126.92997003141,0507-1332-5134,제육김밥,4500원,샌드위치도시락(단체),5500원,가성비 제육김밥,4500,5500.0
P001645,착한가격업소,,미용,덕인헤어센스,서울특별시 관악구 장군봉8길 2,37.4808794664596,126.939231067419,02-886-2587,커트,10000원,파마,30000원,가성비 커트,10000,30000.0
P001646,착한가격업소,,미용,폭스헤어메이크,서울특별시 관악구 청룡길 62,37.4790730280319,126.945696059684,02-887-6516,커트(어린이),15000원,염색,50000원,가성비 커트(어린이),15000,50000.0
P001647,착한가격업소,,식당,멸치국수집,서울특별시 관악구 과천대로 951,37.4755280988508,126.981275188365,02-583-0957,멸치국수,6000원,비빔국수,7000원,가성비 멸치국수,6000,7000.0
P001648,착한가격업소,,식당,눈꽃초밥,서울특별시 관악구 법원단지길 38 (신림동),37.4742868513626,126.919724281979,02-865-0301,눈초밥,8000원,,,가성비 눈초밥,8000,
P001649,착한가격업소,,식당,예가돈까스,서울특별시 관악구 보라매로 4 (봉천동),37.4899597205932,126.92797868299,02-883-4455,로스까스,10500원,,,가성비 로스까스,10500,
P001650,착한가격업소,,식당,정 김밥(精),서울특별시 관악구 신원로1길 2 (신림동) 1층 105호,37.4802344708588,126.927769925725,0507-1434-5615,정김밥,4000원,,,가성비 정김밥,4000,
P001651,착한가격업소,,식당,해뜨는 잔치국수,서울특별시 관악구 신원로1길 1 (신림동),37.4801028543936,126.927804196413,02-830-8392,잔치국수,6000원,,,가성비 잔치국수,6000,
P001652,착한가격업소,,식당,24시 옛날집,서울특별시 관악구 봉천로 444 (봉천동),37.4823162031391,126.949122233534,02-884-7577,김치찌개,9000원,된장찌개,8000원,가성비 김치찌개,9000,8000.0
P001653,착한가격업소,,미용,그날헤어 서울대입구역점,"서울특별시 관악구 남부순환로 1802 (봉천동, 관악캠퍼스타워)",37.4811700742595,126.950284940868,02-2039-3169,커트(남성),13000원,파마(남성),33000원,가성비 커트(남성),13000,33000.0
P001654,착한가격업소,,식당,돈나라,서울특별시 관악구 청림길 2 (봉천동),37.4880450240089,126.958408197026,02-875-4427,한식뷔페,8000원,,,가성비 한식뷔페,8000,
P001655,착한가격업소,,식당,동현맛집,서울특별시 관악구 남부순환로 1726 (봉천동),37.482082523984,126.94179717933,02-889-8146,된장찌개,9000원,비빔밥,9000원,가성비 된장찌개,9000,9000.0
P001656,착한가격업소,,식당,레커훈스,서울특별시 관악구 호암로22길 51 (신림동),37.4687862780246,126.935630165472,02-873-4992,치킨반마리(포장),6500원,치킨한마리(포장),12000원,가성비 치킨반마리(포장),6500,12000.0
P001657,착한가격업소,,식당,바르닭치킨,서울특별시 관악구 관악로24길 37 (봉천동),37.4846584022175,126.956402013712,02-883-8033,옛날통닭(1마리),9000원,옛날통닭(2마리),17000원,가성비 옛날통닭(1마리),9000,17000.0
P001658,착한가격업소,,식당,부영식당,서울특별시 관악구 난곡로65길 10 (신림동),37.4824240571509,126.913608700187,02-871-4369,된장찌개,8000원,김치찌개,8000원,가성비 된장찌개,8000,8000.0
P001659,착한가격업소,,식당,산마루해장탕,서울특별시 관악구 조원중앙로2길 116 (신림동),37.481806344004,126.911202770241,02-851-2300,백반,8000원,된장찌개,7000원,가성비 백반,8000,7000.0
P001660,착한가격업소,,미용,착한헤어컷,서울특별시 관악구 관악로28길 12-1 (봉천동),37.4851499452829,126.956764221601,02-6080-1177,남성커트,10000원,여성커트,13000원,가성비 남성커트,10000,13000.0
P001661,착한가격업소,,미용,808네일,서울특별시 관악구 봉천로 280,37.4872713542966,126.932034951179,,네일 원컬러,29000원,,,가성비 네일 원컬러,29000,
P001662,착한가격업소,,미용,명동,서울특별시 관악구 쑥고개로21길 9,37.4795308983069,126.948461936885,02-889-4359,이발,10000원,염색,10000원,가성비 이발,10000,10000.0
P001663,착한가격업소,,미용,헤어클릭,서울특별시 관악구 은천로 80,37.4865575693932,126.944240302137,02-3285-6080,커트,12000원,뿌리염색,30000원,가성비 커트,12000,30000.0
P001664,착한가격업소,,미용,아는언니헤어,서울특별시 관악구 신림로58길 14,37.4822133453742,126.930761358106,02-882-9391,커트,16000원,염색,50000원,가성비 커트,16000,50000.0
P001665,착한가격업소,,미용,이끌림헤어샵,서울특별시 관악구 난곡로34길 27,37.472372927332,126.920794405995,없음,커트,12000원,염색,30000원,가성비 커트,12000,30000.0
P001666,착한가격업소,,미용,작은미용실,서울특별시 관악구 남현길 52,37.474609600225,126.976215578193,02-3487-8418,커트,15000원,파마,50000원,가성비 커트,15000,50000.0
P001667,착한가격업소,,미용,서울미장원,"서울특별시 관악구 은천로 92, 상가B동 104호",37.4867772255744,126.945377054435,,커트(남성),17000원,커트(여성),20000원,가성비 커트(남성),17000,20000.0
P001668,착한가격업소,,식당,정육점식당 낙성대,서울특별시 관악구 봉천로 456,37.4821054065899,126.950487720839,02-878-6203,생삼겹살(160g),10000원,,,가성비 생삼겹살(160g),10000,
P001669,착한가격업소,,미용,김미연헤어샵,서울특별시 관악구 미성길 18,37.4745908902671,126.916146787731,02-839-0211,커트,10000원,,,가성비 커트,10000,
P001670,착한가격업소,,식당,해뜨는집,서울특별시 관악구 미성3길 1,37.4744259202628,126.916408006901,02-866-4854,옛날통닭,9900원,,,가성비 옛날통닭,9900,
P001671,착한가격업소,,식당,마늘오리,서울특별시 관악구 신림로66길 10,37.4853074720651,126.930256935549,02-883-3153,생삼겹살,15000원,,,가성비 생삼겹살,15000,
P001672,착한가격업소,,식당,감센,서울특별시 관악구 봉천로14길 27,37.4869977463425,126.930534194841,02-866-1919,제육덮밥,8000원,김치찌개,8000원,가성비 제육덮밥,8000,8000.0
P001673,착한가격업소,,식당,영원참숯갈비,서울특별시 관악구 남부순환로181길 34,37.4861135274245,126.93089321509,02-883-0121,갈비탕,14000원,,,가성비 갈비탕,14000,
P001674,착한가격업소,,식당,신림홍미닭발,서울특별시 관악구 신림로68길 7,37.4865511753391,126.929719265446,02-887-7172,무뼈닭발,17000원,,,가성비 무뼈닭발,17000,
P001675,착한가격업소,,미용,헤어바이달,서울특별시 관악구 은천로5길 11,37.4867868257952,126.937993031652,02-877-6843,커트(여성),19000원,,,가성비 커트(여성),19000,
P001676,착한가격업소,,식당,서가,서울특별시 관악구 당곡길 65,37.4916156840771,126.927393276689,02-882-7727,생삼겹살(200g),16000원,,,가성비 생삼겹살(200g),16000,
P001677,착한가격업소,,미용,미래헤어샵,서울특별시 관악구 당곡길 52,37.491358318521,126.928215931688,없음,커트(남성),10000원,커트(여성),10000원,가성비 커트(남성),10000,10000.0
P001678,착한가격업소,,식당,보라매칼국수,서울특별시 관악구 보라매로3길 29,37.4912113425285,126.924990343437,02-831-3986,오징어덮밥,9000원,들깨칼국수,9000원,가성비 오징어덮밥,9000,9000.0
P001679,착한가격업소,,식당,길목김밥,서울특별시 관악구 미성길 4,37.4748158874832,126.916549904581,02-854-7352,김밥,2000원,계란말이김밥,3000원,가성비 김밥,2000,3000.0
P001680,착한가격업소,,식당,먹깨비김밥만두,서울특별시 관악구 난곡로 358,37.4859041696085,126.913935191709,02-830-1388,떡볶이,2500원,김밥,3500원,가성비 떡볶이,2500,3500.0
P001681,착한가격업소,,식당,전주식당,서울특별시 관악구 신림로66길 20,37.4854174183208,126.930756026865,02-887-5284,"냉삼겹살(200g,독일)",9000원,내장탕,7000원,"가성비 냉삼겹살(200g,독일)",9000,7000.0
P001682,착한가격업소,,식당,복숙이순대국,서울특별시 관악구 남부순환로 1647,37.4849926982048,126.933768410023,02-885-2731,순대국,9000원,,,가성비 순대국,9000,
P001683,착한가격업소,,식당,맛밥김밥전문점,서울특별시 관악구 남부순환로 1740,37.4819000975612,126.943337342715,02-883-5932,김치볶음밥,7000원,된장찌개,6500원,가성비 김치볶음밥,7000,6500.0
P001684,착한가격업소,,식당,돈벼락삼겹살,서울특별시 관악구 난곡로 341,37.4844445006364,126.913762518137,0507-1430-2384,생삼겹살(200g),16000원,김치찌개,9000원,가성비 생삼겹살(200g),16000,9000.0
P001685,착한가격업소,,미용,열린헤어샵,서울특별시 관악구 청림3길 13,37.4889443204052,126.95892466793,,커트,10000원,파마,30000원,가성비 커트,10000,30000.0
P001686,착한가격업소,,기타,천하무적태권도,"서울특별시 관악구 양녕로6길 75, 2층",37.483668404132,126.950745947464,02-879-2234,주3일,130000원,주5일,150000원,가성비 주3일,130000,150000.0
P001687,착한가격업소,,식당,미인브레드 호암로점,서울특별시 관악구 호암로26길 7,37.4709226389593,126.934113067896,02-888-3169,단팥빵,1200원,버터크림빵,1200원,가성비 단팥빵,1200,1200.0
P001688,착한가격업소,,세탁&목욕,현대그린사우나,서울특별시 관악구 신림로29길 3-20,37.4746265193834,126.933804917074,02-889-4009,목욕(대인),10000원,목욕(소인),7000원,가성비 목욕(대인),10000,7000.0
P001689,착한가격업소,,식당,미미육,서울특별시 관악구 봉천로 435,37.482841046811,126.948306009688,02-885-8863,"주먹고기(목살, 200g)",14000원,삼겹살(200g),15000원,"가성비 주먹고기(목살, 200g)",14000,15000.0
P001690,착한가격업소,,식당,국수당,서울특별시 관악구 남부순환로 1881,37.4792717380646,126.958706785697,02-3285-0969,잔치국수,5500원,꼬치우동,6000원,가성비 잔치국수,5500,6000.0
P001691,착한가격업소,,식당,봉천동식당 병천순대국,서울특별시 관악구 인헌4길 15,37.474646558485,126.965971865622,02-875-8866,순대국,8000원,,,가성비 순대국,8000,
P001692,착한가격업소,,식당,등촌샤브칼국수 신림점,서울특별시 관악구 신림로 309,37.4820077948762,126.929642229259,,얼큰버섯칼국수,10000원,맑은버섯칼국수,10000원,가성비 얼큰버섯칼국수,10000,10000.0
P001693,착한가격업소,,미용,싹헤어,서울특별시 관악구 남부순환로172길 46,37.4828428439204,126.923403041736,,커트,13000원,염색,30000원,가성비 커트,13000,30000.0
P001694,착한가격업소,,식당,포첸하우스,서울특별시 관악구 인헌6길 16,37.4740985743928,126.966007272791,02-877-0466,양지쌀국수,7900원,,,가성비 양지쌀국수,7900,
P001695,착한가격업소,,미용,하나린 헤어,서울특별시 관악구 은천로 50,37.4859819598674,126.940812719993,02-883-7182,커트,16000원,파마,35000원,가성비 커트,16000,35000.0
P001696,착한가격업소,,미용,꿀띠헤어,서울특별시 관악구 청룡길 48,37.4796390869742,126.945794011314,02-882-3967,다운펌+커트,35000원,,,가성비 다운펌+커트,35000,
P001697,착한가격업소,,기타,동방짐,"서울특별시 관악구 호암로26길 17, 지하1층",37.4707490184504,126.934607229207,02-871-1800,PT(1회)+헬스,33000원,,,가성비 PT(1회)+헬스,33000,
P001698,착한가격업소,,식당,성원우육면,서울특별시 관악구 난곡로 343,37.4846536177839,126.913753119394,02-6368-6888,우육면,7000원,,,가성비 우육면,7000,
P001699,착한가격업소,,미용,문지혜 미용실,서울특별시 관악구 행운1길 15,37.47990938848,126.958211913309,02-889-3242,커트,12000원,,,가성비 커트,12000,
P001700,착한가격업소,,미용,로이스헤어#,"서울특별시 관악구 양녕로 117, 505동 102호",37.4915087835926,126.942726707191,02-882-0882,커트,10000원,파마,40000원,가성비 커트,10000,40000.0
P001701,착한가격업소,,식당,형제순대국,서울특별시 관악구 관천로 25,37.4820497302716,126.927912446154,02-875-9204,육개장,9000원,,,가성비 육개장,9000,
P001702,착한가격업소,,미용,진주피부관리실,서울특별시 관악구 솔밭로 13,37.4787951647601,126.962967173297,,여드름관리,55000원,남자얼굴윤곽관리,44000원,가성비 여드름관리,55000,44000.0
P001703,착한가격업소,,기타,원펀짐,서울특별시 관악구 신림로 108,37.4711305016924,126.937597983499,070-8648-1400,헬스(12개월),319000원,1:1PT(회당),50000원,가성비 헬스(12개월),319000,50000.0
P001704,착한가격업소,,카페,라빈느,서울특별시 관악구 신림로17길 57,37.4682228425064,126.936400349631,070-4127-0506,아메리카노,2000원,샌드위치,5500원,가성비 아메리카노,2000,5500.0
P001705,착한가격업소,,식당,두꺼비정육식당,서울특별시 관악구 난곡로24길 12,37.4695687426033,126.920570259945,02-839-5610,삼겹살(200g),14000원,항정살(200g),16000원,가성비 삼겹살(200g),14000,16000.0
P001706,착한가격업소,,식당,서울밥집 르네상스점,서울특별시 관악구 봉천로12길 49,37.4864806223175,126.930168216331,,비빔밥,6900원,,,가성비 비빔밥,6900,
P001707,착한가격업소,,식당,신림 박재성의 메밀 숯불 닭갈비,서울특별시 관악구 신원로 40-16,37.4815193451441,126.929469476671,02-887-1236,숯불닭갈비,12000원,메밀물막국수,7000원,가성비 숯불닭갈비,12000,7000.0
P001708,착한가격업소,,기타,아성당구장,"서울특별시 관악구 호암로24길 41, 지하 1층",37.469624055963,126.935498316264,없음,당구게임(10분),1000원,,,가성비 당구게임(10분),1000,
P001709,착한가격업소,,식당,참맛죽 본점,"서울특별시 관악구 조원로 113, 1층",37.485102442315,126.914791125029,02-857-8235,흰죽,6000원,야채죽,9000원,가성비 흰죽,6000,9000.0
P001710,착한가격업소,,식당,신대성각,서울특별시 관악구 호암로22길 76,37.4684626167985,126.936933252936,02-886-4426,짜장면,6000원,짬뽕,7000원,가성비 짜장면,6000,7000.0
P001711,착한가격업소,,식당,시골집,서울특별시 관악구 관악로30길 6,37.4862793054799,126.957610796235,02-877-3349,비빔밥,7000원,된장찌개,7000원,가성비 비빔밥,7000,7000.0
P001712,착한가격업소,,미용,나무그늘헤어,서울특별시 관악구 국회단지길 27,37.4874713570905,126.939803971798,없음,커트,12000원,파마,40000원,가성비 커트,12000,40000.0
P001713,착한가격업소,,미용,미담,서울특별시 관악구 관악로30길 11-1,37.486527634331,126.958402254108,없음,네일아트,35000원,피부관리,30000원,가성비 네일아트,35000,30000.0
P001714,착한가격업소,,식당,갯벌철판낙지,서울특별시 관악구 봉천로 596,37.4761931967303,126.963440682682,02-871-3828,낙지덮밥,10000원,,,가성비 낙지덮밥,10000,
P001715,착한가격업소,,식당,우마이텐,서울특별시 관악구 봉천로 596,37.4761931967303,126.963440682682,02-6092-9992,일본라멘,9000원,카레돈까스,9500원,가성비 일본라멘,9000,9500.0
P001716,착한가격업소,,식당,미미치킨,서울특별시 서초구 서초대로 108,37.4875261941992,126.994201615542,02-586-7130,후라이드치킨,18000원, 양념치킨  ,19000원,가성비 후라이드치킨,18000,19000.0
P001717,착한가격업소,,식당,미각,서울특별시 서초구 반포대로28길8,37.4902271153586,127.009126274044,02-585-9095,선지해장국,9000원, 차돌된장찌개 ,9000원,가성비 선지해장국,9000,9000.0
P001718,착한가격업소,,카페,플로우,서울특별시 서초구 신반포로43길 45,37.5121971845084,127.017613294229,070-7779-5577,아메리카노,3500원, 카페라떼 ,4000원,가성비 아메리카노,3500,4000.0
P001719,착한가격업소,,식당,소앤돼지,서울특별시 서초구 강남대로95길 55,37.5126296796735,127.01752494488,,한우된장전골,8000원, 김치전골 ,8000원,가성비 한우된장전골,8000,8000.0
P001720,착한가격업소,,식당,행복밥상,서울특별시 서초구 마방로10길 18-15,37.4758847870347,127.043214499845,02-536-8825,웰빙비빔밥,8000원,순두부,8000원,가성비 웰빙비빔밥,8000,8000.0
P001721,착한가격업소,,식당,백씨네백년삼겹살,서울특별시 서초구 효령로 316-1,37.4854201490875,127.018966531325,02-587-0335,제육쌈정식,9000원,오징어제육,10000원,가성비 제육쌈정식,9000,10000.0
P001722,착한가격업소,,식당,미소마을,"서울특별시 서초구 강남대로41길 18, 2층",37.4871091179104,127.031489707266,02-584-9199,순두부,10000원,백반,10000원,가성비 순두부,10000,10000.0
P001723,착한가격업소,,식당,은순이네 반찬가게,"서울특별시 서초구 서초중앙로24길 43, 지114호",37.4959475181655,127.018985138118,02-501-5060,코다리,6000원,두부조림,3000원,가성비 코다리,6000,3000.0
P001724,착한가격업소,,미용,코지헤어,서울특별시 서초구 반포대로22길 14-3,37.4889209148924,127.010336447634,02-3473-5033,컷트,16000원,,,가성비 컷트,16000,
P001725,착한가격업소,,미용,루아룸,"서울특별시 서초구 동광로75, 2층",37.4930693253348,126.990645299452,02-537-4117,다운펌,30000원,,,가성비 다운펌,30000,
P001726,착한가격업소,,식당,만두랑,서울특별시 서초구 남부순환로 356길 39 2층,37.4832213787469,127.038420614459,02-573-7577,만두전골,8000원,,,가성비 만두전골,8000,
P001727,착한가격업소,,식당,크러스트,"서울특별시 서초구 서초대로51길 30, 1층",37.4965487457678,127.013909496322,0507-1319-3899,흑임자바게트,3600원,뺑오쇼콜라,3800원,가성비 흑임자바게트,3600,3800.0
P001728,착한가격업소,,식당,밥심,"서울특별시 서초구 사임당로178, 지하1층 106",37.4922279155329,127.029056271279,02-598-7408,비빔밥,7000원,제육볶음,8000원,가성비 비빔밥,7000,8000.0
P001729,착한가격업소,,식당,들름집,"서울특별시 서초구 사임당로178, 지하1층 104",37.4922279155329,127.029056271279,02-585-8449,불해물쌀국수,9000원,멍게비빔밥,10000원,가성비 불해물쌀국수,9000,10000.0
P001730,착한가격업소,,식당,꽃보다 라면,"서울특별시 서초구 사임당로178, 지하1층 103",37.4922279155329,127.029056271279,02-521-6225,꽃보다라면 정식,7000원,,,가성비 꽃보다라면 정식,7000,
P001731,착한가격업소,,식당,우리집,서울특별시 서초구 서초중앙로8길 106,37.4868997244394,127.021427871072,02-3472-8842,김치찌개,8500원,된장찌개,8500원,가성비 김치찌개,8500,8500.0
P001732,착한가격업소,,식당,두리두리식당,"서울특별시 서초구 사임당로108, 1층",37.4902878178638,127.021737194327,02-598-2163,백반,8000원,순두부찌개,8000원,가성비 백반,8000,8000.0
P001733,착한가격업소,,식당,마실,"서울특별시 서초구 명달로58, 1층 104호",37.4825306878643,127.004801571654,02-522-2229,매콤볶음면,9000원,냉쌀국수,9000원,가성비 매콤볶음면,9000,9000.0
P001734,착한가격업소,,식당,사라스칼국수,"서울특별시 서초구 명달로58, 1층 103호",37.4825306878643,127.004801571654,02-586-5678,닭칼국수,10000원,,,가성비 닭칼국수,10000,
P001735,착한가격업소,,미용,한나미용실,서울특별시 서초구 방배로13길 18,37.4831366198927,126.995288953995,02-585-4042,커트,13000원,펌,35000원,가성비 커트,13000,35000.0
P001736,착한가격업소,,식당,버팔로스팟,서울특별시 서초구 효령로31길 81 1층,37.4845835204403,126.99460718594,0507-1324-3242,오리지널 버팔로윙,21000원,웨지감자,8500원,가성비 오리지널 버팔로윙,21000,8500.0
P001737,착한가격업소,,기타,미래스포츠클럽,"서울특별시 서초구 나루터로37, 302호 (신사쇼핑센터)",37.515442791053,127.014193635419,0507-1407-1684,어린이스포츠강습,90000원,스포츠,90000원,가성비 어린이스포츠강습,90000,90000.0
P001738,착한가격업소,,식당,김가네손칼국수,"서울특별시 서초구 남부순환로358길 13, 1층 101, 102호 (양재동)",37.4843589424891,127.038296032874,02-573-1102,칼국수,8000원,수제비,8000원,가성비 칼국수,8000,8000.0
P001739,착한가격업소,,식당,서울닭칼,"서울특별시 서초구 방배로13길 18 (방배동, 방배아크로타워) 1층 128호",37.4831366198927,126.995288953995,0507-1398-1277,닭칼국수,8500원,닭곰탕,8500원,가성비 닭칼국수,8500,8500.0
P001740,착한가격업소,,미용,아름다운피부,"서울특별시 서초구 방배로13길 18 (방배동, 방배아크로타워) 208호",37.4831366198927,126.995288953995,02-584-4189,베이직관리,44000원,미백특수관리,66000원,가성비 베이직관리,44000,66000.0
P001741,착한가격업소,,식당,비취,서울특별시 서초구 신반포로 213 (잠원동) 지하1층,37.5072710399738,127.007270897569,02-532-6211,짜장면,7000원,간짜장,8000원,가성비 짜장면,7000,8000.0
P001742,착한가격업소,,식당,만추,"서울특별시 서초구 사평대로55길 82-14, 1층 103호",37.5078339161083,127.021777455614,02-517-8597,짜장면,7000원,,,가성비 짜장면,7000,
P001743,착한가격업소,,식당,꿉냉,서울특별시 서초구 신반포로49길 11,37.5114559933202,127.020032137371,070-5136-6442,냉동삼겹살150g(제주산),13900원,냉면(자가제면),10000원,가성비 냉동삼겹살150g(제주산),13900,10000.0
P001744,착한가격업소,,식당,가정식백반,서울특별시 서초구 논현로31길 30,37.4814414744761,127.041503346203,02-3462-0773,백반,8000원,,,가성비 백반,8000,
P001745,착한가격업소,,식당,어랑생선밥상,"서울특별시 서초구 사평대로55길 21-2, 1층",37.5050549368966,127.022309110193,02-516-3690,고등어구이(1마리),14000원,삼치구이(1마리),16000원,가성비 고등어구이(1마리),14000,16000.0
P001746,착한가격업소,,식당,니카이,"서울특별시 서초구 서초중앙로2길 37, 202호",37.4841775919612,127.019376306751,,가츠동,9000원,우동,6900원,가성비 가츠동,9000,6900.0
P001747,착한가격업소,,식당,누렁국수,"서울특별시 서초구 언남19길 11, 1층",37.4758921722265,127.045619599495,02-431-0045,우국수,9000원,진국수,9000원,가성비 우국수,9000,9000.0
P001748,착한가격업소,,식당,의정부 평양면옥 신사점,서울특별시 서초구 강남대로 93길 28 (잠원동),37.5129449934117,127.018936847005,02-547-6947,접시만두,13000원,만둣국,14000원,가성비 접시만두,13000,14000.0
P001749,착한가격업소,,식당,우마루(반포점),서울특별시 서초구 신반포로213 (잠원동) 반포쇼핑센터 7동 지하,37.5072710399738,127.007270897569,02-532-8292,삼겹살(200g),16000원,청정우 한근 세트,49000원,가성비 삼겹살(200g),16000,49000.0
P001750,착한가격업소,,미용,헤세드헤어,서울특별시 서초구 방배중앙로145-2 (방배동) 1층,37.4921748603348,126.986547809985,02-533-5130,커트(학생),18000원,펌,65000원,가성비 커트(학생),18000,65000.0
P001751,착한가격업소,,식당,공리,서울특별시 서초구 신반포로 47길 93,37.5144444672548,127.018793121932,02-515-4828,군만두(8개),6000원,물만두(8개),6000원,가성비 군만두(8개),6000,6000.0
P001752,착한가격업소,,미용,J&J뷰티샵,서울특별시 강남구 (역삼1동)역삼로11길 13-8 지상1층 101호,37.495532202587,127.03464836896,,기본컷트,15000원, 뿌리염색 ,35000원,가성비 기본컷트,15000,35000.0
P001753,착한가격업소,,미용,M&M미용실,서울특별시 강남구 (일원1동)일원로3길 10,37.4912248503892,127.081547858424, 02-3411-3727 , 컷트 ,7000원, 일반펌 ,25000원,가성비  컷트 ,7000,25000.0
P001754,착한가격업소,,식당,강남불고기,서울특별시 강남구 테헤란로25길 20 210호,37.50163099585,127.03565182565,02-552-6464,생삼겹살(200g),15000원,옛맛서울불고기(250g),17000원,가성비 생삼겹살(200g),15000,17000.0
P001755,착한가격업소,,식당,고등어식당,서울특별시 강남구 (역삼1동)강남대로84길 33,37.4975461306128,127.031093425879,02-2050-0095,묵은지고등어조림,10000원,된장찌개,9000원,가성비 묵은지고등어조림,10000,9000.0
P001756,착한가격업소,,식당,고불초삼겹,서울특별시 강남구 (역삼동)도곡로7길 25 2층,37.4922293654383,127.034082923727,02-563-6417,생삼겹살(180g),15000원,목살(180g),14000원,가성비 생삼겹살(180g),15000,14000.0
P001757,착한가격업소,,식당,김밥여행,서울특별시 강남구 (개포4동)논현로4길 47,37.4743060882944,127.053444017695,02-571-0747,김치볶음밥,8000원,유부우동,8000원,가성비 김치볶음밥,8000,8000.0
P001758,착한가격업소,,식당,노숙자아구샤브샤브,서울특별시 강남구 (개포4동)개포로22길 13,37.4780865422542,127.048213320797,02-577-5017,대구탕.지리,8000원,김치찌개,8000원,가성비 대구탕.지리,8000,8000.0
P001759,착한가격업소,,식당,다복콩비지,서울특별시 강남구 (개포4동)개포로22길 31,37.4771061849164,127.049230526072,02-573-2057,오리육개장,9000원,된장찌개,8000원,가성비 오리육개장,9000,8000.0
P001760,착한가격업소,,식당,다시사랑한다면,서울특별시 강남구 (역삼동)언주로 407,37.4994325517909,127.043914402162,02-555-0451,잔치국수 ,6000원,국밥,7000원,가성비 잔치국수 ,6000,7000.0
P001761,착한가격업소,,식당,대청분식,서울특별시 강남구 (개포동)개포로 621 B102호,37.4941313928275,127.078783141187,02-2226-2928,어묵우동,6000원,등심돈까스,8000원,가성비 어묵우동,6000,8000.0
P001762,착한가격업소,,식당,대치동영지,서울특별시 강남구 (대치2동)삼성로 212,37.4996157705058,127.065915414443,02-565-1114,닭곰탕,9500원,비빔밥,9000원,가성비 닭곰탕,9500,9000.0
P001763,착한가격업소,,식당,대풍참숯갈비,서울특별시 강남구 (역삼2동)논현로 76길 8 1층,37.496839443499,127.039615885648,02-564-6563,삼겹살(200g),17000원,돼지왕갈비(250g),17000원,가성비 삼겹살(200g),17000,17000.0
P001764,착한가격업소,,식당,돈까스리,서울특별시 강남구 (역삼2동)테헤란로 322 지하층 124호,37.5032355765545,127.046582379785,02-2183-0714,돈까스,7500원, 카레덮밥 ,7000원,가성비 돈까스,7500,7000.0
P001765,착한가격업소,,식당,돈바치,서울특별시 강남구 (개포동)개포로 250 103호,37.4789044166346,127.049881788155,070-7778-8300,키즈네우동,6500원,규동,7700원,가성비 키즈네우동,6500,7700.0
P001766,착한가격업소,,식당,만나식당,서울특별시 강남구 (개포동)개포로 109길 5 106호,37.4923220024104,127.074601198665,02-451-8886,칼국수,5000원,칼만두,6000원,가성비 칼국수,5000,6000.0
P001767,착한가격업소,,식당,만아정육점식당,서울특별시 강남구 (수서동)광평로56길 11 수서아파트상가 103호,37.4878478418441,127.105794693568,02-459-9488,삼겹살(180g),16000원,목살(180g),16000원,가성비 삼겹살(180g),16000,16000.0
P001768,착한가격업소,,식당,맛있는돈까스,서울특별시 강남구 (일원1동)개포로 638 지상1층,37.4943509473334,127.082380254605,02-459-5278,일반돈까스,10000원,카레밥,7000원,가성비 일반돈까스,10000,7000.0
P001769,착한가격업소,,식당,명동만두,서울특별시 강남구 (역삼1동)역삼로 133 지상1층 1호,37.4944388836393,127.034157430577,02-2052-7776,수제고기떡만두국,8000원, 수제고기만두국 ,8000원,가성비 수제고기떡만두국,8000,8000.0
P001770,착한가격업소,,식당,미테리언육식주의자,서울특별시 강남구 (역삼동)역삼로8길 5,37.4936885389527,127.03379568486,02-566-2238,와규꽃등심(150g),25000원,마늘간장소갈비살(150g),19000원,가성비 와규꽃등심(150g),25000,19000.0
P001771,착한가격업소,,식당,바우골화로구이,서울특별시 강남구 (역삼1동)강남대로92길 29,37.4994031006711,127.029708406711,02-568-6721,양념돼지갈비찜,10000원,된장찌개,8000원,가성비 양념돼지갈비찜,10000,8000.0
P001772,착한가격업소,,식당,영심이네집밥,서울특별시 강남구 (개포4동)개포로17길 3-10 지상1층,37.4788964908109,127.045639062802,02-529-5317,바지락칼국수,8000원,김치찌개,8000원,가성비 바지락칼국수,8000,8000.0
P001773,착한가격업소,,식당,사천옥,서울특별시 강남구 (대치4동)선릉로86길 16 지상1층,37.5032622144877,127.051021356675,02-539-1075,가정식백반,8000원,삼겹살(200g),15000원,가성비 가정식백반,8000,15000.0
P001774,착한가격업소,,식당,삼탱이시래기밥,서울특별시 강남구 (역삼동)테헤란로 322 지하2층,37.5032355765545,127.046582379785,02-2183-3078,시래기밥정식,9000원,들깨시래기국밥,7000원,가성비 시래기밥정식,9000,7000.0
P001775,착한가격업소,,식당,서희네,서울특별시 강남구 (개포4동)개포로22길 41 1층 101호,37.4766078138352,127.049715089269,070-8151-7281,고등어구이,11000원, 생오겹살(200g) ,18000원,가성비 고등어구이,11000,18000.0
P001776,착한가격업소,,식당,석화촌,서울특별시 강남구 (도곡1동)강남대로240 지하1층 B111,37.4852596091178,127.034429700831,02-573-5756,불고기덮밥,9000원,양푼비빔밥+된장찌개+된장찌개,8500원,가성비 불고기덮밥,9000,8500.0
P001777,착한가격업소,,미용,선경헤어샾,서울특별시 강남구 (대치1동)삼성로 151 선경상가 지하1층 13호,37.493154981993,127.062999980103,02-566-3019,커트,15000원,파마일반,40000원,가성비 커트,15000,40000.0
P001778,착한가격업소,,식당,소담,서울특별시 강남구 (일원2동)개포로 615 지하115호,37.4926580850327,127.07558248914,02-3414-0010,차돌된장찌개,8000원,육개장,8000원,가성비 차돌된장찌개,8000,8000.0
P001779,착한가격업소,,식당,송송카레,서울특별시 강남구 역삼로 207 1층,37.4963549501034,127.039949227864,02-553-0527,카레,8000원,치즈카레,9000원,가성비 카레,8000,9000.0
P001780,착한가격업소,,식당,수미정,서울특별시 강남구 (역삼1동)강남대로84길 33 지하1층 114호,37.4975461306128,127.031093425879,02-556-5080,스팸김치볶음밥,8000원,된장찌개,8000원,가성비 스팸김치볶음밥,8000,8000.0
P001781,착한가격업소,,식당,시골밥상,"서울특별시 강남구 (역삼동) 테헤란로 313 B01, 3호",37.5038016513092,127.045261212369,02-561-4667,멸치국수 ,5500원,비빔밥 ,7500원,가성비 멸치국수 ,5500,7500.0
P001782,착한가격업소,,식당,시골청국장,서울특별시 강남구 (삼성1동)학동로 504 서울빌딩 101호,37.5187150712487,127.051018075872,02-548-0171,청국장,9000원,오겹살(150g),17000원,가성비 청국장,9000,17000.0
P001783,착한가격업소,,식당,신토불이 정육식당,서울특별시 강남구 (도곡1동)남부순환로 2629,37.4853222404544,127.037358403634,02-3462-4635,한우생등심(200g),40000원, 돼지왕갈비(300g) ,17000원,가성비 한우생등심(200g),40000,17000.0
P001784,착한가격업소,,식당,양구식당 ,서울특별시 강남구 (신사동)논현로151길 26,37.5199201956712,127.026068429727,02-548-5848,닭곰탕,9000원,청국장,8000원,가성비 닭곰탕,9000,8000.0
P001785,착한가격업소,,식당,엄마손김밥,서울특별시 강남구 (역삼2동)언주로 314,37.4958917878081,127.046476269108,02-554-5733,김치볶음밥,7000원, 생야채비빔밥 ,6000원,가성비 김치볶음밥,7000,6000.0
P001786,착한가격업소,,식당,우리생고기,서울특별시 강남구 (개포2동)개포로82길 13-17 2층 2호,37.4888984889947,127.068580508628,02-577-7740,생삼겹살(200g),17000원, 생목살(200g) ,17000원,가성비 생삼겹살(200g),17000,17000.0
P001787,착한가격업소,,식당,월드맛집,서울특별시 강남구 (신사동)논현로151길 26,37.5199201956712,127.026068429727,02-516-7892,닭도리뚝배기,9000원,제육뚝배기,8000원,가성비 닭도리뚝배기,9000,8000.0
P001788,착한가격업소,,식당,육판장,서울특별시 강남구 (대치1동)삼성로 155지상1층 122호,37.4938813994708,127.062951852624,02-564-6254,차돌된장찌개,8000원,맛있는비빔밥,8000원,가성비 차돌된장찌개,8000,8000.0
P001789,착한가격업소,,식당,이모네분식,서울특별시 강남구 (역삼1동)도곡로21길 15 지상1층 5호,37.4927234910716,127.038718694165,02-567-2005,쫄면,8000원,떡만두국,8000원,가성비 쫄면,8000,8000.0
P001790,착한가격업소,,식당,이모네손칼국수 ,서울특별시 강남구 (역삼2동)언주로69길 9 1층,37.4963464751175,127.044502102454,02-555-0767,닭칼국수,7000원, 멸치칼국수 ,7000원,가성비 닭칼국수,7000,7000.0
P001791,착한가격업소,,식당,정원식당,서울특별시 강남구 논현로 507 지하1층 2호,37.5015784938059,127.036157208818,02-539-1235,백반,8000원,,,가성비 백반,8000,
P001792,착한가격업소,,식당,중화요리일품,서울특별시 강남구 (역삼2동)테헤란로 322,37.5032355765545,127.046582379785,,짜장면,6000원,짬뽕,7000원,가성비 짜장면,6000,7000.0
P001793,착한가격업소,,식당,지리산,서울특별시 강남구 (논현2동)학동로43길 7 지상1층,37.5165832293341,127.037207816393,02-546-3127,닭곰탕,10000원,돌솥제육,10000원,가성비 닭곰탕,10000,10000.0
P001794,착한가격업소,,식당,트윈쿡,서울특별시 강남구 (삼성1동)영동대로 513 지하1층 M112호,37.5118239121138,127.059159043842,02-6002-3225,김치찌개,9000원,된장찌개,9000원,가성비 김치찌개,9000,9000.0
P001795,착한가격업소,,식당,하하,서울특별시 강남구 (신사동)논현로151길 24,37.5199795548403,127.026145032459,02-546-2697,하하우동,6500원,카레덮밥,7500원,가성비 하하우동,6500,7500.0
P001796,착한가격업소,,식당,한벽루전주콩나물국밥,서울특별시 강남구 (일원1동)개포로 648 1층,37.4947799872553,127.083689872919,02-445-1041,콩나물국밥,8000원, 양푼비빔밥 ,9000원,가성비 콩나물국밥,8000,9000.0
P001797,착한가격업소,,식당,해남식당,서울특별시 강남구 (청담동)학동로101길 26 청담삼익상가 지하1층 4호,37.5224447996482,127.057620352182,02-543-9660,청국장,8000원, 된장찌개 ,8000원,가성비 청국장,8000,8000.0
P001798,착한가격업소,,식당,행복한잔치국수,서울특별시 강남구 (수서동)광평로 196 2층 201호,37.4840043478689,127.094271408288,02-459-2918,잔치국수,6000원, 비빔국수 ,7000원,가성비 잔치국수,6000,7000.0
P001799,착한가격업소,,식당,왕두꺼비 부대찌개,서울특별시 강남구 역삼로4길 16 성우스타우스 103호,37.4924044673041,127.032021362216,02-2188-1233,부대찌개,10000원,,,가성비 부대찌개,10000,
P001800,착한가격업소,,식당,빨강우산부대찌개 선릉역본점 점심저녁 전문,서울특별시 강남구 테헤란로 313 성지하이츠 B107호,37.5038016513092,127.045261212369,02-558-1033,부대찌개,9000원,,,가성비 부대찌개,9000,
P001801,착한가격업소,,식당,홍가네김치독,서울특별시 강남구 도곡로7길 7 B01층,37.4911851303324,127.034591405782,02-565-9832,김치찌개,8000원,김치고등어찜,8000원,가성비 김치찌개,8000,8000.0
P001802,착한가격업소,,식당,장원식당,서울특별시 강남구 강남대로152길 67,37.5190033953527,127.024524046101,02-548-7577,김치찌개,7000원,자반구이,8000원,가성비 김치찌개,7000,8000.0
P001803,착한가격업소,,식당,소울담은 퓨전요리,서울특별시 강남구 영동대로96길 37 2층,37.5116744058932,127.065531273265,02-508-8708,목살김치찌개,7000원,제육쌈밥,7000원,가성비 목살김치찌개,7000,7000.0
P001804,착한가격업소,,식당,북청김치찌개 ,서울특별시 강남구 개포로 668 1층,37.4953836210464,127.085508123578,,김치찌개,8000원,콩비지찌개,8000원,가성비 김치찌개,8000,8000.0
P001805,착한가격업소,,식당,강남손제비,서울특별시 강남구 테헤란로25길 20 2층,37.50163099585,127.03565182565,02-2192-3599,손수제비,7500원,콩나물보리비빔밥+미니수제비,9500원,가성비 손수제비,7500,9500.0
P001806,착한가격업소,,식당,국수마을,서울특별시 강남구 봉은사로114길 42 1층,37.5121679088032,127.065327205542,02-3288-3005,마을국수,5000원,비빔국수,6000원,가성비 마을국수,5000,6000.0
P001807,착한가격업소,,식당,수서골목냉면,서울특별시 강남구 광평로 232 1층,37.4854851061287,127.098094165552,02-451-7158,냉면,9000원,명태회냉면,11000원,가성비 냉면,9000,11000.0
P001808,착한가격업소,,식당,엄마밥상,서울특별시 강남구 언주로125길 5 B01층,37.5129254503567,127.034755491508,02-540-5181,된장찌개,8000원,제육정식,8000원,가성비 된장찌개,8000,8000.0
P001809,착한가격업소,,식당,이가네김밥마을,서울특별시 강남구 양재대로33길 21,37.490827350609,127.082550295202,02-3412-2692,김밥,4000원,된장찌개,8000원,가성비 김밥,4000,8000.0
P001810,착한가격업소,,식당,전주식당,서울특별시 강남구 강남대로94길 23 B01층,37.4997484038191,127.029196249265,02-555-1853,김치찌개,7000원,전주비빔밥,7000원,가성비 김치찌개,7000,7000.0
P001811,착한가격업소,,식당,正닭곰탕,서울특별시 강남구 언주로30길 13 대림아크로텔 지하 11호,37.4881276085659,127.050686658826,02-2187-6358,닭곰탕,9500원,,,가성비 닭곰탕,9500,
P001812,착한가격업소,,카페,형제들이 파는과일 브룻츠,서울특별시 강남구 역삼로 161 1층,37.4952495813751,127.036656695827,,아메리카노,1500원,카페라떼,2000원,가성비 아메리카노,1500,2000.0
P001813,착한가격업소,,미용,컷트세상,"서울특별시 강남구 도곡로 175, 103호",37.4919384954051,127.03855986743,02-561-6011,컷트,13000원,염색,25000원,가성비 컷트,13000,25000.0
P001814,착한가격업소,,식당,감자보리밥,서울특별시 강남구 테헤란로 406 A동 118호,37.5043809944112,127.049963989803,02-554-3466,감자보리밥,9000원,수구레국밥,10000원,가성비 감자보리밥,9000,10000.0
P001815,착한가격업소,,식당,할머니분식,서울특별시 강남구 도곡로 516 지하1층,37.4991812807975,127.062987853204,02-552-1407,제육덮밥,6500원,비빔밥,6000원,가성비 제육덮밥,6500,6000.0
P001816,착한가격업소,,식당,다미카츠,서울특별시 강남구 논현로38길 46 2층,37.4856706424704,127.0453859536,02-6091-1137,로스카츠,9500원,카레라이스,7500원,가성비 로스카츠,9500,7500.0
P001817,착한가격업소,,식당,대아부대찌개,서울특별시 강남구 논현로71길 35 1층,37.4941783725561,127.036662278639,02-931-9393,부대찌개,8000원,삼겹살(180g),14000원,가성비 부대찌개,8000,14000.0
P001818,착한가격업소,,식당,별하곱창,서울특별시 강남구 강남대로122길 10 1층,37.5076427273665,127.024075389189,,소곱창(200g),19900원,모듬곱창(230g),21900원,가성비 소곱창(200g),19900,21900.0
P001819,착한가격업소,,식당,정든김밥,서울특별시 강남구 테헤란로25길 17 1층,37.5017984360259,127.035240588466,02-564-6926,비빔밥,6500원,떡만두국,7000원,가성비 비빔밥,6500,7000.0
P001820,착한가격업소,,기타,플랜업학원,서울특별시 강남구 선릉로76길 25 4층,37.5020250966655,127.052544777772,02-556-5323,중등영어문법(주1회 1개월),70000원,중등수학(주2회 1개월),140000원,가성비 중등영어문법(주1회 1개월),70000,140000.0
P001821,착한가격업소,,식당,신석기부대찌개,서울특별시 강남구 개포로15길 14 1층,37.4793458834141,127.045250641062,02-571-3328,점심백반,8000원,청국장,8000원,가성비 점심백반,8000,8000.0
P001822,착한가격업소,,식당,한우네정육점식당,서울특별시 강남구 논현로38길 20 1층,37.4851900565627,127.043190913802,,한우알아서(200G),43000원,한우채끝등심(200g),46000원,가성비 한우알아서(200G),43000,46000.0
P001823,착한가격업소,,식당,부뚜막,서울특별시 강남구 테헤란로 313 성지하이츠 B01,37.5038016513092,127.045261212369,02-538-4647,콩나물국밥,8000원,황태국밥,8000원,가성비 콩나물국밥,8000,8000.0
P001824,착한가격업소,,식당,엄지네집,서울특별시 강남구 학동로20길 24 1층,37.5117439046988,127.028215982462,02-543-7208,김치찌개,8000원,부대찌개,8000원,가성비 김치찌개,8000,8000.0
P001825,착한가격업소,,식당,학동부대,서울특별시 강남구 학동로 224 B101호,37.5144831085922,127.033499319221,02-540-8040,부대찌개,10000원,수제돈까스,10000원,가성비 부대찌개,10000,10000.0
P001826,착한가격업소,,식당,국민한우집 삼성역본점,서울특별시 강남구 테헤란로86길 15 1층,37.5064466344777,127.059502015213,02-566-1592,차돌된장찌개,10000원,국대모듬(400g),78000원,가성비 차돌된장찌개,10000,78000.0
P001827,착한가격업소,,식당,웨스턴차이나,서울특별시 강남구 압구정로 36길22 1층,37.5271405120994,127.031443513188,1566-1718,탕수육,12000원,짜장,7000원,가성비 탕수육,12000,7000.0
P001828,착한가격업소,,식당,거평식당,서울특별시 강남구 테헤란로322 지하1층161호,37.5032355765545,127.046582379785,02-2183-2357,삼겹살백반,9700원,,,가성비 삼겹살백반,9700,
P001829,착한가격업소,,식당,선릉불고기,서울특별시 강남구 선릉로82길43 1층,37.5035296114159,127.05351358548,02-567-7445,즉석돼지불고기,9000원,매운돼지불고기,9500원,가성비 즉석돼지불고기,9000,9500.0
P001830,착한가격업소,,식당,공원분식,서울특별시 강남구 일원로3길 18,37.4914622849152,127.082040791815,02-459-2587,떡볶이,3000원,순대,4000원,가성비 떡볶이,3000,4000.0
P001831,착한가격업소,,식당,동신식당,서울특별시 강남구 언주로 314 지하1층,37.4958917878081,127.046476269108,02-568-9066,뚝배기불고기백반,9000원,김치찌개,8000원,가성비 뚝배기불고기백반,9000,8000.0
P001832,착한가격업소,,식당,명동칼국수,서울특별시 강남구 강남대로84길 32,37.4970371393745,127.031141502202,02-564-5081,명동칼국수,8000원,평양식왕만두,8000원,가성비 명동칼국수,8000,8000.0
P001833,착한가격업소,,식당,수림복국,서울특별시 강남구 테헤란로77길 11-13 1층,37.5067869422082,127.053476778004,02-555-0302,까치복지리,15000원,복지리+복불고기,17000원,가성비 까치복지리,15000,17000.0
P001834,착한가격업소,,식당,하우마라탕,서울특별시 강남구 강남대로94길 23 2층,37.4997484038191,127.029196249265,,마라탕,9000원,꿔바로우,9900원,가성비 마라탕,9000,9900.0
P001835,착한가격업소,,카페,브레드_히어,서울특별시 강남구 양재대로33갈 24 1충,37.4910671484036,127.082751043067,02-6951-5552,아메리카노,2500원,카페라떼,3500원,가성비 아메리카노,2500,3500.0
P001836,착한가격업소,,카페,역삼 커피로스터스,서울특별시 강남구 테헤란로25길 20 1층,37.50163099585,127.03565182565,02-566-1583,아메리카노,2000원,카페라떼,3500원,가성비 아메리카노,2000,3500.0
P001837,착한가격업소,,식당,현미네 뼈감자탕 파불고기,서울특별시 강남구 논현로 62 1층,37.4757892765369,127.046999915551,02-576-1228,생오겹살(160g),14000원,뼈해장국,10000원,가성비 생오겹살(160g),14000,10000.0
P001838,착한가격업소,,식당,피자느반,서울특별시 강남구 삼성로 212 은마상가 지하1층 A-76,37.4996157705058,127.065915414443,,치즈피자S,7800원,페페로니피자S,8800원,가성비 치즈피자S,7800,8800.0
P001839,착한가격업소,,식당,광개토정육식당,서울특별시 강남구 강남대로 114길 22 1층,37.5060393121226,127.026132366328,02-517-0197,생삼겹살(200g),14000원,삼겹김치찌개,7000원,가성비 생삼겹살(200g),14000,7000.0
P001840,착한가격업소,,기타,라니코어 필라테스,서울특별시 강남구 개포로 615 석탑프라자 6층,37.4926580850327,127.07558248914,,6:1 그룹레슨 1회(100회 기준),11500원,1:1 개인레슨 1회(50회기준),55000원,가성비 6:1 그룹레슨 1회(100회 기준),11500,55000.0
P001841,착한가격업소,,식당,장모님밥상,서울특별시 강남구 강남대로94길 57,37.5006004195982,127.031889605624,02-6958-7131,제육덮밥정식,10000원,차돌된장찌개정식,10000원,가성비 제육덮밥정식,10000,10000.0
P001842,착한가격업소,,식당,청양해물칼국수,"서울특별시 강남구 언주로147길 28, 1층",37.5195194304161,127.031935663343,02-540-2925,해물칼국수,9000원,제육덮밥,9000원,가성비 해물칼국수,9000,9000.0
P001843,착한가격업소,,카페,터프커피,"서울특별시 강남구 테헤란로25길 19, 1층",37.5019456383321,127.035314393993,,아메리카노,2500원,헤이즐아메리카노,2500원,가성비 아메리카노,2500,2500.0
P001844,착한가격업소,,카페,준,"서울특별시 강남구 테헤란로 322, 한신인터벨리24상가 127호",37.5032355765545,127.046582379785,02-2183-0440,아메리카노,2000원,카페라떼,2500원,가성비 아메리카노,2000,2500.0
P001845,착한가격업소,,미용,개성시대,서울특별시 송파구 풍성로6길 9,37.5340926740728,127.114501017437,02-477-2939,미용료(커트) ,12000원,미용료(파마) ,35000원,가성비 미용료(커트) ,12000,35000.0
P001846,착한가격업소,,식당,강원도청국장,서울특별시 송파구 오금로19길 14,37.5108784819042,127.113994007938,02-423-1714,김치찌개,8000원,청국장 ,8000원,가성비 김치찌개,8000,8000.0
P001847,착한가격업소,,식당,국일관,서울특별시 송파구 성내천로63길 6-1,37.4902869794984,127.157386180828,02-406-0451,자장면,5000원,짬뽕,7000원,가성비 자장면,5000,7000.0
P001848,착한가격업소,,세탁&목욕,국제세탁소,서울특별시 송파구 문정로11길 12,37.4935135561732,127.13457764274,02-409-1914,양복세탁료,8000원,,,가성비 양복세탁료,8000,
P001849,착한가격업소,,미용,김복남헤어장,"서울특별시 송파구 백제고분로32길 6-1, 103호",37.5018510921064,127.094995919352,02-422-4325,미용료(커트),15000원,미용료(파마) ,50000원,가성비 미용료(커트),15000,50000.0
P001850,착한가격업소,,식당,김자순수제돈까스,서울특별시 송파구 석촌호수로12길 16,37.5090384975447,127.084565825992,,돈가스 2장(포장),6500원,돈가스(매장),9000원,가성비 돈가스 2장(포장),6500,9000.0
P001851,착한가격업소,,세탁&목욕,모아모아세탁,서울특별시 송파구 송이로 19,37.5033821418316,127.116378067643,02-419-1242,양복세탁료,8000원,,,가성비 양복세탁료,8000,
P001852,착한가격업소,,미용,목화미용실,서울특별시 송파구 거마로17길 11,37.4983109566034,127.145307576448,02-406-7273,미용료(커트) ,8000원,미용료(파마) ,25000원,가성비 미용료(커트) ,8000,25000.0
P001853,착한가격업소,,미용,미가미용실,"서울특별시 송파구 올림픽로12길 58, 1층",37.5065612321562,127.083103143326,02-423-1334,미용료(커트) ,11000원,미용료(파마) ,38000원,가성비 미용료(커트) ,11000,38000.0
P001854,착한가격업소,,미용,박미용실,서울특별시 송파구 백제고분로27길 41,37.5066773018943,127.093899426054,02-420-8242,미용료(커트),10000원,미용료(커트+드라이),15000원,가성비 미용료(커트),10000,15000.0
P001855,착한가격업소,,식당,벧엘손칼국수,서울특별시 송파구 마천로41길 22,37.4968946341351,127.14994730411,02-408-5151,칼국수,6000원,물냉면,8000원,가성비 칼국수,6000,8000.0
P001856,착한가격업소,,식당,본향,서울특별시 송파구 마천로26길 6,37.5026817935203,127.139043990065,02-409-8480,자장면,6000원,짬뽕 ,7000원,가성비 자장면,6000,7000.0
P001857,착한가격업소,,미용,샬롬미용실,서울특별시 송파구 백제고분로15길 14-1,37.5066542934978,127.08514492095,02-419-6540,미용료(커트),7000원,미용료(파마) ,25000원,가성비 미용료(커트),7000,25000.0
P001858,착한가격업소,,식당,서울분식,서울특별시 송파구 가락로42길 13,37.5122078555715,127.121201347113,02-415-1576,비빔밥,6500원,김치찌개 ,7500원,가성비 비빔밥,6500,7500.0
P001859,착한가격업소,,식당,삼전신성김밥,서울특별시 송파구 백제고분로22길 28,37.5014879697226,127.088281423676,02-420-9563,김밥,3500원,냉면(물) ,6500원,가성비 김밥,3500,6500.0
P001860,착한가격업소,,세탁&목욕,아주세탁,서울특별시 송파구 오금로24길13,37.5056896593404,127.11796886887,02-420-0235,양복세탁료,8000원,,,가성비 양복세탁료,8000,
P001861,착한가격업소,,미용,에덴미용실,서울특별시 송파구 마천로61나길 10,37.4938283282859,127.15248310374,02-400-2829,미용료(커트) ,10000원,미용료(파마) ,25000원,가성비 미용료(커트) ,10000,25000.0
P001862,착한가격업소,,식당,옛날맛짜장,서울특별시 송파구 가락로 113,37.5016797600912,127.10864433644,02-425-3533,자장면,7000원,짬뽕 ,8500원,가성비 자장면,7000,8500.0
P001863,착한가격업소,,식당,우성숯불갈비,서울특별시 송파구 백제고분로17길 56,37.5104541841728,127.085278064092,02-416-9600,돼지갈비,16000원,물냉면,6000원,가성비 돼지갈비,16000,6000.0
P001864,착한가격업소,,식당,윤가네김밥,서울특별시 송파구 가락로 208,37.5067871247812,127.11629117693,02-425-0148,김밥 ,3500원,돈가스 ,8000원,가성비 김밥 ,3500,8000.0
P001865,착한가격업소,,미용,은지헤어,서울특별시 송파구 동남로6길 11,37.4893630378128,127.12475417202,02-419-5658,미용료(커트),10000원,미용료(파마) ,30000원,가성비 미용료(커트),10000,30000.0
P001866,착한가격업소,,미용,이혜경롤앤컷,서울특별시 송파구 성내천로 222,37.4995351101982,127.152070398238,02-3012-3824,미용료(커트/남),15000원,미용료(파마),25000원,가성비 미용료(커트/남),15000,25000.0
P001867,착한가격업소,,식당,장수설렁탕,서울특별시 송파구 백제고분로 148,37.5054870414361,127.083121066144,02-415-1472,설렁탕,6000원,불고기(200g.호주산) ,12000원,가성비 설렁탕,6000,12000.0
P001868,착한가격업소,,미용,전영숙헤어샵,서울특별시 송파구 거마로20길 23,37.4973420111008,127.148999750435,02-431-3689,미용료(커트),13000원,미용료(파마) ,35000원,가성비 미용료(커트),13000,35000.0
P001869,착한가격업소,,미용,전혜영미용실,"서울특별시 송파구 토성로 38-6, 상가 301호",37.5294607910398,127.114054184816,02-471-2932,미용료(커트),5000원,미용료(파마) ,25000원,가성비 미용료(커트),5000,25000.0
P001870,착한가격업소,,식당,조은김밥,서울특별시 송파구 백제고분로17길 43,37.5094668675283,127.085272642918,02-3431-7522,김치찌개,8000원,된장찌개,8000원,가성비 김치찌개,8000,8000.0
P001871,착한가격업소,,미용,챠밍미용실,서울특별시 송파구 성내천로18길 3,37.4987100192311,127.142863848529,02-400-6512,미용료(커트),7000원,미용료(파마),25000원,가성비 미용료(커트),7000,25000.0
P001872,착한가격업소,,미용,헤어필,서울특별시 송파구 성내천로30길 16-1,37.4987415053264,127.150380616879,02-443-7906,미용료(커트),10000원,미용료(파마),30000원,가성비 미용료(커트),10000,30000.0
P001873,착한가격업소,,식당,홍보성,"서울특별시 송파구 마천로28길 6, 1층",37.5020719729717,127.139595995397,02-400-4532,자장면,7000원,짬뽕 ,8000원,가성비 자장면,7000,8000.0
P001874,착한가격업소,,식당,화담,"서울특별시 송파구 올림픽로8길 12, 1층",37.5105567979224,127.080013458382,02-2202-8003,삼겹살,9000원,김치찌개(점심) ,7000원,가성비 삼겹살,9000,7000.0
P001875,착한가격업소,,식당,훼밀리김밥,서울특별시 송파구 마천로 237,37.4997832994422,127.144270461197,02-406-5415,김밥 ,4000원,김치찌개,6500원,가성비 김밥 ,4000,6500.0
P001876,착한가격업소,,식당,맛고을식당,"서울특별시 송파구 올림픽로45길 21, 1층",37.5273217419011,127.115794839209,,백반,7500원,김치찌개,8500원,가성비 백반,7500,8500.0
P001877,착한가격업소,,식당,푼양이부대&김치찌개,"서울특별시 송파구 송파대로30길 41-5, 1층",37.4963658734224,127.121262475596,0507-1474-1307,김치찌개,8500원,김치찌개2인(포장),16000원,가성비 김치찌개,8500,16000.0
P001878,착한가격업소,,미용,맨헤어,"서울특별시 송파구 올림픽로 145, B1층 A20호",37.5119804600106,127.087041904838,070-7759-7304,미용료(커트),8000원,미용료(염색),25000원,가성비 미용료(커트),8000,25000.0
P001879,착한가격업소,,식당,방이뚝배기,서울특별시 송파구 오금로23길 25,37.5107577171675,127.116791835312,,청국장,5000원,순두부찌개,5000원,가성비 청국장,5000,5000.0
P001880,착한가격업소,,세탁&목욕,새서울세탁소,"서울특별시 송파구 동남로17길 11, 1층",37.4967563068702,127.131187303406,02-814-8194,양복세탁료,7000원,셔츠세탁료,2000원,가성비 양복세탁료,7000,2000.0
P001881,착한가격업소,,식당,두꺼비닷컴,서울특별시 송파구 동남로18길 39,37.493323586072,127.134294263962,02-407-0675,떡볶이,4500원,,,가성비 떡볶이,4500,
P001882,착한가격업소,,식당,소림만두냉면,서울특별시 송파구 양재대로62길 14,37.498393628748,127.118379092299,02-400-1333,만두,5000원,만둣국,8000원,가성비 만두,5000,8000.0
P001883,착한가격업소,,식당,아우네,서울특별시 송파구 거마로2길 7,37.4935515324088,127.145632958429,02-408-7100,물냉면,8000원,김치찌개,8000원,가성비 물냉면,8000,8000.0
P001884,착한가격업소,,식당,엄마밥상,"서울특별시 송파구 송파대로 167, A동 G104호",37.4846614982049,127.120933640924,02-6015-5758,해물순두부찌개,9000원,,,가성비 해물순두부찌개,9000,
P001885,착한가격업소,,식당,문정김밥천국,"서울특별시 송파구 법원로 114, E동 지1층 E-B175호",37.4860552797801,127.12100938212,02-2283-1255,김치찌개,7500원,된장찌개,7500원,가성비 김치찌개,7500,7500.0
P001886,착한가격업소,,미용,JM헤어 오땡큐,서울특별시 송파구 마천로 192,37.5024334032765,127.139945334649,,미용료(커트),15000원,미용료(파마),50000원,가성비 미용료(커트),15000,50000.0
P001887,착한가격업소,,카페,송파커피,서울특별시 송파구 바람드리길 62,37.5367003001398,127.122365863486,02-6929-2125,아메리카노,1500원,아이스티,1900원,가성비 아메리카노,1500,1900.0
P001888,착한가격업소,,식당,왕짜장,서울특별시 송파구 올림픽로55길 11,37.5343724035872,127.120420439652,02-488-5800,자장면,4000원,짬뽕,7000원,가성비 자장면,4000,7000.0
P001889,착한가격업소,,카페,힐링타로카페,"서울특별시 송파구 풍성로25길 37-1, 1층",37.5368047501734,127.121294436801,,아메리카노,2500원,카페라떼,3200원,가성비 아메리카노,2500,3200.0
P001890,착한가격업소,,식당,긴밀,"서울특별시 송파구 삼전로9길 19, 1층 102호",37.5065269983435,127.087343203156,070-4184-4798,오일파스타,13000원,크림파스타,14000원,가성비 오일파스타,13000,14000.0
P001891,착한가격업소,,미용,단골미용실,서울특별시 송파구 풍성로23길 42,37.5371293660409,127.120781055261,02-485-4936,미용료(커트),6000원,미용료(염색),10000원,가성비 미용료(커트),6000,10000.0
P001892,착한가격업소,,식당,대박 대패삼겹&우삼겹,"서울특별시 송파구 천호대로152길 11-1, 1층",37.5377928414485,127.121853850038,02-474-1999,대패삼겹살(100g),4500원,우삼겹(100g),4500원,가성비 대패삼겹살(100g),4500,4500.0
P001893,착한가격업소,,미용,수현머리이야기,서울특별시 송파구 바람드리길 35,37.5376438279798,127.119816972696,02-429-7449,미용료(커트),13000원,미용료(파마),30000원,가성비 미용료(커트),13000,30000.0
P001894,착한가격업소,,미용,헤어타임,"서울특별시 송파구 풍성로25길 37, 1층",37.5366628452364,127.121291944057,02-485-8671,미용료(커트),15000원,미용료(파마),40000원,가성비 미용료(커트),15000,40000.0
P001895,착한가격업소,,식당,명동홍두깨손칼국수,서울특별시 송파구 마천로51길 32,37.4968071624783,127.15295687859,,칼국수,5000원,칼만두,6000원,가성비 칼국수,5000,6000.0
P001896,착한가격업소,,식당,본가감자탕,서울특별시 송파구 백제고분로22길 16,37.5025229781401,127.088731283778,02-423-8592,감자탕소,28000원,뼈해장국,10000원,가성비 감자탕소,28000,10000.0
P001897,착한가격업소,,식당,풍납주먹고기,"서울특별시 송파구 토성로15길 3-3, 1층",37.5293230752836,127.116953821124,02-470-8662,주먹고기,13000원,오겹살,15000원,가성비 주먹고기,13000,15000.0
P001898,착한가격업소,,카페,어썸피크닉,"서울특별시 송파구 풍성로 75, 1층",37.5333907927703,127.120832953588,070-8756-5546,아메리카노,2500원,생크림와플,3000원,가성비 아메리카노,2500,3000.0
P001899,착한가격업소,,카페,행담화,"서울특별시 송파구 풍성로25길 20, 1층",37.5350709336671,127.12070034595,02-482-2261,아메리카노,2500원,쌀오란다,1600원,가성비 아메리카노,2500,1600.0
P001900,착한가격업소,,미용,이정헤어,"서울특별시 송파구 백제고분로32길 26, 1층",37.5002130989017,127.094727856757,02-416-6901,미용료(남/커트),15000원,미용료(여/커트),17000원,가성비 미용료(남/커트),15000,17000.0
P001901,착한가격업소,,미용,컬러바나다,"서울특별시 송파구 백제고분로32길 22, 1층",37.5005846244892,127.094789168772,02-417-7841,미용료(커트),15000원,미용료(파마),30000원,가성비 미용료(커트),15000,30000.0
P001902,착한가격업소,,미용,헤어싸롱스파캇트,"서울특별시 송파구 석촌호수로 144, 1층 2호",37.5069430948791,127.092992583428,,이용료(커트),8000원,이용료(염색),10000원,가성비 이용료(커트),8000,10000.0
P001903,착한가격업소,,미용,헤어클럽,"서울특별시 송파구 석촌호수로 138, 1층",37.5070472826242,127.092262876993,02-423-0497,미용료(커트),17000원,미용료(파마),50000원,가성비 미용료(커트),17000,50000.0
P001904,착한가격업소,,기타,MZ필라테스평생교육원,"서울특별시 송파구 백제고분로41길 26, 2층",37.5082953730182,127.106983519056,0507-1397-3137,그룹 3개월 24회,360000원,그룹 6개월 48회,594000원,가성비 그룹 3개월 24회,360000,594000.0
P001905,착한가격업소,,식당,오백냥분식,서울특별시 송파구 가락로 112,37.5012719988373,127.108509506025,02-414-2261,김치찌개,7000원,제육덮밥,7000원,가성비 김치찌개,7000,7000.0
P001906,착한가격업소,,식당,옥이네 김밥&라면,"서울특별시 송파구 백제고분로14길 3, 103호",37.505252607596,127.083365888537,0507-1397-9918,라면,4000원,소불고기비빔밥,8000원,가성비 라면,4000,8000.0
P001907,착한가격업소,,식당,유부정원,"서울특별시 송파구 새말로 62, 상가동 1층 117호",37.4807917612963,127.120842269438,02-6487-1777,유부초밥,2500원,어묵우동,6500원,가성비 유부초밥,2500,6500.0
P001908,착한가격업소,,식당,포하이쌀국수,"서울특별시 송파구 오금로 527, 1층 1호",37.493062789198,127.147334414767,0507-1383-9436,양지차돌쌀국수,9000원,,,가성비 양지차돌쌀국수,9000,
P001909,착한가격업소,,식당,김밥나라,"서울특별시 송파구 마천로 194, 1층",37.5022689011655,127.140155267419,02-402-7371,비빔밥,7000원,청국장,8000원,가성비 비빔밥,7000,8000.0
P001910,착한가격업소,,식당,깡통구이최가,"서울특별시 송파구 성내천로18길 1, 1층",37.4988490476233,127.143010109737,02-400-6360,삼겹살200g,14000원,돼지갈비200g,14000원,가성비 삼겹살200g,14000,14000.0
P001911,착한가격업소,,미용,아카&춤추는헤어그룹,"서울특별시 송파구 토성로 36, 1층",37.5299536665885,127.114211740085,02-472-3144,미용료(파마),50000원,미용료(염색),50000원,가성비 미용료(파마),50000,50000.0
P001912,착한가격업소,,식당,꼼포차,"서울특별시 송파구 백제고분로9길 19, 1층",37.5096235112512,127.081240094166,02-415-2023,민물장어700g,56000원,바다장어700g,49000원,가성비 민물장어700g,56000,49000.0
P001913,착한가격업소,,식당,내담,"서울특별시 송파구 바람드리길 33, 1층 1호",37.5377185895209,127.119571451276,02-479-4073,아구찜小,35000원,대구탕,10000원,가성비 아구찜小,35000,10000.0
P001914,착한가격업소,,식당,돈가야우가야,서울특별시 송파구 올림픽로47길 23,37.5285803260745,127.116369914958,02-471-3688,생삼겹살,15000원,김치찌개(점심) ,8000원,가성비 생삼겹살,15000,8000.0
P001915,착한가격업소,,식당,동촌,"서울특별시 송파구 토성로 35, 2층",37.5302544298158,127.114202355917,0507-1438-3468,돼지갈비김치찜정식,10000원,골뱅이무침,20000원,가성비 돼지갈비김치찜정식,10000,20000.0
P001916,착한가격업소,,식당,무진감자탕,"서울특별시 송파구 마천로7가길 3-1, 101호",37.5087084777738,127.127588139818,0507-1392-3371,뼈해장국,9000원,양선지해장국,10000원,가성비 뼈해장국,9000,10000.0
P001917,착한가격업소,,식당,울엄마김밥,서울특별시 송파구 백제고분로34길 4,37.5021410186537,127.098644434483,02-417-5159,김밥,3000원,돈가스,7000원,가성비 김밥,3000,7000.0
P001918,착한가격업소,,세탁&목욕,단골세탁소,서울특별시 송파구 문정로11길 20,37.4939969268209,127.133960412107,02-448-5847,양복세탁료,8000원,,,가성비 양복세탁료,8000,
P001919,착한가격업소,,미용,쌍용헤어,서울특별시 송파구 올림픽로47길 9,37.52741655661,127.118040521722,02-482-6724,미용료(커트),15000원,미용료(파마),40000원,가성비 미용료(커트),15000,40000.0
P001920,착한가격업소,,식당,봉평매시담막국수,"서울특별시 송파구 송파대로37길 4-31, 1층",37.501217727026,127.110004608942,02-422-2904,막국수,9000원,설렁탕,9000원,가성비 막국수,9000,9000.0
P001921,착한가격업소,,식당,쎄오부대찌개,"서울특별시 송파구 마천로 146, 1층 1호",37.5042891278687,127.135527988681,0507-1485-1058,부대찌개,9000원,,,가성비 부대찌개,9000,
P001922,착한가격업소,,식당,진짬뽕수짜장,서울특별시 송파구 가락로 153,37.5031500671996,127.112634964212,02-2203-1133,자장면,5000원,짬뽕,8500원,가성비 자장면,5000,8500.0
P001923,착한가격업소,,식당,참좋은식탁,서울특별시 송파구 동남로9길 27,37.4946222024823,127.126712556585,070-7626-5952,김치찌개,3000원,,,가성비 김치찌개,3000,
P001924,착한가격업소,,식당,파네파네,서울특별시 송파구 법원로 114 B동 지하1층 162호,37.4860552797801,127.12100938212,02-2283-1882,알리오올리오,8000원,크림빠네파스타,10000원,가성비 알리오올리오,8000,10000.0
P001925,착한가격업소,,식당,모어모어베이크샵,서울특별시 송파구 풍성로26길 51,37.5297217315157,127.116535280548,02-489-0102,에그타르트,3000원,휘낭시에,2500원,가성비 에그타르트,3000,2500.0
P001926,착한가격업소,,카페,예쁜소나무,서울특별시 송파구 양재대로71길 15,37.5106766752585,127.124933733214,02-2202-2022,아메리카노,3000원,카페라떼,3500원,가성비 아메리카노,3000,3500.0
P001927,착한가격업소,,카페,커피볶음,"서울특별시 송파구 중대로16길 15, 가락풍림상가 107호",37.4956387100866,127.126045953637,070-4070-8887,아메리카노,2900원,카페라떼,3500원,가성비 아메리카노,2900,3500.0
P001928,착한가격업소,,미용,리본헤어,서울특별시 송파구 가락로36길 10,37.5095566809303,127.118956583752,0507-1455-8117,미용료(커트),15000원,모닝펌(11시까지),50000원,가성비 미용료(커트),15000,50000.0
P001929,착한가격업소,,미용,머리하기좋은날,"서울특별시 송파구 오금로44길 47, 동궁리치웰아파트상가 102동 112호",37.494002900406,127.132658979323,02-401-4015,미용료(커트),15000원,염색,50000원,가성비 미용료(커트),15000,50000.0
P001930,착한가격업소,,식당,국대돼지,"서울특별시 송파구 마천로 167, 1동 1층",37.5037934586829,127.137886485981,02-6949-5544,고기무한리필,17900원,,,가성비 고기무한리필,17900,
P001931,착한가격업소,,식당,명가냉삼,"서울특별시 송파구 마천로41길 31, 1층",37.4970210989676,127.151036791951,0507-1432-9328,우거지된장국,6000원,냉삼무한리필,12000원,가성비 우거지된장국,6000,12000.0
P001932,착한가격업소,,미용,가나미용실,서울특별시 강동구 양재대로 113길 14 (길동),37.5381601494837,127.139240752004,02-488-0476,미용료(커트),5000원, 미용료(파마) ,20000원,가성비 미용료(커트),5000,20000.0
P001933,착한가격업소,,식당,뚝배기해장국,서울특별시 강동구 양재대로 1389 (성내동),37.5301855837389,127.136767500935,02-476-6005,김치찌개,6000원, 된장찌개 ,6000원,가성비 김치찌개,6000,6000.0
P001934,착한가격업소,,미용,미스터미용실,서울특별시 강동구 천호대로 162길 53 (성내동),37.5344779602021,127.127997588807,02-473-9374,커트,10000원, 파마 ,30000원,가성비 커트,10000,30000.0
P001935,착한가격업소,,미용,둔촌시장모범이발관,서울특별시 강동구 강동구 풍성로58길 20 (성내동),37.5281308771651,127.135336928726,,커트,9000원,염색,10000원,가성비 커트,9000,10000.0
P001936,착한가격업소,,미용,세아이용원,"서울특별시 강동구 천중로 27-18, 104호 (천호동)",37.5463703600723,127.125630592676,,커트,9000원,염색,9000원,가성비 커트,9000,9000.0
P001937,착한가격업소,,식당,다인,서울특별시 강동구 양재대로147길 7 (명일동),37.5521741842574,127.143534849647,02-428-2824,청국장,7000원,김치찌개,8000원,가성비 청국장,7000,8000.0
P001938,착한가격업소,,식당,미소분식,"서울특별시 강동구 성내로3가길 7, 1층 (성내동)",37.5308825330952,127.123239386257,02-474-2884,아침국밥,3000원,청국장,7000원,가성비 아침국밥,3000,7000.0
P001939,착한가격업소,,식당,서울진우동덮밥,"서울특별시 강동구 성내로 11, 107호 (성내동)",37.5305063973591,127.122167825834,070-8779-3215,서울진우동,6500원,제육덮밥,7900원,가성비 서울진우동,6500,7900.0
P001940,착한가격업소,,기타,하나야 플라워앤공방,"서울특별시 강동구 상암로41길 67, 103호 (천호동)",37.5492280030625,127.141150608668,02-471-4769,아로마오일,4500원, 비누 ,5000원,가성비 아로마오일,4500,5000.0
P001941,착한가격업소,,식당,코끼리식당,서울특별시 강동구 천호대로176길 33 (성내동),37.5329737932921,127.136010712197,02-486-1822,김치찌개,7000원, 제육덮밥 ,7000원,가성비 김치찌개,7000,7000.0
P001942,착한가격업소,,미용,제일이발,"서울특별시 강동구 성안로25길 55, 상가동 207호 (천호동)",37.53874150207,127.132561913224,,이발,8000원, 염색 ,8000원,가성비 이발,8000,8000.0
P001943,착한가격업소,,미용,헤어스케치,"서울특별시 강동구 아리수로93가길 20-5, 101호 (강일동)",37.5684692485817,127.172723030879,02-470-5108,커트,20000원, 펌,50000원,가성비 커트,20000,50000.0
P001944,착한가격업소,,미용,새나라머리방,"서울특별시 강동구 천호옛길 51, 1층 102호 (성내동)",37.5338984088961,127.123367445875,02-482-3422,커트,7000원, 펌 ,20000원,가성비 커트,7000,20000.0
P001945,착한가격업소,,미용,번성머리방,"서울특별시 강동구 상암로 120, 1층 (천호동)",37.5465146325357,127.135863081259,02-479-4746,커트,12000원, 커트(70세 이상) ,7000원,가성비 커트,12000,7000.0
P001946,착한가격업소,,미용,영헤어스케치,"서울특별시 강동구 천중로52길 27, 1층 (길동)",37.5395541016533,127.143961328091,02-6489-8887,커트,12000원, 펌 ,30000원,가성비 커트,12000,30000.0
P001947,착한가격업소,,식당,만선국수,서울특별시 강동구 풍성로 111 (성내동),37.5322704992601,127.124637343587,02-478-0723,멸치국수,6000원, 칼국수 ,7000원,가성비 멸치국수,6000,7000.0
P001948,착한가격업소,,식당,119닭발 성내점,"서울특별시 강동구 양재대로 87길 81, 1층 (성내동)",37.5264347099026,127.130563309272,02-6494-1191,석쇠구이닭발,10500원,매운국물닭발,11000원,가성비 석쇠구이닭발,10500,11000.0
P001949,착한가격업소,,식당,만리장성,"서울특별시 강동구 상암로4길 23, 1층 (암사동)",37.5494382163378,127.126346186423,02-441-2745,짜장면,5000원,짬뽕,7000원,가성비 짜장면,5000,7000.0
P001950,착한가격업소,,카페,커피노트,서울특별시 강동구 천중로39길 102 (천호동),37.5454733802605,127.140683541105,02-487-6842,아메리카노,3000원, 카페라떼 ,3000원,가성비 아메리카노,3000,3000.0
P001951,착한가격업소,,카페,카페Roi : 후아,"서울특별시 강동구 상암로23길 49, 1층 (암사동)",37.5492530189566,127.135486010147,02-6408-6678,아메리카노,2500원, 카페라떼 ,3000원,가성비 아메리카노,2500,3000.0
P001952,착한가격업소,,식당,강동집,"서울특별시 강동구 천호대로188길 15, 1층 (둔촌동)",37.533420708637,127.143457039519,02-489-3992,"백반(점심메뉴, 11:30~13:30)",6900원,"백반(점심메뉴, 11:30~13:00)",6000원,"가성비 백반(점심메뉴, 11:30~13:30)",6900,6000.0
P001953,착한가격업소,,식당,우렁찬,"서울특별시 강동구 풍성로37가길 67, 1층 101호",37.5325472571979,127.130013135688,02-474-5425,나물류,2000원,,,가성비 나물류,2000,
P001954,착한가격업소,,식당,119닭발 천호본점,서울특별시 강동구 천중로 73 (천호동),37.5449996605145,127.130214565495,02-489-1289,석쇠구이닭발,10500원,매운국물닭발,11000원,가성비 석쇠구이닭발,10500,11000.0
P001955,착한가격업소,,식당,고향국시,서울특별시 강동구 양재대로111길 34 (길동),37.5375427955667,127.13777175832,02-488-7666,칼국수,7000원,비빔국수,7000원,가성비 칼국수,7000,7000.0
P001956,착한가격업소,,카페,카페선사,서울특별시 강동구 상암로 53 (암사동),37.5494941609275,127.129266485207,070-8950-9782,아메리카노(Takeout),2000원,카페라떼(Takeout),3000원,가성비 아메리카노(Takeout),2000,3000.0
P001957,착한가격업소,,미용,남성헤어컷트 전문점 우정,"서울특별시 강동구 올림픽로62길 17, 1층 (성내동)",37.5364584514265,127.123768687479,0507-1434-1419,커트,9000원,,,가성비 커트,9000,
P001958,착한가격업소,,기타,심안경원,서울특별시 강동구 풍성로 130 (성내동),37.5314608230473,127.126536132745,02-486-9009,뿔테,8000원,금속테,10000원,가성비 뿔테,8000,10000.0
P001959,착한가격업소,,기타,모두의운동,"서울특별시 강동구 양재대로111길 27, 3층 301호 (길동, 골드클래스)",37.5371919769512,127.13805409023,0507-1357-1173,그룹PT(3개월),590000원,,,가성비 그룹PT(3개월),590000,
P001960,착한가격업소,,식당,부부식당 둔촌점,서울특별시 강동구 풍성로56길 7 (성내동),37.5287996881642,127.135181447858,02-476-3838,떡만두국,9000원,,,가성비 떡만두국,9000,
P001961,착한가격업소,,카페,피크커피,"서울특별시 강동구 성내로 42, 1층 (성내동)",37.5288187075913,127.124776862823,02-470-3627,아메리카노,3000원,,,가성비 아메리카노,3000,
P001962,착한가격업소,,미용,원앤원헤어,"서울특별시 강동구 양재대로87길 19, 103호 (성내동)",37.5255335897782,127.133967798896,0507-1347-0507,커트,11000원,,,가성비 커트,11000,
P001963,착한가격업소,,식당,원조멸치국수,"서울특별시 강동구 고덕로8길 51, 1층 (암사동)",37.5523994925284,127.129125289066,,열무국수,7000원,칼국수,7000원,가성비 열무국수,7000,7000.0
P001964,착한가격업소,,식당,명성김밥,"서울특별시 강동구 구천면로 297, 2층 202호 (천호동, 강동아트타워)",37.5464155070304,127.133904900422,02-477-3707,라면,4000원,비빔국수,7000원,가성비 라면,4000,7000.0
P001965,착한가격업소,,식당,고덕옛날손짜장,"서울특별시 강동구 동남로85길 36, 1층 (고덕동)",37.5611047752101,127.154801234259,02-428-2006,기계짜장,5000원,,,가성비 기계짜장,5000,
P001966,착한가격업소,,기타,착한가격안경,"서울특별시 강동구 성내로 11, 1층 (성내동)",37.5305063973591,127.122167825834,02-485-7677,뿔테,4300원,금속테,9500원,가성비 뿔테,4300,9500.0
P001967,착한가격업소,,식당,대팔이네곱창 천호본점,서울특별시 강동구 구천면로24길 20-9 (천호동) 1층,37.5398267594193,127.125466295133,02-470-1489,국내산 직화 돼지곱창(양념)(200g),13900원,국내산 직화 돼지곱창(소금)(180g),13900원,가성비 국내산 직화 돼지곱창(양념)(200g),13900,13900.0
P001968,착한가격업소,,식당,암사집 원조소금구이,서울특별시 강동구 상암로 51 (암사동) 1층 105호,37.5495418689964,127.129142765794,02-2138-1692,국내산 갈매기살(150g),13000원,,,가성비 국내산 갈매기살(150g),13000,
P001969,착한가격업소,,식당,강동갈빗살,서울특별시 강동구 천호옛14길 36 (성내동),37.5358433170031,127.12743182812,02-6497-8986,차돌박이(200g),16900원,,,가성비 차돌박이(200g),16900,
P001970,착한가격업소,,카페,일하는카페 허브건축,서울특별시 강동구 천호대로 1240-13 (둔촌동) 1층,37.5358651089613,127.14899761506,02-417-0435	,아메리카노,3000원,,,가성비 아메리카노,3000,
P001971,착한가격업소,,카페,디자인카페허브,서울특별시 강동구 천호대로200길 15-16 (둔촌동) 1층,37.5360015628289,127.150385709195,02-417-0437	,아메리카노,3600원,,,가성비 아메리카노,3600,
P001972,착한가격업소,,미용,청년이발,서울특별시 강동구 천호대로176길 54 (성내동) 1층 102호,37.5320905687208,127.135439119194,0507-1305-4552	,커트,7000원,염색,14000원,가성비 커트,7000,14000.0
P001973,착한가격업소,,기타,숲속의 필라테스,"서울특별시 강동구 고덕로80길 134 (상일동, 고덕숲아이파크) 상가동 103호",37.5517184559273,127.164857017437,,개인체험레슨비,45000원,,,가성비 개인체험레슨비,45000,
P001974,착한가격업소,,식당,백년국수,서울특별시 강동구 천호대로176길 8 1층,37.534129455265,127.136133306145,0507-1308-6092,멸치국수,6000원,비빔국수,7000원,가성비 멸치국수,6000,7000.0
P001975,착한가격업소,,기타,오밀공방,"서울특별시 강동구 풍성로35길 10, 102호 (성내동)",37.532613629418,127.124609743036,0507-1383-8340,카네이션비누,5500원,하트비누,4500원,가성비 카네이션비누,5500,4500.0
P001976,착한가격업소,,식당,와고숯불구이,"서울특별시 강동구 천호옛14길 37, 1층 (성내동, 성내프라자)",37.5361046435657,127.127648264789,0507-1320-5990,생삼겹살,15000원,소갈비살,16000원,가성비 생삼겹살,15000,16000.0
P001977,착한가격업소,,식당,경송,"서울특별시 강동구 천호대로159길 22, 1층 (천호동, 강동빌딩)",37.5385393238767,127.12798258008,0507-1436-9588,경송마늘갈비,21000원,,,가성비 경송마늘갈비,21000,
P001978,착한가격업소,,식당,소만,"서울특별시 강동구 양재대로127길 33, 1층 (천호동, 원덕아트)",37.5454369964572,127.140820846708,0507-1447-8324,온니소밥(소고기덮밥+피크닉음료),9900원,,,가성비 온니소밥(소고기덮밥+피크닉음료),9900,
P001979,착한가격업소,,미용,더맨커트,서울특별시 강동구 명일로 375 (명일동) 상가동 3층 40호,37.5520142970108,127.149457646714,0507-1365-9814,남성커트,5000원,,,가성비 남성커트,5000,
P001980,착한가격업소,,기타,프로피지컬센터,"서울특별시 강동구 천호대로200길 20, 지하1층 (둔촌동)",37.5359957094414,127.149318185161,0507-1326-1652,PT(10회),300000원,,,가성비 PT(10회),300000,
P001981,착한가격업소,,식당,금마루 식당,서울특별시 강동구 천호옛17길 38 (성내동),37.5378032867701,127.124023566617,02-472-5110,백반,8000원,,,가성비 백반,8000,
P001982,착한가격업소,,식당,전주식당,서울특별시 강동구 동남로 75길 19 지하1층 (명일동),37.5541302080444,127.15517770003,02-442-5556,된장찌개,6000원,순두부찌개,6000원,가성비 된장찌개,6000,6000.0
P001983,착한가격업소,,식당,면사무소,서울특별시 강동구 올림픽로727 1층 (천호동),37.5462901129602,127.125854513702,02-488-9888,칼국수,7000원,수제비,7000원,가성비 칼국수,7000,7000.0
P001984,착한가격업소,,식당,두메막국수 능이백숙,서울특별시 강동구 상일로5길 29 (상일동),37.5487688997124,127.171410248523,02-426-5293,능이삼계탕,15000원,,,가성비 능이삼계탕,15000,
P001985,착한가격업소,,식당,협동조합 먹을거리,"서울특별시 강동구 천호대로 1242, 107호 (둔촌동, 정산빌딩)",37.5362937769465,127.148733710264,02-417-0435,반찬,3000원,,,가성비 반찬,3000,
P001986,착한가격업소,,식당,예전각전복설렁탕,경기도 수원시 장안구 영화동 97-29,37.2943154037834,127.017415190213,031-245-2003,설렁탕,7900원,선지해장국,7900원,가성비 설렁탕,7900,7900.0
P001987,착한가격업소,,식당,시골밥집,경기도 수원시 장안구 파장로76번길 25 (파장동),37.3071359051579,126.99333824927,031-257-6717,김치찌개,7000원,,,가성비 김치찌개,7000,
P001988,착한가격업소,,식당,풍년식당,경기도 수원시 장안구 팔달로 271번길 40 (영화동),37.2911594870225,127.013523004316,031-243-8237,설렁탕,9000원,곰탕,9000원,가성비 설렁탕,9000,9000.0
P001989,착한가격업소,,식당,흥부네정육식당,"경기도 수원시 장안구 정자로 146, 한솔빌딩 1층",37.303957802349,126.992356532922,031-269-0080,삼겹살,15000원,돼지갈비(250g),13000원,가성비 삼겹살,15000,13000.0
P001990,착한가격업소,,세탁&목욕,동남세탁소,경기도 수원시 장안구 만석로101번길 46 (정자동),37.300748694679,126.991383700382,031-253-1414,드라이클리닝,7000원,수선,4000원,가성비 드라이클리닝,7000,4000.0
P001991,착한가격업소,,미용,전미래헤어월드,경기도 수원시 장안구 수성로 304번길 19 (영화동),37.290545768056,127.006225200371,031-252-3641,커트,12000원,파마,30000원,가성비 커트,12000,30000.0
P001992,착한가격업소,,미용,컷트클럽,경기도 수원시 장안구 조원로 100,37.301598615431,127.01516317509,031-246-6306,남성커트,8000원,염색,15000원,가성비 남성커트,8000,15000.0
P001993,착한가격업소,,미용,주은헤어,경기도 수원시 장안구 장안로 217번길 14 범아상가 117호 (정자동),37.3017954706152,126.993442150757,031-271-4082,남성커트,9000원,여성커트,10000원,가성비 남성커트,9000,10000.0
P001994,착한가격업소,,미용,문화미용실,경기도 수원시 장안구 정조로 934번길 29-18 (영화동),37.2923701800345,127.013797271773,031-256-1463,커트,8000원,파마,30000원,가성비 커트,8000,30000.0
P001995,착한가격업소,,미용,닛시헤어필,경기도 수원시 장안구 파장로21번길 27 (송죽동),37.3033837902226,126.997396814886,031-257-1411,커트,8000원,파마,25000원,가성비 커트,8000,25000.0
P001996,착한가격업소,,미용,헤어디자인클럽,경기도 수원시 장안구 파장천로 25번길 9 (파장동),37.3079627536678,126.994470363736,031-246-7798,커트,12000원,파마,30000원,가성비 커트,12000,30000.0
P001997,착한가격업소,,미용,모아헤어,"경기도 수원시 장안구 화산로 285번길 12, 화남아파트상가 102호 (율전동)",37.3002356415405,126.964673209068,031-295-4005,커트,9000원,파마,25000원,가성비 커트,9000,25000.0
P001998,착한가격업소,,미용,현대미용실,경기도 수원시 장안구 파장로 68번길 12 (파장동),37.3064701230917,126.993217951315,031-252-9986,커트,10000원,파마,30000원,가성비 커트,10000,30000.0
P001999,착한가격업소,,세탁&목욕,성일사우나,경기도 수원시 장안구 경수대로973번길 13-20 (송죽동),37.3031115091404,127.005025091289,031-246-6489,대인,9000원,소인,7000원,가성비 대인,9000,7000.0
P002000,착한가격업소,,세탁&목욕,크린크린세탁소,경기도 수원시 장안구 파장천로 12번길 36 (파장동),37.305939989615,126.995979979437,031-244-8418,드라이클리닝(신사복),7000원,,,가성비 드라이클리닝(신사복),7000,
P002001,착한가격업소,,식당,진천생고기,경기도 수원시 장안구 정조로934번길 25 (영화동),37.2916711327109,127.013985820118,031-256-3074,등심(한우 150g),29000원,삼겹살(180g),14000원,가성비 등심(한우 150g),29000,14000.0
P002002,착한가격업소,,카페,카페해피타임,"경기도 수원시 장안구 수성로261번길 75, 1층 (정자동)",37.2928537525628,126.998651278162,031-271-1280,아메리카노,2000원,에스프레소,2000원,가성비 아메리카노,2000,2000.0
P002003,착한가격업소,,식당,논골손칼국수,"경기도 수원시 장안구 장안로75번길 52-2, 102호 (정자동)",37.2903281507546,127.000141983781,031-252-9696,칼국수,6000원,만둣국,6000원,가성비 칼국수,6000,6000.0
P002004,착한가격업소,,식당,똘똘이네M카페,경기도 수원시 권선구 고색로 54번길66 (고색동),37.2474159314554,126.983768254338,031-278-5081,생삼겹(100g),3000원,,,가성비 생삼겹(100g),3000,
P002005,착한가격업소,,식당,한우돈가,경기도 수원시 권선구 효탑로 51 (탑동),37.2680653770342,126.9727987779,031-296-8592,한우 등심(100g),16000원,한돈 삼겹살(100g),4500원,가성비 한우 등심(100g),16000,4500.0
P002006,착한가격업소,,세탁&목욕,정우세탁소,경기도 수원시 권선구 당수로189 (당수동),37.2909063998983,126.944116044227,031-416-5326,드라이(상의 또는 하의),"2,000 ~ 4,000원",수선(면바지밑단줄임),4000원,가성비 드라이(상의 또는 하의),2000,4000.0
P002007,착한가격업소,,미용,꽃씨미용실,경기도 수원시 권선구 금호로15번길12 (금곡동),37.2692497847657,126.953624838044,031-297-6106,커트,10000원,파마,30000원,가성비 커트,10000,30000.0
P002008,착한가격업소,,미용,이은희헤어,경기도 수원시 권선구 세지로27번길13 (세류동),37.2549608227519,127.014872017014,070-4001-0404,커트,10000원,파마,35000원,가성비 커트,10000,35000.0
P002009,착한가격업소,,미용,서현대미용실,경기도 수원시 권선구 정조로576번길 3 (세류동),37.2604055446764,127.013461026266,031-232-6686,커트,10000원,파마,25000원,가성비 커트,10000,25000.0
P002010,착한가격업소,,세탁&목욕,미영목욕탕,경기도 수원시 권선구 정조로 432 (세류동),37.2474693136438,127.014533989176,031-236-5038,목욕료,8000원,,,가성비 목욕료,8000,
P002011,착한가격업소,,세탁&목욕,당수여성사우나,경기도 수원시 권선구 당진로15번길 56 (당수동),37.2920971102154,126.938984343475,031-419-9042,목욕료,8000원,,,가성비 목욕료,8000,
P002012,착한가격업소,,식당,청명쭈꾸미철판구이,경기도 수원시 권선구 권중로56번길 48,37.2530197407918,127.028833061446,031-239-7892,물냉면,7000원,황태해장국,8000원,가성비 물냉면,7000,8000.0
P002013,착한가격업소,,식당,좋은고기,경기도 수원시 권선구 세지로4번길 7-15,37.2531492280719,127.015236646991,031-233-7727,생삼겹살(170g),13000원,한우 등심(170g),27000원,가성비 생삼겹살(170g),13000,27000.0
P002014,착한가격업소,,식당,못골해장국,"경기도 수원시 권선구 금호로246번길 15-4, 1층",37.2749502849126,126.977331077535,031-278-3493,선지해장국,6000원,소고기해장국,7000원,가성비 선지해장국,6000,7000.0
P002015,착한가격업소,,식당,스타마법요리,경기도 수원시 권선구 매실로53번길 19,37.2686668169072,126.956244096251,031-291-8485,"피자 한판(M, 2인용, 포장시)",10000원,,,"가성비 피자 한판(M, 2인용, 포장시)",10000,
P002016,착한가격업소,,미용,레미샵 붙임머리,"경기도 수원시 권선구 권선로 673, 거성빌딩 1층",37.2599337307557,127.025216734811,,16'붙임머리,220000원,18'붙임머리,240000원,가성비 16'붙임머리,220000,240000.0
P002017,착한가격업소,,식당,영풍생고기,경기도 수원시 팔달구 권광로276번길 9 (인계동),37.2725001652899,127.036426654822,031-214-3326,삼겹살,13000원,오겹살,13000원,가성비 삼겹살,13000,13000.0
P002018,착한가격업소,,식당,푸드맘(교동점),경기도 수원시 팔달구 매산로 128 (교동),37.2717413979748,127.014755015634,031-236-6777,그린김밥,3000원,비빔밥,7500원,가성비 그린김밥,3000,7500.0
P002019,착한가격업소,,식당,통큰칼국수,경기도 수원시 팔달구 중부대로17번길 14 (영동),37.2760022838281,127.018879587139,031-248-9464,칼국수,6000원,잔치국수,4000원,가성비 칼국수,6000,4000.0
P002020,착한가격업소,,식당,일미닭갈비파전,경기도 수원시 팔달구 아주로 47번길 12,37.2792304225639,127.043056713631,031-217-1242,닭갈비,8900원,볶음밥,100원,가성비 닭갈비,8900,100.0
P002021,착한가격업소,,식당,옛날손칼국수,경기도 수원시 팔달구 중부대로 36-1 (인계동),37.2751064122674,127.0208322338,031-232-9298,칼국수,5000원,수제비,6000원,가성비 칼국수,5000,6000.0
P002022,착한가격업소,,식당,모이세 분식,경기도 수원시 팔달구 팔달문로3번길 5 (팔달로2가),37.2779056593256,127.017591481138,031-245-1189,돈까스,8000원,물냉면,6500원,가성비 돈까스,8000,6500.0
P002023,착한가격업소,,식당,해운대 국밥,"경기도 수원시 팔달구 행궁로 106, 1층",37.2731474278079,127.01579777108,031-245-5582,소고기국밥,3500원,선지국밥,3500원,가성비 소고기국밥,3500,3500.0
P002024,착한가격업소,,미용,챠밍미용실,경기도 수원시 팔달구 매산로 101 (교동),37.2707773453951,127.01179750315,031-257-3733,컷트,7000원,펌,25000원,가성비 컷트,7000,25000.0
P002025,착한가격업소,,기타,착한사진관,"경기도 수원시 팔달구 동말로 72, 나동 2층",37.2785780425404,127.002089847724,031-248-6801,인화,500원,,,가성비 인화,500,
P002026,착한가격업소,,식당,푸딩김밥,경기도 수원시 팔달구 세지로 421,37.2865100730921,127.030703371177,031-254-2567,김밥,3000원,김치찌개,7000원,가성비 김밥,3000,7000.0
P002027,착한가격업소,,식당,순보리네식당,경기도 수원시 팔달구 장다리로 163,37.2645733258895,127.023726888862,031-225-5464,된장찌개+생선,8000원,김치찌개+생선,8000원,가성비 된장찌개+생선,8000,8000.0
P002028,착한가격업소,,미용,다모아헤어샵,경기도 수원시 팔달구 매산로 2-10 (매산로1가) 역전시장 229호,37.2658463263793,127.002501216941,031-245-9133,커트,15000원,,,가성비 커트,15000,
P002029,착한가격업소,,식당,홍두깨,경기도 수원시 팔달구 정조로758번길 21,37.2757878760847,127.018046286349,031-247-3351,칼국수,6000원,수제비,6000원,가성비 칼국수,6000,6000.0
P002030,착한가격업소,,식당,백천홍두깨칼국수,경기도 수원시 팔달구 지동 400-8,37.277373591166,127.019893152457,070-7559-1261,칼국수(보통),5000원,수제비,5000원,가성비 칼국수(보통),5000,5000.0
P002031,착한가격업소,,식당,마포생고기,경기도 수원시 팔달구 향교로 132-1,37.2726246041374,127.014707946316,031-255-1264,삼겹살(600g),40000원,목살(600g),40000원,가성비 삼겹살(600g),40000,40000.0
P002032,착한가격업소,,식당,셰프스위트,경기도 수원시 팔달구 정조로801번길 27,37.2799701026106,127.015122752148,031-242-6898,까르보나라,15000원,언더더씨,17000원,가성비 까르보나라,15000,17000.0
P002033,착한가격업소,,카페,미소레,"경기도 수원시 팔달구 매산로1가 17 역전지하상가 나열 8, 9, 10호",37.2694877224126,126.99847231941,031-247-9449,아이스아메리카노,1500원,핫아메리카노,2000원,가성비 아이스아메리카노,1500,2000.0
P002034,착한가격업소,,식당,분식나라 김밥마을,경기도 수원시 영통구 덕영대로 1699 (영통동),37.2479713166815,127.077097970377,031-206-0599,비빔밥,7500원,된장찌개,8000원,가성비 비빔밥,7500,8000.0
P002035,착한가격업소,,식당,뚱가네,경기도 수원시 영통구 영통로 217번길5 (영통동),37.2466692531637,127.056605302185,031-234-5208,차돌된장찌개,7000원,돼지김치찌개,7000원,가성비 차돌된장찌개,7000,7000.0
P002036,착한가격업소,,식당,국수촌,경기도 수원시 영통구 매여울로53번길 63-2 (매탄동),37.2726657638748,127.041141095451,031-213-5033,잔치국수,3000원,비빔국수,4000원,가성비 잔치국수,3000,4000.0
P002037,착한가격업소,,식당,경성89,"경기도 수원시 영통구 법조로 25, 광교 SK뷰레이크근린생활동2층 203, 204, 205호",37.2874808899042,127.060178440172,031-212-7878,설화등심,38800원,한우맑은탕,12000원,가성비 설화등심,38800,12000.0
P002038,착한가격업소,,미용,에덴헤어,"경기도 수원시 영통구 인계로 239, 상가지하1층1호 (매탄동, 매탄성일아파트)",37.2650653259133,127.043340637561,031-211-5777,커트,7000원,파마,25000원,가성비 커트,7000,25000.0
P002039,착한가격업소,,미용,솜씨좋은 헤어샵,경기도 수원시 영통구 동수원로 537번길 57 (원천동),37.2748265170934,127.045886533282,031-212-9700,커트,10000원,파마,30000원,가성비 커트,10000,30000.0
P002040,착한가격업소,,미용,명성이발관,경기도 수원시 영통구 매여울로57번길 40 (매탄동),37.2736677908469,127.042222689437,031-215-7564 ,커트,12000원,,,가성비 커트,12000,
P002041,착한가격업소,,미용,엠제이헤어,"경기도 수원시 영통구 영통로174번길 43-8, (망포동, 백년빌딩)",37.2435044934076,127.058133697573,031-206-5660,학생커트,11000원,파마,50000원,가성비 학생커트,11000,50000.0
P002042,착한가격업소,,미용,멋진남자,"경기도 수원시 영통구 매봉로35번길 50, 1층 (매탄동)",37.2719859731344,127.050140470108,,남성커트,10000원,,,가성비 남성커트,10000,
P002043,착한가격업소,,세탁&목욕,명품세탁 빨래터,"경기도 수원시 영통구 동탄원천로 915번길 36, 104호",37.2569793706321,127.043828501468,031-216-8939,세탁료,7500원,의복수선료,4000원,가성비 세탁료,7500,4000.0
P002044,착한가격업소,,카페,붕붕샐러드,경기도 수원시 영통구 신원로 146,37.2494809372827,127.057033352061,031-206-9891,커피,3000원,,,가성비 커피,3000,
P002045,착한가격업소,,카페,언니네 커피,경기도 수원시 영통구 신원로 88,37.2474668310069,127.050275929193,031-695-5928,아메리카노,2300원,녹차라떼,3500원,가성비 아메리카노,2300,3500.0
P002046,착한가격업소,,식당,장터밥상,경기도 수원시 영통구 반달로46,37.2501477734784,127.076705685008,031-203-4846,된장찌개,8000원,김치찌개,8000원,가성비 된장찌개,8000,8000.0
P002047,착한가격업소,,카페,조이커피샌드위치,"경기도 수원시 영통구 영통로 169, 1층",37.2426372922518,127.055000763816,031-204-0705,아메리카노,1800원,카페라떼,3300원,가성비 아메리카노,1800,3300.0
P002048,착한가격업소,,식당,천연석돌구이,"경기도 수원시 영통구 삼성로 274 (원천동) 지하1층 상가 27, 30호",37.265612968071,127.064363011499,031-213-3408,백반정식,7000원,,,가성비 백반정식,7000,
P002049,착한가격업소,,식당,미랑,경기도 수원시 장안구 만석로 181 (송죽동) 1층,37.3030375484312,126.999276200776,031-255-7200,소고기국밥,5900원,,,가성비 소고기국밥,5900,
P002050,착한가격업소,,카페,요거트산토커피,경기도 수원시 영통구 도청로 95,37.2909145404172,127.047788681631,,아메리카노,2500원,카페라떼,3500원,가성비 아메리카노,2500,3500.0
P002051,착한가격업소,,카페,커피9,"경기도 수원시 장안구 화산로203번길 34, 1층 2호",37.2980681923804,126.973643351102,031-306-3939,아메리카노,1800원,카페라떼,2900원,가성비 아메리카노,1800,2900.0
P002052,착한가격업소,,세탁&목욕,벽산세탁소,"경기도 수원시 장안구 파장로 53, 108호",37.3053922770229,126.99442520735,031-245-1269,드라이클리닝,6000원,수선,4000원,가성비 드라이클리닝,6000,4000.0
P002053,착한가격업소,,식당,강릉장칼국수,경기도 수원시 팔달구 수원천로 314 (남수동) 1층,37.2814539839633,127.018574574999,031-241-7959,장칼국수,8000원,,,가성비 장칼국수,8000,
P002054,착한가격업소,,식당,만두가게,경기도 수원시 팔달구 수원천로 315 (남수동) 1층,37.2814890446505,127.017923609439,031-251-3900,만두,6000원,만둣국,8000원,가성비 만두,6000,8000.0
P002055,착한가격업소,,카페,에스커피,"경기도 수원시 팔달구 정조로758번길 9 (팔달로3가) 1, 2호",37.2758157251345,127.017398299264,031-242-9861,아메리카노(HOT),2500원,아메리카노(ICE),3000원,가성비 아메리카노(HOT),2500,3000.0
P002056,착한가격업소,,카페,요고트팜,"경기도 수원시 영통구 아주로 10-1, 2층 (원천동)",37.2756527807069,127.044203743182,031-306-0608,아메리카노(매장),3000원,카페라떼(매장),3500원,가성비 아메리카노(매장),3000,3500.0
P002057,착한가격업소,,식당,이화식당,경기도 수원시 팔달구 중부대로128번길 62 (인계동) .,37.2755468295559,127.029016981781,031-238-2097,김치찌개,8000원,,,가성비 김치찌개,8000,
P002058,착한가격업소,,식당,착한설렁탕,경기도 수원시 팔달구 장다리로 222 (인계동) 1층,37.2695163593816,127.026246238699,,설렁탕,8500원,김치찌개,7500원,가성비 설렁탕,8500,7500.0
P002059,착한가격업소,,카페,카페레쟈망,경기도 수원시 팔달구 덕영대로 지하911 (매산로1가) 18호,37.2674076761068,127.000666298446,031-241-0452,아메리카노,1500원,카페라떼,2500원,가성비 아메리카노,1500,2500.0
P002060,착한가격업소,,식당,평화정육식당,"경기도 수원시 팔달구 동말로68번길 15 (화서동, 수정아파트) 화서시장 가동 1층",37.2782310521142,127.002086004393,031-242-8292,한우등심(180g),35000원,,,가성비 한우등심(180g),35000,
P002061,착한가격업소,,식당,항아리쭈꾸미,경기도 수원시 영통구 덕영대로1556번길 16 (영통동) 170호,37.2452635378131,127.059176131052,031-202-1208,쭈꾸미볶음,11000원,,,가성비 쭈꾸미볶음,11000,
P002062,착한가격업소,,식당,황금족발순대국,"경기도 수원시 영통구 권광로260번길 36 (매탄동, 현대힐스테이트아파트) 106호",37.2721364915926,127.041914258026,031-217-7877,족발(소),29000원,족발(소) 포장,25000원,가성비 족발(소),29000,25000.0
P002063,착한가격업소,,카페,메종드커피,경기도 수원시 팔달구 매산로 131 (교동) 1층,37.2721698423741,127.014759609162,031-258-3545,아메리카노,3400원,,,가성비 아메리카노,3400,
P002064,착한가격업소,,카페,알뜰커피,경기도 수원시 팔달구 창룡대로 8 (남수동) .,37.2816757839512,127.017631148753,0507-1481-0742,아메리카노,2500원,카페라떼,3000원,가성비 아메리카노,2500,3000.0
P002065,착한가격업소,,식당,중앙국수,경기도 수원시 팔달구 팔달문로 7 (팔달로2가) 2층,37.2777010228595,127.018254439985,031-255-6614,잔치국수,4000원,,,가성비 잔치국수,4000,
P002066,착한가격업소,,카페,지동슈퍼,경기도 수원시 팔달구 창룡문로 75-2 (지동) .,37.2837817382696,127.024030279922,0507-1380-0362,핸드드립커피,3500원,,,가성비 핸드드립커피,3500,
P002067,착한가격업소,,기타,진이네강아지풀,경기도 수원시 영통구 에듀타운로 102 (이의동) A동 122호,37.2897826623887,127.046415052403,0507-1365-5924,강아지 위탁목욕(~4kg),30000원,,,가성비 강아지 위탁목욕(~4kg),30000,
P002068,착한가격업소,,식당,수원칼국수,경기도 수원시 영통구 태장로 81 (망포동) 103호,37.2397824033964,127.05484136067,031-205-2006,옛날칼국수,8000원,,,가성비 옛날칼국수,8000,
P002069,착한가격업소,,세탁&목욕,동남사우나,"경기도 수원시 장안구 영화로25번길 22 (영화동, 태영아파트) .",37.289041918027,127.008009936713,031-243-6422,성인1회(찜질복 대여료 포함),11000원,,,가성비 성인1회(찜질복 대여료 포함),11000,
P002070,착한가격업소,,미용,블랙남성컷,"경기도 수원시 권선구 세권로 76 (세류동, 경일아파트) 105호",37.258430131707,127.012326861828,031-234-7585,커트,8000원,파마,30000원,가성비 커트,8000,30000.0
P002071,착한가격업소,,식당,도담칡냉면,경기도 수원시 장안구 수성로382번길 32-3 (영화동) .,37.2927058197689,127.014524078316,031-247-0925,냉면,7000원,,,가성비 냉면,7000,
P002072,착한가격업소,,미용,렛츠헤어,경기도 수원시 권선구 권광로27번길 51 (권선동) 1층,37.2511114266988,127.024392316046,,컷트,10000원,파마,35000원,가성비 컷트,10000,35000.0
P002073,착한가격업소,,기타,스튜디오 에이스,경기도 수원시 권선구 세권로 135-1 (권선동) .,37.2570547539706,127.019270861878,031-233-2553,디지털(4*6)인화 1매,500원,,,가성비 디지털(4*6)인화 1매,500,
P002074,착한가격업소,,식당,전주식당,경기도 수원시 장안구 수성로382번길 38-11 (영화동) .,37.2920527127571,127.01480488181,031-244-1717,칼국수,7000원,,,가성비 칼국수,7000,
P002075,착한가격업소,,기타,정사진실,경기도 수원시 권선구 매실로 49 (호매실동) 1층,37.2678460350168,126.956425408544,031-296-1171,반명함(16매),20000원,,,가성비 반명함(16매),20000,
P002076,착한가격업소,,세탁&목욕,주향불한증사우나,경기도 수원시 권선구 세지로 73 (세류동) .,37.2585723910674,127.017462532817,031-222-9858,성인1회(찜질복 대여료 포함),11000원,,,가성비 성인1회(찜질복 대여료 포함),11000,
P002077,착한가격업소,,식당,샐러디치오도씨 수원성대점,경기도 수원시 팔달구 덕영대로 899 (매산로1가) 101호,37.2681527488647,127.000312407984,031-205-5636,햄치즈샌드위치,6200원,,,가성비 햄치즈샌드위치,6200,
P002078,착한가격업소,,식당,파란풍차제과점,경기도 수원시 장안구 서부로2106번길 21 (율전동) 1층 4호,37.2972765504216,126.971356000777,031-296-9036,우유식빵,3800원,,,가성비 우유식빵,3800,
P002079,착한가격업소,,식당,광명수산 수원역점,"경기도 수원시 팔달구 팔달문로153번길 7 (우만동, 스타맨션) 1층 101호",37.2832015254244,127.032476713244,031-244-8899,활어회덮밥,8000원,,,가성비 활어회덮밥,8000,
P002080,착한가격업소,,식당,초이스시,경기도 수원시 권선구 하탑로 47 (탑동) 1층,37.2692981470486,126.976873905352,031-309-0707,초밥 A세트,14000원,,,가성비 초밥 A세트,14000,
P002081,착한가격업소,,카페,까페시모 우만점,경기도 수원시 영통구 태장로 73 (망포동) 202호,37.2393424862695,127.054312483521,031-304-0307,아메리카노,2500원,,,가성비 아메리카노,2500,
P002082,착한가격업소,,식당,꼼빠도르,경기도 수원시 팔달구 경수대로656번길 37-22 (우만동) 1층,37.285632886685,127.02974324606,031-243-0588,팥빵,2000원,,,가성비 팥빵,2000,
P002083,착한가격업소,,미용,박행님헤어샵,"경기도 수원시 팔달구 정조로 797-2 (팔달로2가) 101, 102호",37.2793296611015,127.016346393448,031-257-5944,성인커트,15000원,파마 ,40000원,가성비 성인커트,15000,40000.0
P002084,착한가격업소,,식당,빵마루,경기도 수원시 영통구 신원로 107 (신동) 104호,37.248175950721,127.053369560754,031-225-4507,팥빵,1700원,,,가성비 팥빵,1700,
P002085,착한가격업소,,기타,새로나 스튜디오,경기도 수원시 팔달구 세지로174번길 33 (인계동) 1층,37.2665582195242,127.023784670573,031-242-9484,반명함사진(18매),15000원,,,가성비 반명함사진(18매),15000,
P002086,착한가격업소,,기타,펀픽스,경기도 수원시 장안구 경수대로 965 (송죽동) 1층,37.3038563064767,127.005004837702,0507-1307-3631,iPhone15 후면유리 수리(정품인증),300000원,,,가성비 iPhone15 후면유리 수리(정품인증),300000,
P002087,착한가격업소,,식당,24시 전주국밥(콩마루),경기도 수원시 영통구 청명남로 46 (영통동) 1층,37.253442816446,127.076541974402,031-202-3324,콩나물국밥,6000원,콩나물비빔밥,7500원,가성비 콩나물국밥,6000,7500.0
P002088,착한가격업소,,식당,감스시,경기도 수원시 장안구 서부로2123번길 17 (율전동) 1층,37.2982149782068,126.970251123654,031-253-3302,오늘의 모듬초밥,13000원,,,가성비 오늘의 모듬초밥,13000,
P002089,착한가격업소,,식당,레알떡볶이,경기도 수원시 영통구 봉영로 1623 (영통동) 1층 133-2호,37.2559361671782,127.074734153872,0507-1311-8698,떡볶이,3000원,라면,3500원,가성비 떡볶이,3000,3500.0
P002090,착한가격업소,,식당,만두촌,경기도 수원시 권선구 하탑로 39 (탑동) 102호,37.2691559459657,126.975886654383,031-295-8798,고기찐만두(10개),5000원,김치찐만두(10개),5000원,가성비 고기찐만두(10개),5000,5000.0
P002091,착한가격업소,,식당,은하식당,경기도 수원시 영통구 청명남로50번길 20 (영통동) 1층,37.2531492211819,127.077565396581,0507-1338-8487,생삼겹살(600g),39000원,,,가성비 생삼겹살(600g),39000,
P002092,착한가격업소,,식당,황보네 분식,경기도 수원시 권선구 권광로 89 (권선동) .,37.2558715915652,127.029371840149,031-226-0137,황보네 김밥,2000원,떡볶이,2500원,가성비 황보네 김밥,2000,2500.0
P002093,착한가격업소,,식당,신화춘,경기도 수원시 장안구 송원로 83 (조원동) B동 108호,37.3024498719729,127.00952436569,031-207-0571,짬뽕,8500원,,,가성비 짬뽕,8500,
P002094,착한가격업소,,식당,영아네,경기도 수원시 영통구 중부대로256번길 54 (매탄동) .,37.272326995389,127.042604946239,,된장찌개,7000원,김치찌개,8000원,가성비 된장찌개,7000,8000.0
P002095,착한가격업소,,식당,오늘은 분식,"경기도 수원시 영통구 권광로260번길 36 (매탄동, 현대힐스테이트아파트) 상가2동 119호",37.2721364915926,127.041914258026,031-212-3849,떡볶이,3000원,김밥,3000원,가성비 떡볶이,3000,3000.0
P002096,착한가격업소,,카페,엘린컴퍼니,경기도 수원시 영통구 권선로882번길 71-5 (신동) 1층 105호,37.2473076922905,127.041986050021,070-8019-1225,아메리카노,3000원,일반마카롱,2300원,가성비 아메리카노,3000,2300.0
P002097,착한가격업소,,식당,궁돈보쌈,경기도 수원시 영통구 영통로241번길 12-35 (신동) 1층,37.2494372723592,127.057888142575,031-203-9399,보쌈(대),43000원,,,가성비 보쌈(대),43000,
P002098,착한가격업소,,식당,남문건강제분소,경기도 수원시 팔달구 창룡대로26번길 42-7 (남수동) 1층,37.2800265094172,127.01887551805,031-241-8002,콩나물국밥,6000원,,,가성비 콩나물국밥,6000,
P002099,착한가격업소,,식당,사랑이네 베트남쌀국수,경기도 수원시 장안구 조원로89번길 44-2 (조원동) 1층,37.2996831583369,127.013971625828,,쌀국수,5000원,,,가성비 쌀국수,5000,
P002100,착한가격업소,,식당,고운돈 79냉삼집,경기도 수원시 영통구 반달로 50 (영통동) 1층,37.2498257626938,127.077225762016,031-205-5678,냉삼겹(150g),7900원,,,가성비 냉삼겹(150g),7900,
P002101,착한가격업소,,식당,냉삼집,경기도 수원시 영통구 영통로214번길 9 (영통동) 106호,37.2465794618056,127.057637318689,031-206-3389,급랭삼겹살(200g),9900원,,,가성비 급랭삼겹살(200g),9900,
P002102,착한가격업소,,식당,웨이컬리(wakerley),"경기도 수원시 영통구 매탄로79번길 5-1, 1층 일부호 (매탄동)",37.2580892187128,127.041996316905,0507-1378-4820,녹차,3800원,,,가성비 녹차,3800,
P002103,착한가격업소,,식당,큰집 멸치국수,"경기도 수원시 권선구 세권로195번길 26, 1층 (권선동)",37.2564849477032,127.026234164416,031-305-5220,칼국수,7500원,,,가성비 칼국수,7500,
P002104,착한가격업소,,식당,국수명가,경기도 수원시 권선구 평동로79번길 45 (평동) 1층 154호,37.2598766368604,126.992777412725,031-242-8473,비빔밥,7000원,돈까스,8000원,가성비 비빔밥,7000,8000.0
P002105,착한가격업소,,식당,명랑꽈배기,경기도 수원시 권선구 하탑로 43 (탑동) 1층,37.2693035475054,126.976388091193,,찹쌀꽈배기(3개),2000원,팥도너츠(1개),1500원,가성비 찹쌀꽈배기(3개),2000,1500.0
P002106,착한가격업소,,세탁&목욕,세븐힐여성사우나,경기도 수원시 팔달구 중부대로 47 (지동) 지하1층,37.2757086235222,127.022070430208,031-244-0071,일반,9000원,소인,7000원,가성비 일반,9000,7000.0
P002107,착한가격업소,,세탁&목욕,우만목욕탕,경기도 수원시 팔달구 팔달문로163번길 49 (우만동),37.2848684926994,127.032312338856,031-258-4627,대인,9000원,소인,7000원,가성비 대인,9000,7000.0
P002108,착한가격업소,,세탁&목욕,원사우나,"경기도 수원시 팔달구 팔달문로139번길 11-4 (우만동, 한효우만타운아파트) 지하 1층",37.2832300139637,127.030730455256,031-246-1367,대인,9000원,소인,7000원,가성비 대인,9000,7000.0
P002109,착한가격업소,,식당,인성한식부페,경기도 수원시 팔달구 수성로157번길 49-8 (화서동) 1층,37.2882372863945,126.988634394458,031-268-3351,식사(성인),8000원,식사(초등학생),5000원,가성비 식사(성인),8000,5000.0
P002110,착한가격업소,,세탁&목욕,장안목욕탕,경기도 수원시 장안구 수원천로414번길 5 (연무동),37.2897547941178,127.019751722372,031-256-8358,일반,9000원,소인,7000원,가성비 일반,9000,7000.0
P002111,착한가격업소,,기타,정든사진관,경기도 수원시 권선구 정조로 452 (세류동),37.2496775283129,127.012754201566,031-236-6256,반명함(8매),15000원,사진인화료(4X6),500원,가성비 반명함(8매),15000,500.0
P002112,착한가격업소,,세탁&목욕,휴사우나,경기도 수원시 팔달구 장다리로 276 (인계동) 101호,37.2739696608255,127.028219567712,031-239-8810,대인,9000원,소인,7000원,가성비 대인,9000,7000.0
P002113,착한가격업소,,카페,몽뻬르베이커리카페,경기도 수원시 장안구 파장로 70 (파장동),37.3060704212555,126.993176364548,031-246-5474,아메리카노,2900원,소금빵,2700원,가성비 아메리카노,2900,2700.0
P002114,착한가격업소,,식당,소풍가는날,경기도 수원시 장안구 수성로261번길 25 (정자동),37.2908992286675,127.000173449329,031-252-7339,김밥,2000원,해물칼국수,6000원,가성비 김밥,2000,6000.0
P002115,착한가격업소,,카페,찐스뉴욕베이글,"경기도 수원시 장안구 경수대로894번길 14, 1층 (조원동, 대원주택)",37.3001919757327,127.01233209507,,플레인베이글,990원,아메리카노(HOT),990원,가성비 플레인베이글,990,990.0
P002116,착한가격업소,,카페,카페 이국,"경기도 수원시 장안구 서부로2126번길 30, 2호 (율전동, 삼전상가)",37.2977795976611,126.973274641039,031-308-6868,아메리카노,1800원,카페라떼,2900원,가성비 아메리카노,1800,2900.0
P002117,착한가격업소,,기타,다정사진관,"경기도 수원시 권선구 금호로 239, 1층 (구운동)",37.2758029032734,126.976227868407,031-255-1030 ,반명함(8매),15000원,,,가성비 반명함(8매),15000,
P002118,착한가격업소,,미용,(권선)컷트클럽,"경기도 수원시 권선구 금곡로 46, 나동 103호 (금곡동)",37.2714183047275,126.939250994367,031-297-2979,커트,9000원,여성커트,10000원,가성비 커트,9000,10000.0
P002119,착한가격업소,,카페,Bestie(베스티),"경기도 수원시 권선구 권광로 87, 2층 (권선동)",37.2557366289391,127.029316665982,031-221-2034,아메리카노,2500원,,,가성비 아메리카노,2500,
P002120,착한가격업소,,식당,찬솔김밥,"경기도 수원시 팔달구 행궁로 110, 1층 (교동)",37.2728403377884,127.015912147102,031-242-1609,김밥,3000원,떡볶이,3000원,가성비 김밥,3000,3000.0
P002121,착한가격업소,,식당,서울한우 홈플러스 북수원점,"경기도 수원시 장안구 경수대로 930, 1층 X3YC호 (조원등, 삼성홈플러스)",37.302770156247,127.008801286183,031-241-9680,얼큰한우국밥,9900원,,,가성비 얼큰한우국밥,9900,
P002122,착한가격업소,,기타,광교스카이홀루프탑파티룸,"경기도 수원시 장안구 광교산로 160, 4층 (하광교동, 다복빌딩)",37.3015361957028,127.031840667176,,"공간대여(낮타임,평일)",90000원,,,"가성비 공간대여(낮타임,평일)",90000,
P002123,착한가격업소,,식당,뒷골목(괜찮은 푸드),경기도 수원시 권선구 칠보로241번길 11-4 (호매실동),37.2697115528348,126.95869241022,031-227-2225,보쌈2인(사골육수전골),20000원,,,가성비 보쌈2인(사골육수전골),20000,
P002124,착한가격업소,,식당,대왕칼국수,경기도 수원시 팔달구 창룡대로7번길 11 (북수동),37.2824592464718,127.017572243545,031-252-2820,칼국수 보통,6000원,칼국수 중특,6000원,가성비 칼국수 보통,6000,6000.0
P002125,착한가격업소,,카페,원두,"경기도 수원시 팔달구 경수대로446번길 62, 1층 (인계동)",37.2649686580992,127.029894189469,031-236-3533,HOT 아메리카노,2500원,ICE 아메리카노,2500원,가성비 HOT 아메리카노,2500,2500.0
P002126,착한가격업소,,기타,판앤펀(FaN&FuN),"경기도 수원시 팔달구 행궁로 35, 101호 (남창동)",37.279444607859,127.015188047119,,빠른 캐리커쳐(흑백),4000원,,,가성비 빠른 캐리커쳐(흑백),4000,
P002127,착한가격업소,,식당,민속왕순대,"경기도 수원시 영통구 매탄로 61, 1층 (매탄동)",37.2567039866107,127.041136358777,031-238-5862,순대국밥,9000원,,,가성비 순대국밥,9000,
P002128,착한가격업소,,미용,아줄레주미용실,"경기도 수원시 영통구 반달로35번길 30, 아이파크상가 323호 (영통동)",37.2517808748298,127.07746040642,031-204-4090,남성커트,10000원,여성커트,12000원,가성비 남성커트,10000,12000.0
P002129,착한가격업소,,식당,부자치킨,"경기도 수원시 장안구 조원로89번길 25, 1층 (조원동)",37.3001090594226,127.014866803234,031-241-2777,후라이드치킨,13000원,양념치킨,15000원,가성비 후라이드치킨,13000,15000.0
P002130,착한가격업소,,기타,평동골프존,"경기도 수원시 권선구 매송고색로 895-1, 3층, 4층 (평동, 중심빌딩)",37.2604095419772,126.998338466304,031-298-2555,스크린 평일오전,12000원,,,가성비 스크린 평일오전,12000,
P002131,착한가격업소,,식당,혼마초밥,"경기도 수원시 팔달구 덕영대로697번길 7, 1층 19, 20, 21호 (화서동, 아트프라자)",37.2848571193497,126.990567727133,031-242-0777,모둠초밥(10p),14000원,,,가성비 모둠초밥(10p),14000,
P002132,착한가격업소,,식당,짜오띵,"경기도 수원시 팔달구 행궁로 108, 1층 (교동)",37.2729223390968,127.015863005763,031-245-4549,짜장면,5000원,,,가성비 짜장면,5000,
P002133,착한가격업소,,식당,가치있는밥상,"경기도 수원시 영통구 월드컵로179번길 14-2, 1층 (원천동)",37.2781948904386,127.045380607929,031-221-5581,김치찌개,8000원,청국장,8000원,가성비 김치찌개,8000,8000.0
P002134,착한가격업소,,식당,오마카세 스시이찌 수원신동점,"경기도 수원시 영통구 권선로 882번길 31-51, 1층 102호 (신동)",37.2472546886191,127.043788942813,031-205-5801,런치 오마카세,28000원,디너 오마카세,38000원,가성비 런치 오마카세,28000,38000.0
P002135,착한가격업소,,기타,경희당구클럽,"경기도 수원시 영통구 덕영대로 1707, 4층 (영통동)",37.2479852830087,127.078197038186,,10분,1000원,1시간,6000원,가성비 10분,1000,6000.0
P002136,착한가격업소,,식당,장인화로 만석공원점,"경기도 수원시 장안구 정조로 1092, 1층 (송죽동)",37.302589343461,127.002741555171,031-247-9999,소갈비살(180g),18000원,,,가성비 소갈비살(180g),18000,
P002137,착한가격업소,,기타,제니스짐,"경기도 수원시 팔달구 덕영대로 905, 1103호 (매산로1가, 아이메카상가)",37.2678871208946,127.00056134027,031-245-0911,3개월 이용권,176000원,12개월 이용권,396000원,가성비 3개월 이용권,176000,396000.0
P002138,착한가격업소,,식당,이팔사팔,"경기도 수원시 팔달구 고매로1, 2층 203호 (고등동, 엘리시아)",37.269970167553,127.004138406016,031-296-2848,수입 소갈비살(340g),28000원,,,가성비 수입 소갈비살(340g),28000,
P002139,착한가격업소,,식당,서서김밥,"경기도 수원시 영통구 매영로 33, 1층 (매탄동)",37.2696023205218,127.046481470379,031-214-6330,야채김밥,3000원,라면,3000원,가성비 야채김밥,3000,3000.0
P002140,착한가격업소,,식당,수원식당,경기도 수원시 권선구 권광로123번길 35 (권선동),37.2592319490833,127.028606026335,031-235-3502,된장찌개,8000원,,,가성비 된장찌개,8000,
P002141,착한가격업소,,세탁&목욕,늘하얀세탁소,경기도 수원시 팔달구 화양로68번길 61 (화서동),37.2818250173151,126.997320089856,031-242-5554,드라이클리닝(신사복),8000원,수선료(바지밑단),4000원,가성비 드라이클리닝(신사복),8000,4000.0
P002142,착한가격업소,,기타,바디프로젝트30,"경기도 수원시 영통구 인계로 212, 3층 (매탄동)",37.2650712394253,127.040640130167,031-212-7505,그룹 1개월 멤버쉽(헬스&20회),250000원,,,가성비 그룹 1개월 멤버쉽(헬스&20회),250000,
P002143,착한가격업소,,세탁&목욕,동아사우나,경기도 수원시 영통구 매여울로40번길 45 (매탄동),37.2727443891937,127.047494082233,031-214-3537,일반 입욕비,10000원,,,가성비 일반 입욕비,10000,
P002144,착한가격업소,,카페,언더기,"경기도 수원시 장안구 송정로182번길 24, 1층 101호 (조원동)",37.2977192407446,127.016872909969,070-8620-3711,아메리카노,3000원,플레인 피낭시에,1800원,가성비 아메리카노,3000,1800.0
P002145,착한가격업소,,카페,카페야경,경기도 수원시 팔달구 창룡대로 7 (북수동),37.2820679549423,127.017369856258,031-891-5388,아메리카노,2500원,,,가성비 아메리카노,2500,
P002146,착한가격업소,,식당,포청천,"경기도 수원시 장안구 대평로90번길 32, 134, 135호 (정자동)",37.2964756282135,126.994613989524,031-268-2134,짜장면,6500원,탕수육(기본),19000원,가성비 짜장면,6500,19000.0
P002147,착한가격업소,,식당,청년밥상,"경기도 수원시 장안구 서부로2136번길 10, 1층 (율전동)",37.2986025695764,126.972725300836,031-298-1822,해물 된장찌개,7000원,차돌박이 순두부찌개,7000원,가성비 해물 된장찌개,7000,7000.0
P002148,착한가격업소,,식당,홍가네면집,경기도 수원시 장안구 수성로350번길 18 (영화동),37.2922361540811,127.010719087526,031-246-7707,칼국수,8000원,물냉면,8000원,가성비 칼국수,8000,8000.0
P002149,착한가격업소,,카페,러너커피로스터스,"경기도 수원시 장안구 만석로209번길 12, 1층 (송죽동)",37.3054024982506,127.000629523137,,아메리카노,2500원,카페라떼,3500원,가성비 아메리카노,2500,3500.0
P002150,착한가격업소,,식당,통큰소한마리돼지한마리,"경기도 수원시 장안구 팔달로291번길 21-4, 1층 (영화동)",37.2914337146915,127.015393680411,031-251-4870,큰소한마리(1kg),72000원,큰돼지한마리(1kg),55000원,가성비 큰소한마리(1kg),72000,55000.0
P002151,착한가격업소,,기타,블럭앤키즈 화서점,"경기도 수원시 팔달구 일월로22번길 22-5, 301호 (화서동, 서수원프라자)",37.2858307796311,126.981412283074,031-292-9265,블럭방(1시간),7000원,비즈(1개),무료,가성비 블럭방(1시간),7000,0.0
P002152,착한가격업소,,식당,영빈반점,경기도 수원시 팔달구 월드컵로311번길 21 (우만동),37.2853644073583,127.033667115682,031-244-9824,짜장면,7000원,짬뽕,8000원,가성비 짜장면,7000,8000.0
P002153,착한가격업소,,식당,신흥원,"경기도 수원시 팔달구 창룡대로 90, 1층 (남수동)",37.2864049186195,127.02365390111,0507-1474-9127,짜장면,6000원,짬뽕,7000원,가성비 짜장면,6000,7000.0
P002154,착한가격업소,,식당,짜장맛좀볼래요(인사맨),"경기도 수원시 팔달구 아주로 9 (우만동, 용성빌딩 1층)",37.2757775772246,127.043711873392,031-211-0101,짜장면,5000원,짬뽕,6000원,가성비 짜장면,5000,6000.0
P002155,착한가격업소,,식당,센미스시,"경기도 수원시 영통구 매여울로40번길 37, 1층 (매탄동)",37.2725838940132,127.047092596536,031-8019-5534,센미A초밥(10p),14000원,,,가성비 센미A초밥(10p),14000,
P002156,착한가격업소,,식당,소담찬(소담),"경기도 수원시 영통구 매원로 26, 가동 1층 (매탄동)",37.2660095964573,127.048943956852,031-211-3633,한식뷔페,8000원,,,가성비 한식뷔페,8000,
P002157,착한가격업소,,식당,소가주는행복,"경기도 수원시 영통구 매영로35번길5, 1층 101호 (매탄동)",37.2697099116028,127.046693270267,031-211-0707,등심(150g),19000원,갈비살 2인 커플(500g),48000원,가성비 등심(150g),19000,48000.0
P002158,착한가격업소,,식당,구름빵집,"경기도 수원시 장안구 이목로 24, 603동 1층 114호 (정자동, 수원 SK SKY VIEW)",37.3093751892028,126.983517493049,031-211-0707,단팥빵,2000원,우유식빵,4000원,가성비 단팥빵,2000,4000.0
P002159,착한가격업소,,식당,뚱보네 꽈배기,"경기도 수원시 장안구 경수대로1081번길 39, 1층 (파장동)",37.3077293982472,126.993008479508,031-223-7727,꽈배기(3개),2000원,고로케,1500원,가성비 꽈배기(3개),2000,1500.0
P002160,착한가격업소,,식당,몽상가옥,"경기도 수원시 팔달구 화서문로32번길 13-8, 1층 (신풍동)",37.2846337556166,127.012331021816,0507-1489-1202,상하이오일파스타,15000원,트러플크림리조또,15000원,가성비 상하이오일파스타,15000,15000.0
P002161,착한가격업소,,식당,대복식당,경기도 수원시 장안구 파장천로12번길 14 (파장동),37.3064365985544,126.994892005715,070-8244-8345,한식뷔페,6000원,,,가성비 한식뷔페,6000,
P002162,착한가격업소,,카페,데일리샌듀(DailySandew),"경기도 수원시 영통구 광교중앙로248번길95-1, 102호 (하동)",37.2915325583808,127.068364189483,031-238-2080,단호박샌드위치,7000원,아메리카노,3000원,가성비 단호박샌드위치,7000,3000.0
P002163,착한가격업소,,미용,헤어짱,"경기도 수원시 권선구 고현로5번길 16, 2층 (고색동)",37.248431954963,126.986703860877,,컷트(남녀동일),10000원,,,가성비 컷트(남녀동일),10000,
P002164,착한가격업소,,미용,송원헤어샵,경기도 수원시 장안구 파장천로12번길 14 (파장동),37.3064365985544,126.994892005715,031-297-0015,컷트(남여동일),7000원,컷트(경로우대 70세 이상),6000원,가성비 컷트(남여동일),7000,6000.0
P002165,착한가격업소,,세탁&목욕,광명사세탁소,경기도 고양시 덕양구 혜음로 29-12 (고양동),37.7034398234476,126.901208930378,031-963-9905,신사복상하,8000원,하의밑단줄임,3000원,가성비 신사복상하,8000,3000.0
P002166,착한가격업소,,미용,협동이용원,"경기도 고양시 덕양구 혜음로 32, 상가동 1층 109호 (고양동, 삼성아파트 상가동)",37.7033702797061,126.902304105639,031-964-1081,남자커트,8000원,염색,10000원,가성비 남자커트,8000,10000.0
P002167,착한가격업소,,미용,정미용실,경기도 고양시 덕양구 통일로 781 (관산동),37.687828140781,126.863598039208,031-963-7423,여자커트,15000원,일반펌,40000원,가성비 여자커트,15000,40000.0
P002168,착한가격업소,,식당,홍능골가든,경기도 고양시 덕양구 호국로 1268-7 (신원동),37.6765448104028,126.877442694281,02-381-0323,돼지갈비100g,5333원,,,가성비 돼지갈비100g,5333,
P002169,착한가격업소,,기타,에바다탁구장,"경기도 고양시 덕양구 마상로169, B01호 (성사동, 풍산빌딩)",37.6579168325262,126.841154668534,,월레슨,120000원,월회비,50000원,가성비 월레슨,120000,50000.0
P002170,착한가격업소,,기타,동양볼링장,"경기도 고양시 덕양구 호국로 816, 4층 (성사동, 동양빌딩)",37.6580899280365,126.838381369035,031-965-5005,1게임(일반),4000원,,,가성비 1게임(일반),4000,
P002171,착한가격업소,,식당,원당식빵,"경기도 고양시 덕양구 호국로812번길 15, 1 (일부)층 (성사동)",37.6577429834323,126.838793389639,031-813-7727,단팥빵,1500원,소보로빵,1500원,가성비 단팥빵,1500,1500.0
P002172,착한가격업소,,식당,황실짜장,"경기도 고양시 덕양구 호국로812번길 20, 101호 일부, 102호 일부 (성사동)",37.6574616992045,126.838926818124,031-967-7887,자장면,6000원,짬뽕,8000원,가성비 자장면,6000,8000.0
P002173,착한가격업소,,식당,진국수,"경기도 고양시 덕양구 호국로812번길 2, 1 (일부)층 (성사동)",37.6578652346386,126.838126753594,031-966-9440,잔치국수,6500원,,,가성비 잔치국수,6500,
P002174,착한가격업소,,카페,진커피,"경기도 고양시 덕양구 지도로 100, 112호 (토당동, 파워프라자)",37.6260883105179,126.824057521925,031-978-9698,아메리카노,2500원,카페라떼,3200원,가성비 아메리카노,2500,3200.0
P002175,착한가격업소,,식당,짱구분식,"경기도 고양시 덕양구 지도로 82 (토당동, 휠탑빌라드)",37.6244327132505,126.824456989972,031-971-8837,김밥,3500원,라면,4000원,가성비 김밥,3500,4000.0
P002176,착한가격업소,,식당,조선칼제비,"경기도 고양시 덕양구 토당로 115, 1층 116호 (토당동, 금호프라자)",37.6254193067706,126.816994100529,031-938-5174,칼국수,8000원,,,가성비 칼국수,8000,
P002177,착한가격업소,,세탁&목욕,월드사우나,"경기도 고양시 덕양구 고양대로1315번길 86-18, 2층~4층 (주교동)",37.6594361781522,126.830739834278,031-966-3022,대인,9000원,소인,6000원,가성비 대인,9000,6000.0
P002178,착한가격업소,,식당,영심이,"경기도 고양시 덕양구 마상로 140번길 2, 1층 (주교동, 화성빌딩)",37.6592664701361,126.838017293786,031-964-1220,떡볶이,4000원,칼국수,7000원,가성비 떡볶이,4000,7000.0
P002179,착한가격업소,,식당,후's돈,"경기도 고양시 덕양구 마상로140번길 81, 1층 (주교동, 중경빌딩)",37.6563804567281,126.835162075538,031-972-9229,삼겹살100g,7500원,돼지갈비100g,5200원,가성비 삼겹살100g,7500,5200.0
P002180,착한가격업소,,카페,라브리,"경기도 고양시 덕양구 원당로33번길 42-15, 1층 (주교동)",37.6582018826349,126.830836246191,031-969-5022,아메리카노,2500원,카페라떼,3500원,가성비 아메리카노,2500,3500.0
P002181,착한가격업소,,미용,클럽클럽,"경기도 고양시 덕양구 호국로789번길 6, 1층 103호 (주교동, 중앙빌딩)",37.6569880283436,126.836096021601,031-969-5435,남자커트,8000원,여자커트,8000원,가성비 남자커트,8000,8000.0
P002182,착한가격업소,,기타,킹 당구클럽,"경기도 고양시 덕양구 무원로6번길 36, 3층 301~303호 (행신동, 남정씨티프라자6차)",37.614046396156,126.833718262095,,1시간,9000원,,,가성비 1시간,9000,
P002183,착한가격업소,,기타,준탁구클럽,"경기도 고양시 덕양구 용현로5번길 24, 207호 (행신동, 백산오피스텔)",37.6135321883809,126.834992009961,031-972-3979,월레슨,130000원,월회비,70000원,가성비 월레슨,130000,70000.0
P002184,착한가격업소,,식당,김밥천사,"경기도 고양시 덕양구 충경로 38, 1층 105호 (행신동, 진일프라자)",37.6152019018014,126.833710478936,031-972-3004,김밥,3500원,라면,4000원,가성비 김밥,3500,4000.0
P002185,착한가격업소,,식당,한라산똥돼지,경기도 고양시 일산동구 강송로 113번길 7-9 (백석동),37.6488024953275,126.786910612433,031-901-0304,삼겹살100g,7500원,돼지갈비100g,4333원,가성비 삼겹살100g,7500,4333.0
P002186,착한가격업소,,식당,먹거리횟집,"경기도 고양시 일산동구 백석로108번길 6-14, 1층 (백석동)",37.6485708318108,126.788601583957,031-907-3880,광어(중),30000원,우럭(중),30000원,가성비 광어(중),30000,30000.0
P002187,착한가격업소,,식당,홍두깨손칼국수,"경기도 고양시 일산동구 중앙로 1275번길 38-10, 105-1호 (장항동, 우림로데오스위트)",37.659914452377,126.770892649054,031-907-8855,칼국수,6000원,잔치국수,5000원,가성비 칼국수,6000,5000.0
P002188,착한가격업소,,식당,옛날칼국수,"경기도 고양시 일산동구 산두로 269-19, 1층 (정발산동)",37.6747062896805,126.777109645271,031-922-0277,칼국수,5000원,,,가성비 칼국수,5000,
P002189,착한가격업소,,식당,삼파전,"경기도 고양시 일산동구 탄중로 311-16 (중산동, 한진프라자 106호)",37.6942081209285,126.78014506906,031-977-5721,삼겹살100g,6500원,비빕밥,8000원,가성비 삼겹살100g,6500,8000.0
P002190,착한가격업소,,식당,황태나라,"경기도 고양시 일산동구 숲속마을1로48번길 35, 1층 상가 (풍동)",37.6667163257248,126.800829478393,031-905-0304,된장찌개,8000원,,,가성비 된장찌개,8000,
P002191,착한가격업소,,식당,황금콩짜장,"경기도 고양시 일산서구 송산로 343, 101호, 102호 (가좌동, 송포프라자)",37.6841330643554,126.717124002649,031-923-8911,자장면,6000원,짬뽕,7500원,가성비 자장면,6000,7500.0
P002192,착한가격업소,,식당,기분좋은집,"경기도 고양시 일산서구 중앙로 1547, 109호 (대화동, KINTEX ZONE)",37.6748086561938,126.74954886289,031-913-5720,김밥,3500원,라볶이,5500원,가성비 김밥,3500,5500.0
P002193,착한가격업소,,식당,일산갈비,"경기도 고양시 일산서구 고양대로672번길 11, 1층 (일산동)",37.6836494461578,126.77056300179,031-977-7719,삼겹살100g,7000원,돼지갈비100g,4400원,가성비 삼겹살100g,7000,4400.0
P002194,착한가격업소,,식당,일산돈가스,경기도 고양시 일산서구 일중로 67-6 (일산동),37.6858701555721,126.774997017033,031-975-1123,한식뷔페,7000원,,,가성비 한식뷔페,7000,
P002195,착한가격업소,,식당,코끼리김밥,"경기도 고양시 일산서구 강선로 59, 107호 (주엽동, 동신파크빌딩)",37.6695269076404,126.764307728468,031-915-8188,김밥,3500원,라면,4000원,가성비 김밥,3500,4000.0
P002196,착한가격업소,,미용,우정헤어센스,"경기도 고양시 일산서구 대산로 187, 상가동 123호 (주엽동, 문촌마을6단지)",37.6770046291032,126.757360426671,031-919-3932,남자커트,10000원,염색,35000원,가성비 남자커트,10000,35000.0
P002197,착한가격업소,,미용,레디퀸미용실,"경기도 고양시 일산서구 중앙로 1371, 93-1호 1층 (주엽동, 강선마을)",37.6671243360506,126.765471646111,031-913-1599,여자커트,15000원,남자커트,12000원,가성비 여자커트,15000,12000.0
P002198,착한가격업소,,식당,맛있는집,"경기도 고양시 일산서구 중앙로 1388, 403호 (주엽동, 태영프라자)",37.6683495423281,126.765680991413,031-911-8286,된장찌개,8000원,순두부찌개,8000원,가성비 된장찌개,8000,8000.0
P002199,착한가격업소,,식당,신김밥천국,"경기도 고양시 덕양구 도래울1로 57, 1층 (도내동)",37.6286551593458,126.869125768532,031-966-1478,김밥,2500원,,,가성비 김밥,2500,
P002200,착한가격업소,,기타,킹스크린골프,"경기도 고양시 일산동구 고봉로 32-12, 5층 501~504호 (장항동)",37.6643934379853,126.765773331567,031-912-0753,주중 오전 11시이전,12000원,주중 오후 2시이전,15000원,가성비 주중 오전 11시이전,12000,15000.0
P002201,착한가격업소,,식당,송송푸드,"경기도 고양시 일산동구 중앙로 1322, 1층 111-1호 (정발산동)",37.6636768854432,126.770816710089,0507-1372-8706,라면,4000원,,,가성비 라면,4000,
P002202,착한가격업소,,미용,까까 보까!,"경기도 고양시 일산서구 고양대로 719-12, 상가동 1층 106호 (일산동)",37.6839826397391,126.776576155166,031-975-4613,남성커트,5000원,,,가성비 남성커트,5000,
P002203,착한가격업소,,미용,오병이어 커트하우스,"경기도 고양시 일산서구 중앙로 1391, 1층 제에스-12호 (주엽동, 레이크쇼핑타운)",37.6679637231098,126.764630034382,031-918-2304,남자 커트,9000원,여자 커트,12000원,가성비 남자 커트,9000,12000.0
P002204,착한가격업소,,식당,온담김밥,"경기도 고양시 덕양구 동송로 70, 1층 147호 (삼송동, 힐스테이트 삼송역 판매시설)",37.6526798112838,126.896113096163,02-381-9893,김밥,3500원,,,가성비 김밥,3500,
P002205,착한가격업소,,기타,어울림탁구장,"경기도 고양시 덕양구 원당로33번길 11, 301호 (주교동)",37.6566374025653,126.831517149083,031-966-0786,월회비,70000원,,,가성비 월회비,70000,
P002206,착한가격업소,,식당,삼원각,"경기도 고양시 덕양구 삼원로 2, 101, 102호 (삼송동)",37.6451579161333,126.877480911566,02-371-3797,짜장면,5000원,짬뽕,6000원,가성비 짜장면,5000,6000.0
P002207,착한가격업소,,기타,대화역 사진관(subway photo),"경기도 고양시 일산서구 중앙로 1569, 지하1층 (대화동, 대화역)",37.675954868441,126.747305098166,070-4369-1569,반명함사진(8매),20000원,여권사진(6매),20000원,가성비 반명함사진(8매),20000,20000.0
P002208,착한가격업소,,기타,짐나지움 리틀&스위머스 탄,"경기도 고양시 일산서구 일현로 140, 401호 (탄현동)",37.7001466136168,126.765548173106,031-919-9696,성인수영반 월 레슨비(주4회),130000원,어린이수영반 월 레슨비(주1회),120000원,가성비 성인수영반 월 레슨비(주4회),130000,120000.0
P002209,착한가격업소,,식당,한그릇뚝딱,"경기도 고양시 일산동구 중앙로1275번길 38-5, 106호 (장항동)",37.6594694581199,126.770382781108,031-904-2404,김치찌개,8000원,,,가성비 김치찌개,8000,
P002210,착한가격업소,,식당,빵이랑,"경기도 고양시 덕양구 고양대로1384번길 6, 상가동 1층 9호 (성사동)",37.6539994959491,126.837153431592,031-966-6452,생크림케이크,13000원,단팥빵,1200원,가성비 생크림케이크,13000,1200.0
P002211,착한가격업소,,식당,김치찌개찌개,"경기도 고양시 덕양구 화신로 259, 1층 101호 (화정동)",37.6304152116174,126.832419104114,031-938-0636,김치찌개,8500원,,,가성비 김치찌개,8500,
P002212,착한가격업소,,식당,일오닭갈비,"경기도 고양시 일산동구 중앙로 1305-56, 201호 (장항동, 라페스타D동)",37.6610286903147,126.76830760753,031-905-9915,"닭갈비(1인분,200g)",10500원,,,"가성비 닭갈비(1인분,200g)",10500,
P002213,착한가격업소,,식당,따뜻한 밥상 백석,"경기도 고양시 일산동구 백석로108번길 12, 1층 일부호 (백석동)",37.6484787274429,126.789495100682,0507-1491-9042,김치찌개,3000원,,,가성비 김치찌개,3000,
P002214,착한가격업소,,미용,에그래쉬 앤 네일,"경기도 고양시 일산동구 중앙로 1130, 상가동 C동 219호 (마두동, 강촌마을6단지아파트)",37.6501177027389,126.780207120567,0507-1331-0663,손 기본케어,15000원,속눈썹 연장,30000원,가성비 손 기본케어,15000,30000.0
P002215,착한가격업소,,기타,라이프바디짐,경기도 고양시 일산동구 정발산로196번길 7-5 (마두동),37.663189138432,126.787440029882,031-994-5774,헬스장 이용권(12개월),240000원,,,가성비 헬스장 이용권(12개월),240000,
P002216,착한가격업소,,미용,네일도 반가워,"경기도 고양시 일산서구 킨텍스로 308, 상가동 109-1호 (주엽동, 문촌마을)",37.6720864807178,126.753501344884,031-925-6200,손 기본케어,15000원,손젤 원컬러,35000원,가성비 손 기본케어,15000,35000.0
P002217,착한가격업소,,기타,크로스핏스틸,"경기도 고양시 덕양구 신도3길 86, 1층 (삼송동)",37.6505646500889,126.891395009198,0507-1361-2945,크로스핏멤버십 1개월(그룹pt+일반이용권),200000원,,,가성비 크로스핏멤버십 1개월(그룹pt+일반이용권),200000,
P002218,착한가격업소,,식당,두리반찬,"경기도 고양시 일산동구 고봉로 20-21, 117호 (장항동, 양우로데오랜드)",37.663672082671,126.765712129379,031-917-8789,반찬(두부조림),3000원,반찬(도라지초무침),3000원,가성비 반찬(두부조림),3000,3000.0
P002219,착한가격업소,,식당,팬브레드 PANBREAD,"경기도 고양시 덕양구 흥도로417번길 10-17, 1, 2층 (성사동)",37.6423957711046,126.850232297213,0507-1402-2174,새우 크림 파스타,13000원,,,가성비 새우 크림 파스타,13000,
P002220,착한가격업소,,식당,냉동삼겹살,"경기도 고양시 일산동구 중앙로1261번길 17, 2층 201호 (장항동, 라고프라자)",37.6580203327856,126.772808057261,031-975-3535,김치찌개,8000원,된장찌개,8000원,가성비 김치찌개,8000,8000.0
P002221,착한가격업소,,기타,고양 풀스윙 배팅센터,"경기도 고양시 덕양구 중앙로78번안길 119, 비동 (화전동)",37.6002700309314,126.875243759351,,야구 배팅 이용료,2000원,,,가성비 야구 배팅 이용료,2000,
P002222,착한가격업소,,식당,오늘도 응원할게,"경기도 고양시 덕양구 동송로 33, 상가동 1층 27호 (동산동, 이편한세상시티삼송)",37.6490641128528,126.896975022417,,김치삼겹제육덮밥,9300원,,,가성비 김치삼겹제육덮밥,9300,
P002223,착한가격업소,,식당,오늘은 바다,"경기도 고양시 일산서구 대화로 136, 103호 (대화동, 대성프라자)",37.67062483046,126.735293916334,,연어초밥,15000원,대삼치구이,14000원,가성비 연어초밥,15000,14000.0
P002224,착한가격업소,,식당,양푼이생태탕,"경기도 고양시 일산서구 탄중로221번길 13, 1층 (탄현동)",37.6939309022068,126.769441711845,031-919-1526,생태찌개,16000원,,,가성비 생태찌개,16000,
P002225,착한가격업소,,식당,순이네연탄갈비,"경기도 고양시 일산서구 탄중로221번길 16 (탄현동, 1층 상가)",37.694099583968,126.769682129544,031-911-9092,돼지갈비250g,15000원,한우육회200g,24000원,가성비 돼지갈비250g,15000,24000.0
P002226,착한가격업소,,식당,아하푸드,"경기도 고양시 일산동구 무궁화로 32-34, 라페스타c동 117호 (장항동)",37.6613188687547,126.76879891373,0507-1324-6846,떡볶이,4000원,순대,4000원,가성비 떡볶이,4000,4000.0
P002227,착한가격업소,,미용,(sky)커트클럽,"경기도 고양시 일산서구 강선로 152, 106호 (일산동, 두레빌딩)",37.6764825814745,126.769846100559,031-923-8288,남자커트,5000원,커트 및 염색,10000원,가성비 남자커트,5000,10000.0
P002228,착한가격업소,,식당,따뜻한 밥상 행신점,"경기도 고양시 덕양구 무원로54번길 7-20, 1층 (행신동)",37.6185495413629,126.832960093347,0507-1411-0948,김치찌개,3000원,,,가성비 김치찌개,3000,
P002229,착한가격업소,,기타,일산SK클라이밍,"경기도 고양시 일산동구 일산로286번길 13-5 (마두동, 지층)",37.6618219403709,126.78661307341,,베이직 기초강습(1개월),66000원,자유운동(1개월),88000원,가성비 베이직 기초강습(1개월),66000,88000.0
P002230,착한가격업소,,식당,뚝방길생두루치기,"경기도 고양시 덕양구 무원로6번길 12, 대흥빌딩 101~102호 (행신동)",37.6130690857226,126.833201138811,031-978-7892,김치전골(2인),18000원,,,가성비 김치전골(2인),18000,
P002231,착한가격업소,,식당,뚝심,"경기도 고양시 덕양구 화중로138번길 4, 1층 (화정동)",37.6393105918135,126.832454529717,0507-1464-9220,샤브샤브,6900원,덮밥(규동),7900원,가성비 샤브샤브,6900,7900.0
P002232,착한가격업소,,식당,친친,"경기도 고양시 일산동구 숲속마을1로 62-10, 1층 (풍동)",37.6663735667529,126.800653808406,031-908-2500,짜장면,6500원,짬뽕,8500원,가성비 짜장면,6500,8500.0
P002233,착한가격업소,,식당,상현스시,"경기도 고양시 일산서구 탄중로221번길 10, 1층 (탄현동)",37.6938556376355,126.769747512506,031-911-5407,연어회(소),25000원,연어+광어회(소),25000원,가성비 연어회(소),25000,25000.0
P002234,착한가격업소,,미용,살롱드헤어베리,"경기도 고양시 덕양구 도래울로 54, 2층 203호 (도내동)",37.6306827129164,126.869591788846,031-967-2026,커트(여성),15000원,일반펌,44000원,가성비 커트(여성),15000,44000.0
P002235,착한가격업소,,식당,비스트로 케이(Bistro K),"경기도 고양시 덕양구 토당로 105, 근린생활시설동 1층 106호 (토당동)",37.6246372480964,126.816643949728,0507-1416-3175,파스타,11900원,피자,14900원,가성비 파스타,11900,14900.0
P002236,착한가격업소,,식당,원당칼국수,"경기도 고양시 덕양구 호국로 808, 103호 (성사동)",37.6577793345656,126.837837726033,031-962-2227,칼국수,6000원,냉면,7000원,가성비 칼국수,6000,7000.0
P002237,착한가격업소,,식당,금석오리,"경기도 고양시 덕양구 꽃내음2길 50-2, 1층 (향동동)",37.6026026047579,126.891178148989,02-6449-0031,청국장,8000원,,,가성비 청국장,8000,
P002238,착한가격업소,,식당,진가마솥돼지국밥,"경기도 고양시 일산동구 일산로 142, 1층 103호 (백석동)",37.6499235464051,126.793731208213,031-905-7400,돼지국밥,9000원,순대국밥,9000원,가성비 돼지국밥,9000,9000.0
P002239,착한가격업소,,식당,흡이족발,"경기도 고양시 일산서구 킨텍스로 289, 1층 101호 (대화동)",37.6710653092733,126.751995488189,031-922-7705,족발(중),30900원,,,가성비 족발(중),30900,
P002240,착한가격업소,,식당,소미쌈밥명가,"경기도 고양시 일산동구 위시티1로 6-27, 1동 1층 104호 (식사동)",37.6745925865224,126.80844201947,031-966-1333,시래기국밥,8000원,고등어구이,12000원,가성비 시래기국밥,8000,12000.0
P002241,착한가격업소,,기타,와이제이컴퍼니(YJ COMPANY),"경기도 고양시 일산동구 일산로 452, 304호 (정발산동)",37.6740441266291,126.776948397622,0507-1391-0647,증명사진(8매),20000원,여권사진(8매),20000원,가성비 증명사진(8매),20000,20000.0
P002242,착한가격업소,,기타,정감디자인스튜디오,"경기도 고양시 일산동구 정발산로 15, 6층 605호 (장항동)",37.6564133865908,126.77054892289,031-903-3600,프로필사진,70000원,증명사진(8매),25000원,가성비 프로필사진,70000,25000.0
P002243,착한가격업소,,식당,가온베이커리,"경기도 고양시 일산서구 호수로 844, 1층 103호 (대화동)",37.6702481474045,126.74919513152,0507-1326-7661,소금빵,2200원,플레인스콘,2800원,가성비 소금빵,2200,2800.0
P002244,착한가격업소,,기타,버블펫,"경기도 고양시 일산동구 정발산로 24, 2층 A-263호 (장항동)",37.6558964094856,126.772038816453,070-8657-2853,애견목욕(3kg이하),20000원,애견미용(3kg이하),40000원,가성비 애견목욕(3kg이하),20000,40000.0
P002245,착한가격업소,,식당,오직 손 칼국수,"경기도 고양시 일산동구 중앙로 1130, 상가동 1층 A1-11호 (마두동)",37.6501177027389,126.780207120567,031-906-0551,들깨칼국수(2인),20000원,,,가성비 들깨칼국수(2인),20000,
P002246,착한가격업소,,미용,봄꽃네일,"경기도 고양시 일산서구 대화2로 137, 상가동 2층 209호 (대화동)",37.6731243211164,126.736178247722,0507-1350-7728,속눈썹 펌,33000원,,,가성비 속눈썹 펌,33000,
P002247,착한가격업소,,미용,제이뷰티(Je Beauty),"경기도 고양시 덕양구 원흥5로 25, 2층 217호 (원흥동)",37.6485750124376,126.876556771514,0507-1453-3428,"왁싱(인중, 남성)",20000원,"왁싱(겨드랑이, 여성)",20000원,"가성비 왁싱(인중, 남성)",20000,20000.0
P002248,착한가격업소,,기타,첼로사진예술원,"경기도 고양시 일산동구 강송로 170, 202호 (마두동)",37.6539105078962,126.784277135271,031-902-5554,증명사진(9매),25000원,여권사진(8매),25000원,가성비 증명사진(9매),25000,25000.0
P002249,착한가격업소,,식당,둥지만두,경기도 용인시 처인구 양지면 양지로 143번길 8 (양지면),37.2352703285814,127.284398111643,031-338-4147,잔치국수,5000원,만두국,6000원,가성비 잔치국수,5000,6000.0
P002250,착한가격업소,,식당,상갈분식,경기도 용인시 기흥구 금화로108번길 34 (상갈동),37.2694741621854,127.106697009987,031-283-5400,칼만두국,7000원,칼국수,7000원,가성비 칼만두국,7000,7000.0
P002251,착한가격업소,,식당,중앙식당,경기도 용인시 처인구 금령로 99번길 9 (김량장동),37.2364574178322,127.206976177329,031-335-8196,한식뷔페,7000원,삼겹살150g,9750원,가성비 한식뷔페,7000,9750.0
P002252,착한가격업소,,식당,수제생돈까스 국가대표,경기도 용인시 처인구 이동읍 백옥대로 642 (이동읍),37.1941142872807,127.207183112351,031-333-4772,돈가스,9000원,새우볶음밥,7500원,가성비 돈가스,9000,7500.0
P002253,착한가격업소,,미용,헤어톡톡,경기도 용인시 처인구 금령로 129 (마평동),37.2354745845231,127.21079254623,031-335-5423,퍼머,25000원,커트,10000원,가성비 퍼머,25000,10000.0
P002254,착한가격업소,,식당,돈호원,경기도 용인시 처인구 금학로235번길10 (역북동),37.2391114436267,127.190381364753,031-336-0610,갈비탕,8000원,냉면,7000원,가성비 갈비탕,8000,7000.0
P002255,착한가격업소,,식당,성산고을,경기도 용인시 처인구 명지로19-5 (역북동),37.2342630737389,127.189273925829,031-321-1254,삼겹살200g,14000원,김치찌개,7000원,가성비 삼겹살200g,14000,7000.0
P002256,착한가격업소,,식당,올레분식,경기도 용인시 처인구 금령로27번길6 (김량장동),37.2352163758413,127.199272942543,031-332-5121,김밥,3500원,비빔국수,6000원,가성비 김밥,3500,6000.0
P002257,착한가격업소,,식당,고향마을,경기도 용인시 기흥구 한보라1로134-2 (공세동),37.2444102827621,127.105918140817,031-274-5758,삼겹살200g,17000원,후식 된장찌개,2000원,가성비 삼겹살200g,17000,2000.0
P002258,착한가격업소,,식당,고향손칼국수,경기도 용인시 수지구 현암로159 (죽전동),37.3318863809795,127.12715377093,070-4220-6086,칼국수,7500원,수제비,8000원,가성비 칼국수,7500,8000.0
P002259,착한가격업소,,식당,기깔난 김치찌개,"경기도 용인시 처인구 명지로16번길9-23, 201호 (역북동)",37.2330644089321,127.188145499025,031-322-0988,삼겹살180g,15000원,김치찌개,9000원,가성비 삼겹살180g,15000,9000.0
P002260,착한가격업소,,세탁&목욕,대한민국 세탁1번가,경기도 용인시 수지구 신봉2로115-58 (신봉동),37.3296436842332,127.069048628311,031-266-1544,하의 수선 ,5000원,,,가성비 하의 수선 ,5000,
P002261,착한가격업소,,식당,만월김밥,경기도 용인시 수지구 현암로165 (죽전동) 102호,37.3318624679332,127.12760541724,031-265-6300,비빔밥,7500원,돈까스,8000원,가성비 비빔밥,7500,8000.0
P002262,착한가격업소,,식당,정주만두,"경기도 용인시 수지구 풍덕천로129번길 8, 107호 (풍덕천동)",37.3240486201919,127.095725922331,031-263-4112,칼국수,6500원,얼큰칼국수,6500원,가성비 칼국수,6500,6500.0
P002263,착한가격업소,,식당,차이나타운,"경기도 용인시 처인구 금령로93번길 10, 1층 (김량장동)",37.2363698002364,127.206583986603,,짜장면,6000원,짬뽕,7000원,가성비 짜장면,6000,7000.0
P002264,착한가격업소,,세탁&목욕,청구세탁,경기도 용인시 기흥구 공세로226 104호 (공세동),37.2400290211559,127.102562903765,,상하의세탁,8000원,하의 수선 ,5000원,가성비 상하의세탁,8000,5000.0
P002265,착한가격업소,,식당,팔선생,경기도 용인시 기흥구 죽전로43번길11-25 (보정동),37.3215177220747,127.111840065012,031-898-3887,짜장면,6000원,새우볶음밥,7000원,가성비 짜장면,6000,7000.0
P002266,착한가격업소,,식당,한방순대국,경기도 용인시 기흥구 기흥로14번길 6-1 (구갈동),37.2772381437318,127.116644203625,031-283-2728,순대국 ,8000원,김치찌개,8000원,가성비 순대국 ,8000,8000.0
P002267,착한가격업소,,카페,1984 M 커피,경기도 용인시 처인구 금령로 85번길 14-8 (김량장동),37.2365751753726,127.206051275585,,아이스아메리카노,2000원,아이스카페라테,3000원,가성비 아이스아메리카노,2000,3000.0
P002268,착한가격업소,,기타,남사컴퓨터병원,경기도 용인시 처인구 남사읍 경기동로 419 (남사읍),37.1399889233251,127.169187781963,070-8842-7826,기본점검비,10000원,출장비,10000원,가성비 기본점검비,10000,10000.0
P002269,착한가격업소,,미용,깜짱헤어죤,"경기도 용인시 처인구 금령로 27번길 6-1, 1층 (김량장동)",37.2354381916365,127.199232168031,,커트 ,5000원,파마(일반),20000원,가성비 커트 ,5000,20000.0
P002270,착한가격업소,,미용,런던헤어갤러리,"경기도 용인시 수지구 정평로16, 신정마을현대성우상가동 203호 (풍덕천동)",37.317837581394,127.089439265484,,뿌리염색,30000원,어머니커트,15000원,가성비 뿌리염색,30000,15000.0
P002271,착한가격업소,,미용,용마헤어샾,"경기도 용인시 금학로520, 상가동1층 101호 (마평동)",37.2343743260703,127.218933241943,,여성컷,10000원,남성컷,10000원,가성비 여성컷,10000,10000.0
P002272,착한가격업소,,식당,한양집,"경기도 용인시 처인구 금령로 40번길 13, 102호 B105호 (김량장동)",37.2336702490843,127.200939846635,031-336-0151,삼겹살200g,15000원,동태찌개,8000원,가성비 삼겹살200g,15000,8000.0
P002273,착한가격업소,,세탁&목욕,희망세탁소,경기도 용인시 처인구 고진로59번길 1 (고림동),37.2367004183233,127.216802597332,,상하의세탁,8000원,하의 수선 ,4000원,가성비 상하의세탁,8000,4000.0
P002274,착한가격업소,,카페,더 호두 그리고 커피 ,"경기도 용인시 기흥구 기흥로 32, 1층 (구갈동)",37.278919538403,127.116221926177,,호두과자(10개),5000원,아메리카노,2900원,가성비 호두과자(10개),5000,2900.0
P002275,착한가격업소,,미용,브로남성헤어전문,경기도 용인시 수지구 죽전로 253-1,37.3322243667111,127.127647553577,070-7808-3386,커트,11000원,퍼머(커트포함),35000원,가성비 커트,11000,35000.0
P002276,착한가격업소,,식당,소이냉면,경기도 용인시 기흥구 죽전로 47,37.3207328915287,127.113856469253,031-889-7898,냉면 ,9000원,손칼국수,8000원,가성비 냉면 ,9000,8000.0
P002277,착한가격업소,,식당,설악칡냉면,경기도 용인시 기흥구 신구로22번길 7-1,37.2742902197554,127.110144968858,031-285-8576,물냉면 ,8000원,비빔냉면,8000원,가성비 물냉면 ,8000,8000.0
P002278,착한가격업소,,식당,중국성,경기도 용인시 수지구 정든로 25,37.328008975437,127.114627591717,031-263-8866,짜장면,"5,000(배달앱 7,000원)",짬뽕,"6,000(배달앱 8,000원)",가성비 짜장면,5000,6000.0
P002279,착한가격업소,,식당,치킨만세 상현점 ,경기도 용인시 수지구 만현로 36,37.3127188815247,127.087775255431,031-261-9981,후라이드 ,16000원,,,가성비 후라이드 ,16000,
P002280,착한가격업소,,식당,투고박스누들,경기도 용인시 수지구 죽전로 142,37.3237132748529,127.123521029201,031-898-2889,팟타이(볶음쌀국수),7600원,파인애플볶음밥,7500원,가성비 팟타이(볶음쌀국수),7600,7500.0
P002281,착한가격업소,,식당,기흥역 국수,경기도 용인시 기흥구 기흥로 6 (구갈동) 1층,37.2767281884705,127.116244039651,031-287-5405,멸치국수(잔치국수),7000원,김밥,3500원,가성비 멸치국수(잔치국수),7000,3500.0
P002282,착한가격업소,,카페,비긴스 까페,경기도 용인시 기흥구 언동로217번길 6 (중동) 202호,37.2764907957404,127.144521781443,031-287-0952,아이스아메리카노,2500원,아이스카페라테,3500원,가성비 아이스아메리카노,2500,3500.0
P002283,착한가격업소,,식당,수제갈비 진상,경기도 용인시 처인구 포곡읍 에버랜드로 71 1층,37.2815904086808,127.224188078698,031-333-3389,왕갈비탕 ,13000원,오겹살(200g),20000원,가성비 왕갈비탕 ,13000,20000.0
P002284,착한가격업소,,식당,짜마차이나,경기도 용인시 기흥구 서그내로15번길 39 (서천동) 2층,37.2466754249992,127.077526525847,031-206-8585,짜장면,6500원,짬뽕,7500원,가성비 짜장면,6500,7500.0
P002285,착한가격업소,,식당,차니스시,경기도 용인시 처인구 고림로74번길 9 (고림동) 103호,37.2401014255365,127.215609716581,031-326-0034,돈까스,10000원,,,가성비 돈까스,10000,
P002286,착한가격업소,,카페,한국커피,경기도 용인시 기흥구 구갈동 353-4,37.280491516638,127.113503098789,031-282-3735,아이스 아메리카노 ,2000원,아이스 까페라떼,3000원,가성비 아이스 아메리카노 ,2000,3000.0
P002287,착한가격업소,,식당,휘게소,경기도 용인시 수지구 문인로 78 (풍덕천동) 102호,37.3333100093149,127.093987762054,031-266-4833,돈까스,10000원,,,가성비 돈까스,10000,
P002288,착한가격업소,,식당,대박성,경기도 용인시 처인구 금학로 297 (역북동) 1층,37.2376567215438,127.196821007885,031-321-7376,짜장면,6000원,,,가성비 짜장면,6000,
P002289,착한가격업소,,식당,돈까스 담다,경기도 용인시 기흥구 죽전로 33 (보정동) 2층,37.320749865566,127.112501408728,031-265-0902,돈까스,8500원,,,가성비 돈까스,8500,
P002290,착한가격업소,,식당,생국수본가,경기도 용인시 기흥구 구갈로60번길 9 (구갈동) 106호,37.2798509070294,127.112338911362,031-285-1300,잔치국수,5500원,,,가성비 잔치국수,5500,
P002291,착한가격업소,,식당,신상하이 짬뽕,경기도 용인시 기흥구 신구로22번길 19 (구갈동) 1층,37.2748751677863,127.111404470894,031-281-2577,짜장면,6000원,짬뽕,8000원,가성비 짜장면,6000,8000.0
P002292,착한가격업소,,식당,양지리 돈카츠,경기도 용인시 처인구 양지면 양지로 142-1 106호,37.2344100614529,127.284189894649,031-334-6215,돈까스,9500원,,,가성비 돈까스,9500,
P002293,착한가격업소,,식당,양지리 족발,경기도 용인시 처인구 양지면 양지로 114 1층,37.234262727253,127.280947894549,031-338-1601,족발(대),34000원,,,가성비 족발(대),34000,
P002294,착한가격업소,,식당,음성농장,경기도 용인시 기흥구 동백죽전대로527번길 100-43 (중동) 1층,37.283633009078,127.141205375988,031-281-9393,된장찌개,8000원,김치찌개,8000원,가성비 된장찌개,8000,8000.0
P002295,착한가격업소,,식당,청궁,경기도 용인시 기흥구 갈곡로7번길 4 (구갈동) 1층,37.2722373026278,127.128875732953,031-693-8555,짬뽕,8000원,,,가성비 짬뽕,8000,
P002296,착한가격업소,,식당,치킨두목,경기도 용인시 처인구 금학로 245 (역북동) 2층,37.2381379259123,127.190735377307,031-334-0049,후라이드,18000원,,,가성비 후라이드,18000,
P002297,착한가격업소,,식당,파미가든,경기도 용인시 처인구 포곡읍 석성로 910 1층,37.2766317372273,127.196710909793,031-337-0910,한우등심(100g),23000원,물냉면,9000원,가성비 한우등심(100g),23000,9000.0
P002298,착한가격업소,,식당,혜성분식,경기도 용인시 처인구 금령로 142 (마평동) 1층,37.2350014422758,127.211905305696,031-323-4888,김치찌개,8000원,,,가성비 김치찌개,8000,
P002299,착한가격업소,,식당,황제짜장,경기도 용인시 기흥구 신구로53번길 5 (신갈동) 1층,37.2767499205749,127.109029010886,031-274-8247,짜장면,6000원,,,가성비 짜장면,6000,
P002300,착한가격업소,,식당,개코,경기도 용인시 처인구 포곡읍 전대로78번길4,37.2853310042382,127.217556951741,031-328-8868,캐모마일티,2500원,페퍼민트티,2500원,가성비 캐모마일티,2500,2500.0
P002301,착한가격업소,,식당,명주골,"경기도 용인시 기흥구 보정동 117, 120호",37.3201877760016,127.113094904481,031-896-3129,김치전골,8000원,순두부찌개,8000원,가성비 김치전골,8000,8000.0
P002302,착한가격업소,,미용,박서진헤어,"경기도 용인시 처인구 모현읍 백옥대로2332번길15, 102호",37.3320812818464,127.248756444386,070-7767-1799,커트,18000원,퍼머(커트포함),60000원,가성비 커트,18000,60000.0
P002303,착한가격업소,,식당,산골칡냉면,경기도 용인시 기흥구 구갈로28번길32,37.2764585775749,127.115250598054,031-282-7887,물냉면,8000원,비빔냉면,8000원,가성비 물냉면,8000,8000.0
P002304,착한가격업소,,식당,손가네칼국수,경기도 용인시 수지구 죽전로 140 104호,37.3236193255832,127.123234526331,031-897-7200,칼국수,7500원,김치찌개,7500원,가성비 칼국수,7500,7500.0
P002305,착한가격업소,,미용,애경헤어샵,경기도 용인시 처인구 포곡읍 전대리 188-3,37.2850747669898,127.217547305498,031-322-9933,일반펌,45000원,커트,15000원,가성비 일반펌,45000,15000.0
P002306,착한가격업소,,식당,엄마김밥,경기도 용인시 처인구 금령로99번길18-13,37.2373534265498,127.207845145638,031-323-2162,돈가스,8000원,김치찌개,8000원,가성비 돈가스,8000,8000.0
P002307,착한가격업소,,식당,연이밥상,경기도 용인시 기흥구 신갈로 73,37.2733343418477,127.105455108117,031-287-0590,돼지김치찌개,9000원,등심돈까스,10000원,가성비 돼지김치찌개,9000,10000.0
P002308,착한가격업소,,미용,임진옥헤어파티,경기도 용인시 처인구 금어로 76,37.2661279685679,127.223273355176,031-333-7181,일반펌,50000원,여성컷 ,15000원,가성비 일반펌,50000,15000.0
P002309,착한가격업소,,식당,진안집,"경기도 용인시 기흥구 한보라2로5-9, 102호",37.254704374952,127.110523825053,031-274-8217,순살뼈해장국,8000원,,,가성비 순살뼈해장국,8000,
P002310,착한가격업소,,식당,표씨네김밥집,경기도 용인시 기흥구 한보라1로8 스카이 102호,37.2539876272392,127.109422059417,031-287-7781,돈까스,8000원,냉면,7000원,가성비 돈까스,8000,7000.0
P002311,착한가격업소,,미용,한성미용실,경기도 용인시 처인구 금령로85번길6,37.2358800393681,127.205936126489,031-332-3810,일반펌,35000원,커트,15000원,가성비 일반펌,35000,15000.0
P002312,착한가격업소,,미용,머리나라,경기도 용인시 처인구 포곡읍 포곡로118번길 23 (유로빌리지) 1층,37.2687802959825,127.220373778332,031-322-8321,일반펌,50000원,커트,15000원,가성비 일반펌,50000,15000.0
P002313,착한가격업소,,식당,반디마켓(달콤이),경기도 용인시 처인구 포곡읍 석성로888번길 4 2층,37.2775350549999,127.194294310661,070-5088-1901,휘낭시에,2500원,스콘,3500원,가성비 휘낭시에,2500,3500.0
P002314,착한가격업소,,식당,이가네고기사랑,경기도 용인시 처인구 포곡읍 포곡로108번길 13-8 1층,37.2686130628678,127.219257704643,031-322-5592,돼지양념갈비(450g),17000원,,,가성비 돼지양념갈비(450g),17000,
P002315,착한가격업소,,카페,박수홍Bakery&caf?,경기도 용인시 처인구 포곡읍 포곡로108번길 13 1층 117호,37.2686475628606,127.218678421069,031-322-0458,아메리카노(HOT),2300원,,,가성비 아메리카노(HOT),2300,
P002316,착한가격업소,,식당,빨강파이프,경기도 용인시 수지구 죽전로144번길 7-5 (죽전동) 단대로데오타워 104호,37.3235860043263,127.124166403559,031-294-8770,즉석떡볶이(2인),12000원,,,가성비 즉석떡볶이(2인),12000,
P002317,착한가격업소,,식당,서울녹각삼계탕,경기도 용인시 기흥구 갈천로 76 (상갈동) 1층,37.2700441374093,127.107618600478,031-285-3475,녹각삼계탕,14000원,,,가성비 녹각삼계탕,14000,
P002318,착한가격업소,,식당,엄마손칼국수,경기도 용인시 수지구 정든로 10 (죽전동) 엄마손 (맛)칼국수,37.3272283753274,127.113824973623,031-898-0345,칼국수,7000원,,,가성비 칼국수,7000,
P002319,착한가격업소,,식당,강원도식당,"경기도 용인시 처인구 금령로40번길 13 (김량장동, 조양유통상가아파트) 1층",37.2336702490843,127.200939846635,031-338-0882,김치찌개,8000원,,,가성비 김치찌개,8000,
P002320,착한가격업소,,식당,고모네칼국수,경기도 용인시 기흥구 마북로 167 (마북동) 1층,37.3047902801371,127.124315065523,031-284-5788,손칼국수,6000원,,,가성비 손칼국수,6000,
P002321,착한가격업소,,식당,고향분식한식,"경기도 용인시 처인구 금령로40번길 13 (김량장동, 조양유통상가아파트) 1층",37.2336702490843,127.200939846635,031-338-7591,비빔밥,8000원,,,가성비 비빔밥,8000,
P002322,착한가격업소,,카페,메종멜리나,경기도 용인시 처인구 중부대로1158번길 2 (삼가동) 105호,37.2392077946055,127.173593334392,,아메리카노,2700원,,,가성비 아메리카노,2700,
P002323,착한가격업소,,기타,배우공간아라,경기도 용인시 기흥구 용구대로 2593 (보정동) 2층,37.3168245171045,127.108148813225,,입시연기(주5회4시간),770000원,,,가성비 입시연기(주5회4시간),770000,
P002324,착한가격업소,,카페,빵이좋아호텔,경기도 용인시 기흥구 마북로 126 (마북동) 1층,37.3015800537905,127.12173057197,031-283-7038,아메리카노,1500원,,,가성비 아메리카노,1500,
P002325,착한가격업소,,식당,삼촌칼국수,경기도 용인시 수지구 문정로7번길 12 (풍덕천동) 1층,37.3213064502721,127.09534956992,031-263-9488,칼국수,7000원,,,가성비 칼국수,7000,
P002326,착한가격업소,,식당,시골보리밥집,"경기도 용인시 처인구 금령로40번길 13 (김량장동, 조양유통상가아파트) 1층",37.2336702490843,127.200939846635,031-335-0450,생삼겹(200g),15000원,,,가성비 생삼겹(200g),15000,
P002327,착한가격업소,,식당,시골손두부,"경기도 용인시 처인구 금령로40번길 13 (김량장동, 조양유통상가아파트) 1층",37.2336702490843,127.200939846635,031-337-0573,김치찌개,8000원,,,가성비 김치찌개,8000,
P002328,착한가격업소,,식당,재재당,"경기도 용인시 처인구 경안천로 196-1 (고림동, 양우내안애에듀퍼스트) 상가동 1층3호",37.2491879717277,127.221192942292,031-8097-3838,해산물크림파스타,12500원,,,가성비 해산물크림파스타,12500,
P002329,착한가격업소,,식당,정구네기름칠,경기도 용인시 처인구 포곡읍 포곡로 99 1층,37.2692176695141,127.216560382366,031-328-2701,숙성삼겹살(160g),14900원,,,가성비 숙성삼겹살(160g),14900,
P002330,착한가격업소,,카페,카페282,경기도 용인시 처인구 명지로60번길 19-4 (역북동) 101호,37.2300446688626,127.187049007648,031-333-5771,캐모마일티,4000원,,,가성비 캐모마일티,4000,
P002331,착한가격업소,,식당,파스타하우스,경기도 용인시 수지구 죽전로144번길 7-2 (죽전동) 1층,37.3232533259278,127.124182779832,070-8877-0118,알리오올리오,8500원,,,가성비 알리오올리오,8500,
P002332,착한가격업소,,식당,한입한쌈 용인수지점,경기도 용인시 수지구 풍덕천로 192 (풍덕천동) 1층,37.3264435087884,127.101732024706,,월남쌈(15p),12900원,,,가성비 월남쌈(15p),12900,
P002333,착한가격업소,,미용,감성미장,경기도 용인시 처인구 명지로16번길25,37.2332338175126,127.185165049744,031-321-2929,일반펌,55000원,,,가성비 일반펌,55000,
P002334,착한가격업소,,식당,돈키호테돌삼겹살,경기도 용인시 기흥구 관곡로 83-1,37.2811397313132,127.113964589236,031-285-5224,삼겹살(200g),16000원,,,가성비 삼겹살(200g),16000,
P002335,착한가격업소,,식당,마루한콩나물국밥,경기도 용인시 처인구 포곡읍 포곡로 220,37.275797890915,127.227548532465,031-335-6969,매생이콩나물국밥,9000원,,,가성비 매생이콩나물국밥,9000,
P002336,착한가격업소,,식당,청춘숯불갈비,경기도 용인시 처인구 포곡읍 석성로 1099,37.2774274630942,127.216573187692,031-339-6120,양념돼지갈비(250g),16000원,,,가성비 양념돼지갈비(250g),16000,
P002337,착한가격업소,,식당,총각손칼국수,경기도 용인시 기흥구 신구로12번길 6,37.2731390240808,127.110173621311,031-282-2474,칼국수,7000원,,,가성비 칼국수,7000,
P002338,착한가격업소,,식당,건강쌈밥집,경기도 용인시 기흥구 용구대로2469번길 20,37.3084578364206,127.106199114923,031-889-3316,제육쌈밥,12000원,,,가성비 제육쌈밥,12000,
P002339,착한가격업소,,식당,오백년짬뽕,경기도 용인시 처인구 한터로 158,37.2486160919663,127.227933288604,031-322-6112,탕수육(소),18000원,,,가성비 탕수육(소),18000,
P002340,착한가격업소,,식당,콩사랑 콩나물국밥,경기도 용인시 기흥구 한보라1로6 제일프라자 1층,37.2542697098541,127.109263755911,031-283-6553,콩나물국밥,6000원,,,가성비 콩나물국밥,6000,
P002341,착한가격업소,,기타,강남 경희대 태권도,"경기도 용인시 기흥구 강남동로114번길 6, 4층",37.2738774388965,127.136926089877,031-275-1069,주5회,150000원,,,가성비 주5회,150000,
P002342,착한가격업소,,식당,면사무소,경기도 용인시 처인구 포곡읍 포곡로 132번길 24,37.2690135996811,127.221085528502,031-334-3325,냉면,8000원,,,가성비 냉면,8000,
P002343,착한가격업소,,식당,안녕블랑제,"경기도 용인시 수지구 만현로 110, 1층",37.3066916421248,127.084860617792,070-7585-2509,소금빵,2200원,,,가성비 소금빵,2200,
P002344,착한가격업소,,식당,예떡분식까페,경기도 용인시 처인구 모현읍 백옥대로2332번길 17 103호,37.3320595108495,127.248954514568,031-333-1728,김밥,3500원,,,가성비 김밥,3500,
P002345,착한가격업소,,식당,원조장충왕족발,경기도 용인시 처인구 포곡읍 포곡로 91,37.2687544211733,127.215734455957,031-322-1006,족발(대),35000원,,,가성비 족발(대),35000,
P002346,착한가격업소,,미용,피플즈헤어샾,"경기도 용인시 기흥구 한보라2로14번길 4-12, 1층 103호",37.2538980994928,127.110450844156,031-274-6549,남성커트,10000원,,,가성비 남성커트,10000,
P002347,착한가격업소,,식당,노옥다,경기도 용인시 처인구 모현읍 백옥대로2384번길 21-4 노옥다,37.3362228539133,127.251869456585,,팥빙수,10000원,,,가성비 팥빙수,10000,
P002348,착한가격업소,,식당,리오브리또,경기도 용인시 처인구 모현읍 외대로 20 신보빌딩 A-3호,37.3366208736421,127.251556402409,031-335-1231,브리또,4000원,,,가성비 브리또,4000,
P002349,착한가격업소,,식당,용인휴양림막국수,경기도 용인시 처인구 모현읍 초부로 39 용인휴양림막국수,37.3133446825859,127.245270146999,031-333-7889,막국수,8000원,,,가성비 막국수,8000,
P002350,착한가격업소,,식당,풍경,경기도 용인시 처인구 백암면 덕평로 19-1 1층,37.1716161761942,127.370641075419,031-322-8020,고등어구이,13000원,,,가성비 고등어구이,13000,
P002351,착한가격업소,,식당,한끼 두끼,경기도 용인시 처인구 금령로99번길 12-5 (김량장동) 107호,37.2368907322233,127.207592790439,070-4814-1222,비빔밥,5000원,,,가성비 비빔밥,5000,
P002352,착한가격업소,,미용,굳모닝헤어,경기도 용인시 처인구 용문로 126 (김량장동) 1층,37.2365746651258,127.199829060055,031-336-5884,남성컷,9000원,,,가성비 남성컷,9000,
P002353,착한가격업소,,식당,도둑골화로구이,경기도 용인시 처인구 포곡읍 포곡로117번길 23 1층,37.2719263941692,127.217287130503,031-322-9393,돼지갈비(150g),9000원,,,가성비 돼지갈비(150g),9000,
P002354,착한가격업소,,식당,마블정육회관,"경기도 용인시 처인구 금어로 46 (고림동, 힐스테이트용인둔전역) C동 103~104호",37.2655134647369,127.22023979597,0507-1355-7683,생삼겹살(150g),11250원,등심(150g),23850원,가성비 생삼겹살(150g),11250,23850.0
P002355,착한가격업소,,미용,미림프로헤어,경기도 용인시 처인구 모현읍 백옥대로 2386 1층,37.3364513572145,127.249743116282,031-334-6933,여성펌,55000원,여성컷,18000원,가성비 여성펌,55000,18000.0
P002356,착한가격업소,,식당,반하정 수지본점,경기도 용인시 수지구 만현로 88 (상현동) 120~121호,37.3089040805037,127.085311156734,0507-1433-1012,한우우거지국밥탕반,10000원,한우미역국밥,7000원,가성비 한우우거지국밥탕반,10000,7000.0
P002357,착한가격업소,,식당,신삼국지,경기도 용인시 기흥구 한보라2로14번길 3-7 (보라동) 1층,37.2539529403291,127.111924973387,0507-1471-1416,자장면,6000원,짬뽕,7000원,가성비 자장면,6000,7000.0
P002358,착한가격업소,,미용,핸섬맨즈헤어,경기도 용인시 처인구 남사읍 한숲로58번길 21 109호,37.1525925746847,127.173243614213,031-526-6416,남성컷,9000원,,,가성비 남성컷,9000,
P002359,착한가격업소,,미용,킹헤어,"경기도 용인시 처인구 낙은로 42, 1층",37.2411101496585,127.198174741445,,남성컷,9000원,,,가성비 남성컷,9000,
P002360,착한가격업소,,식당,흥덕밥집,"경기도 용인시 기흥구 흥덕2로105번길 6, 112호",37.2772833381779,127.073350318663,031-8019-8589,제육쌈밥,12000원,,,가성비 제육쌈밥,12000,
P002361,착한가격업소,,식당,1984식당,경기도 용인시 수지구 풍덕천로139번길16-5,37.3253356475012,127.096179766736,,삼겹살,7125원,,,가성비 삼겹살,7125,
P002362,착한가격업소,,식당,강원도위가열탄불고기,경기도 용인시 처인구 양지읍 남평로 73-4 1층,37.2284977604773,127.291899867149,031-336-6333,간장불고기,10000원,고추장불고기,10000원,가성비 간장불고기,10000,10000.0
P002363,착한가격업소,,식당,제빵소꾸움,경기도 용인시 처인구 포곡읍 포곡로 239-7,37.2779710032386,127.227460922257,0507-1445-1323,케이크,18900원,휘낭시에,2300원,가성비 케이크,18900,2300.0
P002364,착한가격업소,,식당,고량화로,"경기도 용인시 기흥구 서천로127번길 8, 2층",37.2360228668797,127.072612860374,031-204-2092,돼지갈비(150g),11250원,,,가성비 돼지갈비(150g),11250,
P002365,착한가격업소,,미용,영광미용실,경기도 성남시 대왕판교로 976번길 9-7 (고등동),37.4279371906364,127.102741639635,031-723-7026,파마,30000원,커트,10000원,가성비 파마,30000,10000.0
P002366,착한가격업소,,식당,명동스넥,경기도 성남시 분당구 판교로 436 (이매동),37.4051616582334,127.122198837556,031-708-6881,김치찌개,7000원,된장찌개,7000원,가성비 김치찌개,7000,7000.0
P002367,착한가격업소,,미용,머리나라,경기도 성남시 수정구 수정로154번길15-1 (신흥동5807),37.4412103027036,127.137901180789,031-721-5599,파마,25000원,커트,10000원,가성비 파마,25000,10000.0
P002368,착한가격업소,,미용,김명진헤어센스,경기도 성남시 수정구 수정남로30번길 14-1 (수진동),37.4386968866964,127.131690874049,031-758-9436,파마,30000원,커트,10000원,가성비 파마,30000,10000.0
P002369,착한가격업소,,미용,신정학사이용원,경기도 성남시 중원구 성남대로1147번길 12 (성남동4289),37.4320010569995,127.12777204665,,커트,7000원,염색,15000원,가성비 커트,7000,15000.0
P002370,착한가격업소,,미용,충남이발관,경기도 성남시 중원구 산성대로396번길 18 (금광동3846),37.4467195096407,127.159958836138,031-734-7928,커트,9000원,염색,22000원,가성비 커트,9000,22000.0
P002371,착한가격업소,,식당,참소한우국밥,경기도 성남시 중원구 산성대로350번길 5 (중앙동101),37.4435175204362,127.155477721459,031-749-2757,장터국밥,9000원,설렁탕,9000원,가성비 장터국밥,9000,9000.0
P002372,착한가격업소,,식당,왕두꺼비부대찌개,경기도 성남시 분당구 구미로 11 (구미동),37.3384198138731,127.110594466367,031-717-8707,부대찌개,10000원,,,가성비 부대찌개,10000,
P002373,착한가격업소,,미용,에덴 헤어샵,"경기도 성남시 수정북로34, 지하1층 일부호 (태평동)",37.4421528338098,127.133444399952,,커트,10000원,염색,20000원,가성비 커트,10000,20000.0
P002374,착한가격업소,,식당,메이찬,경기도 성남시 미금일로 90번길 36-5 (구미동),37.3493126407812,127.110486744256,031-716-9090,짜장면,7000원,짬뽕,9000원,가성비 짜장면,7000,9000.0
P002375,착한가격업소,,식당,투가리해장국,"경기도 성남시 수정구 산성대로 595 (양지동, 1층)",37.4627990945458,127.1688723137,,해장국,4000원,청국장,4000원,가성비 해장국,4000,4000.0
P002376,착한가격업소,,미용,미앤디미용실,경기도 성남시 수정구 대왕판교로 976번길 3-8 (고등동),37.4279778500783,127.102610750049,070-8872-0034,커트,10000원,파마,40000원,가성비 커트,10000,40000.0
P002377,착한가격업소,,미용,대왕이발관,"경기도 성남시 수정구 대왕판교로 982번길 6 (고등동),",37.4281090030407,127.10265115041,031-723-7905,커트,10000원,염색,10000원,가성비 커트,10000,10000.0
P002378,착한가격업소,,식당,바다해물짬뽕,경기도 성남시 수정로 135번길 24,37.4439905635848,127.134379956452,,짬뽕,7000원,짜장면,6000원,가성비 짬뽕,7000,6000.0
P002379,착한가격업소,,기타,서대원정비앤세차,경기도 성남시 중원구 둔촌대로 265 (하대원동),37.4292513979756,127.14752731311,,외부세차,14000원,전체세차,22000원,가성비 외부세차,14000,22000.0
P002380,착한가격업소,,미용,진헤어스케치,경기도 성남시 둔촌대로 425번길 33,37.4360210245012,127.164375904815,,헤어커트,10000원,헤어파마,30000원,가성비 헤어커트,10000,30000.0
P002381,착한가격업소,,식당,육회랑 쭈꾸미랑,경기도 성남시 수정구 수정남로 71 (수진동),37.4413148784033,127.135592533002,,육회,20000원,육회비빔밥,9000원,가성비 육회,20000,9000.0
P002382,착한가격업소,,식당,엄니네 쌈냉면,경기도 성남시 중원구 제일로 35번길 6 1층,37.4304331577938,127.136201324828,,고기주는냉면,9000원,육개장,8000원,가성비 고기주는냉면,9000,8000.0
P002383,착한가격업소,,식당,주막골 숯불 돼지갈비 삼겹살,경기도 성남시 중원구 금상로108번길 10 1층,37.4420415095874,127.167395723524,,돼지갈비,13000원,삼겹살,13000원,가성비 돼지갈비,13000,13000.0
P002384,착한가격업소,,식당,전주식당,경기도 성남시 산성대로 595 1층 (양지동),37.4627990945458,127.1688723137,,선지해장국,5000원,김치찌개,5000원,가성비 선지해장국,5000,5000.0
P002385,착한가격업소,,식당,어머니손맛,"경기도 성남시 중원구 산성대로 80번길 18, 1층 (성남동, 수성빌딩)",37.4316158579819,127.128035441572,,김밥,3000원,잔치국수,6000원,가성비 김밥,3000,6000.0
P002386,착한가격업소,,세탁&목욕,장미세탁소,경기도 성남시 성남시 중원구 박석로 25번길 21,37.4351009272912,127.163452331641,,양복,6000원,다운잠바,6000원,가성비 양복,6000,6000.0
P002387,착한가격업소,,미용,희미용실,경기도 성남시 수정구 모란로 36 (수진동),37.4364950207977,127.127216637397,031-729-5691,파마,22000원,커트,7000원,가성비 파마,22000,7000.0
P002388,착한가격업소,,식당,예쁜며느님밥상,"경기도 성남시 수정구 수정로 316 (신흥동, 우찬셀레스빌) 2층 215, 216호",37.4517047253036,127.149211950628,031-735-3317,한식백반+계란+라면 무한리필,8000원,소머리곰탕,15000원,가성비 한식백반+계란+라면 무한리필,8000,15000.0
P002389,착한가격업소,,식당,돈까스브라더스,"경기도 성남시 분당구 내정로165번길 38 (수내동, 양지마을금호아파트) 금호행복시장 지하1층 20호",37.3765713670859,127.116253996544,031-717-0059,브라더돈까스,8500원,오리엔탈 파스타,8500원,가성비 브라더돈까스,8500,8500.0
P002390,착한가격업소,,식당,드루와포차,"경기도 성남시 수정구 산성대로437번길 7 (단대동, 푸르지오) 단대동 드루와포차",37.4508227399554,127.157598882666,031-749-3377,닭볶음탕,30000원,,,가성비 닭볶음탕,30000,
P002391,착한가격업소,,식당,만나분식,경기도 성남시 수정구 남문로101번길 7-2 (태평동) 만나분식,37.4476991304993,127.137672942563,0507-1361-0937,야채김밥,2500원,라면,4000원,가성비 야채김밥,2500,4000.0
P002392,착한가격업소,,식당,광어한마리,경기도 성남시 수정구 수정남로 51 (수진동) 광어한마리,37.440655853999,127.133395072547,031-754-7878,광어회,14300원,우럭,16500원,가성비 광어회,14300,16500.0
P002393,착한가격업소,,미용,샘 토탈헤어,경기도 성남시 수정구 수정남로 104-1 (신흥동) 지하1층 01,37.4421277237732,127.139124307122,031-730-6227,커트,10000원,파마,30000원,가성비 커트,10000,30000.0
P002394,착한가격업소,,식당,양푼애등갈비 분당서현본점,경기도 성남시 분당구 서현로 184 (서현동) 207호,37.3883743368635,127.123788962899,031-705-8847,돼지등갈비찜,15000원,치즈등갈비찜,17000원,가성비 돼지등갈비찜,15000,17000.0
P002395,착한가격업소,,식당,수내통닭,경기도 성남시 분당구 내정로 165번길 38 601동 1층 104호,37.3765713670859,127.116253996544,,수내통닭,10900원,,,가성비 수내통닭,10900,
P002396,착한가격업소,,식당,땅끝수산,경기도 성남시 분당구 효자길 15-1,37.37855368394,127.137835265987,031-781-4875,활어초밥,17000원,알탕,10000원,가성비 활어초밥,17000,10000.0
P002397,착한가격업소,,식당,주박사,"경기도 성남시 분당구 탄천상로 164 지하 1층 1-5호 (구미동, 시그마오피스텔)",37.3443860150331,127.105427987959,,한식뷔페,8000원,,,가성비 한식뷔페,8000,
P002398,착한가격업소,,식당,혜진이네밥상&포차,경기도 성남시 중원구 희망로316번길 9,37.4343368583406,127.159967620792,,한식백반,8000원,오징어 회무침,15000원,가성비 한식백반,8000,15000.0
P002399,착한가격업소,,기타,오프(OFF),경기도 성남시 분당구 판교로255번길 9-22 판교우림 W CITY 지하1층 B115호,37.4040237290805,127.100089555162,,"1시간코스(안마의자, 슬립, 음료)",7000원,아메리카노,1500원,"가성비 1시간코스(안마의자, 슬립, 음료)",7000,1500.0
P002400,착한가격업소,,식당,더그린,"경기도 성남시 분당구 미금로45 (구미동), 진도훼미리프라자 1층 110호",37.3373516330101,127.115784120324,,수비드닭가슴살샐러드,9000원,바질햄샌드위치,6500원,가성비 수비드닭가슴살샐러드,9000,6500.0
P002401,착한가격업소,,식당,성남중앙칼국수,경기도 성남시 수정구 수정로 111번길 6-4,37.4415633980229,127.132636974235,,칼국수,6000원,,,가성비 칼국수,6000,
P002402,착한가격업소,,식당,짬뽕참잘하는집,경기도 성남시 수정구 수정로 109 (태평동) 1층 짬뽕참잘하는집,37.4413976531266,127.132116988752,031-756-7486,짜장면,4000원,,,가성비 짜장면,4000,
P002403,착한가격업소,,식당,만리장성,경기도 성남시 분당구 불곡남로7번길 4 (정자동) 1층 만리장성,37.3587032838657,127.123216464618,031-713-8008,짜장면,6500원,짬뽕,8000원,가성비 짜장면,6500,8000.0
P002404,착한가격업소,,식당,어니언키친,"경기도 성남시 분당구 장미로108번길 4, 1층 (야탑동)",37.4128935996042,127.132708739673,,알리올리오파스타,11000원,필라프,9000원,가성비 알리올리오파스타,11000,9000.0
P002405,착한가격업소,,세탁&목욕,태평보석사우나,경기도 성남시 수정구 수정로73번길 16-22 (태평동),37.4407822082656,127.12881731303,,목욕비(성인),8000원,,,가성비 목욕비(성인),8000,
P002406,착한가격업소,,식당,시골생고기,"경기도 성남시 분당구 발이봉로3번길 4, 1층 (수내동)",37.3660826275388,127.126940973597,,삼겹살(200g),16000원,특등심(200g),38000원,가성비 삼겹살(200g),16000,38000.0
P002407,착한가격업소,,기타,로드스튜디오,"경기도 성남시 중원구 제일로43번길 12, 지층 (성남동)",37.4304846695071,127.135440126041,,평일(오후) 1시간,6000원,,,가성비 평일(오후) 1시간,6000,
P002408,착한가격업소,,미용,까꼬뽀꼬,경기도 성남시 수정구 공원로367번길 21-1 (신흥동),37.4431532691368,127.146352241374,,커트,13000원,파마,40000원,가성비 커트,13000,40000.0
P002409,착한가격업소,,식당,구좌리얼크니손칼국수,"경기도 성남시 분당구 쇳골로 25 (금곡동, 1층)",37.3627233045556,127.098942756414,,샤브손칼국수,12000원,9988손칼국수,18000원,가성비 샤브손칼국수,12000,18000.0
P002410,착한가격업소,,식당,매일간식,"경기도 성남시 중원구 광명로 347번길 13, 1층 (금광동)",37.4472702725233,127.163988705196,,클럽샌드위치(하프),3000원,꼬마김밥,3500원,가성비 클럽샌드위치(하프),3000,3500.0
P002411,착한가격업소,,기타,락페이스 클라이밍,"경기도 성남시 중원구 산성대로 340-1, 범원빌딩 8층 (중앙동)",37.4433650622925,127.154589757858,,일일체험(청소년),15000원,,,가성비 일일체험(청소년),15000,
P002412,착한가격업소,,식당,순창떡볶이,경기도 성남시 수정구 산성대로255번길 10 (신흥동)1층,37.4411333076428,127.145165188106,031-753-7921,떡볶이,2500원,순대,3000원,가성비 떡볶이,2500,3000.0
P002413,착한가격업소,,식당,이삭빵집,경기도 성남시 수정구 성남대로1221번길 14-1 (수진동)1층,37.4388150421561,127.126210254711,031-753-0960,밤식빵,5000원,단팥빵,1200원,가성비 밤식빵,5000,1200.0
P002414,착한가격업소,,카페,오롯카페,경기도 성남시 수정구 헌릉로 993 (창곡동)지하 111호,37.4625152730432,127.1429210999,0507-1331-4249,샐러드(정기배송),7000원,,,가성비 샐러드(정기배송),7000,
P002415,착한가격업소,,미용,선아뷰티헤어샵,경기도 성남시 수정구 탄리로45번길 10 (수진동),37.4400103991503,127.13621110988,,파마,20000원,컷,5000원,가성비 파마,20000,5000.0
P002416,착한가격업소,,미용,하늘남성컷트,"경기도 성남시 수정구 성남대로1249번길 4-1, 1층",37.4413575266243,127.126714442269,,컷트,5000원,염색,10000원,가성비 컷트,5000,10000.0
P002417,착한가격업소,,식당,퍼홍,"경기도 성남시 수정구 제일로147번길4, 현대아파트 101-109",37.4399332124344,127.131894404914,,오리지널 쌀국수,9000원,반세오,9000원,가성비 오리지널 쌀국수,9000,9000.0
P002418,착한가격업소,,식당,알버트아저씨,"경기도 성남시 수정구시민로 138, 203호 (신흥동)",37.4405894155075,127.144462294081,,춘천닭갈비덮밥,6000원,알버트 SET,9900원,가성비 춘천닭갈비덮밥,6000,9900.0
P002419,착한가격업소,,미용,미스터헤어클럽,"경기도 성남시 수정구 제일로187번길 10, 1층 일부 (태평동)",37.4428339983517,127.129805542482,,컷,8000원,염색,16000원,가성비 컷,8000,16000.0
P002420,착한가격업소,,기타,키즈베이위례점,"경기도 성남시 수정구 헌릉로 999, B01호 (창곡동, 센트럴메디타운)",37.4622732598756,127.143368700821,,평일키즈입장권,19000원,취약계층아동&장애아동 입장권,9000원,가성비 평일키즈입장권,19000,9000.0
P002421,착한가격업소,,식당,오마카세 스시이찌 판교점,"경기도 성남시 분당구 판교역로192번길 22, 2층 201호",37.3980298796617,127.112030343708,,런치,28000원,디너,38000원,가성비 런치,28000,38000.0
P002422,착한가격업소,,식당,일미닭갈비파전 서현역,"경기도 성남시 분당구 서현동 269-2, 207호",37.3845376866017,127.122146955472,,철판닭갈비,8900원,치즈닭갈비,9900원,가성비 철판닭갈비,8900,9900.0
P002423,착한가격업소,,식당,상기육개장,"경기도 성남시 분당구 판교역로2번길 34, 1층 상기육개장",37.3864621890782,127.112038762678,,육개장,9000원,육개장쌀국수,10000원,가성비 육개장,9000,10000.0
P002424,착한가격업소,,미용,헤어꽃지,경기도 성남시 수정구 탄리로45번길 4 (수진동),37.4401672259175,127.136713902621,,파마,20000원,염색,20000원,가성비 파마,20000,20000.0
P002425,착한가격업소,,미용,수헤어샵,"경기도 성남시 중원구 광명로 241-2, 1층 일부 (중앙동)",37.4421821655222,127.153449276704,,커트,10000원,일반펌,30000원,가성비 커트,10000,30000.0
P002426,착한가격업소,,미용,모모의꿈,"경기도 성남시 분당구 정자로 13, 2충 205호 (정자동, 월드비터)",37.3637209133898,127.106324583275,,두피케어베이직관리,55000원,탈모케어모발주기정상화,55000원,가성비 두피케어베이직관리,55000,55000.0
P002427,착한가격업소,,미용,모아미용실,"경기도 성남시 분당구 돌마로366번길 8, 푸른마을상가 4-5동 106",37.3695003815801,127.123983845271,,청소년컷(기본기장),12000원,여성컷(75세이상),13000원,가성비 청소년컷(기본기장),12000,13000.0
P002428,착한가격업소,,미용,미봉헤어 야탑점,"경기도 성남시 분당구 성남대로916번길 7, 603호 (야탑, 서일빌딩)",37.411159415091,127.129862807437,,남성염색,56700원,일반펌,64000원,가성비 남성염색,56700,64000.0
P002429,착한가격업소,,식당,샘이김밥,"경기도 성남시 중원구 박석로59번길2, 2층 (상대원동)",37.4381589489127,127.165926032157,,일반김밥,3500원,,,가성비 일반김밥,3500,
P002430,착한가격업소,,미용,라파헤어,경기도 성남시 수정구 산성대로295번길 7 (신흥동),37.4424002220478,127.149146915415,031-607-5998,학생컷,10000원,,,가성비 학생컷,10000,
P002431,착한가격업소,,식당,생선구이밥이랑국이랑,경기도 부천시 오정구 신흥로 361-22 (내동),37.5155174192475,126.774117498116,032-684-8055,순두부,7000원,된장찌개,7000원,가성비 순두부,7000,7000.0
P002432,착한가격업소,,식당,송원숯불,경기도 부천시 원미구 부천로10번길 44 (심곡동),37.4847359505638,126.785373927017,032-655-4852,갈비탕,10000원,김치찌개,8000원,가성비 갈비탕,10000,8000.0
P002433,착한가격업소,,식당,홍천식당,경기도 부천시 원미구 지봉로34번길 22 (역곡동),37.485270601517,126.806112771285,032-349-1122,청국장,7000원,김치찌개,7000원,가성비 청국장,7000,7000.0
P002434,착한가격업소,,식당,효성생고기정육식당,경기도 부천시 원미구 신흥로67번길 60 (심곡동),37.4903786324002,126.774228160293,032-655-2732,육개장,8000원,김치찌개,8000원,가성비 육개장,8000,8000.0
P002435,착한가격업소,,식당,신포갈비,경기도 부천시 원미구 부일로199번길 56 (상동),37.4908719369581,126.752245117101,032-326-8616,"신포돼지갈비(250g, 국산)",17000원,냉면,7000원,"가성비 신포돼지갈비(250g, 국산)",17000,7000.0
P002436,착한가격업소,,식당,행복한밥상,경기도 부천시 원미구 장말로279번길 6-2 (심곡동),37.4916821527102,126.773258673598,032-653-7272,순두부,7000원,김치뚝불,7000원,가성비 순두부,7000,7000.0
P002437,착한가격업소,,식당,전주식당,경기도 부천시 원미구 부일로356번길 8 (중동),37.4875472713889,126.769264062211,032-665-7233,김치찌개,8000원,부대찌개,8000원,가성비 김치찌개,8000,8000.0
P002438,착한가격업소,,식당,고향마을,경기도 부천시 원미구 상동로117번길 61 (상동),37.507823194026,126.750081690965,032-341-6630,김치찌개,8000원,동태찌개(2인이상),9000원,가성비 김치찌개,8000,9000.0
P002439,착한가격업소,,식당,맛나식당,경기도 부천시 원미구 석천로38번길 56 (상동),37.4903680382477,126.763381486479,032-651-1233,설렁탕,7000원,부대찌개,7000원,가성비 설렁탕,7000,7000.0
P002440,착한가격업소,,식당,만경,경기도 부천시 원미구 원미로 196 (원미동),37.4999256566472,126.793313545755,032-652-7733,짜장면,5000원,짬뽕,6000원,가성비 짜장면,5000,6000.0
P002441,착한가격업소,,식당,상일루,경기도 부천시 원미구 부일로483번길 10 (심곡동),37.4861411340636,126.784073689654,032-612-2727,짜장면,4500원,짬뽕,5500원,가성비 짜장면,4500,5500.0
P002442,착한가격업소,,식당,창현장,경기도 부천시 원미구 부일로342번길 9 (중동),37.4875476259721,126.768248347866,032-652-6571,짜장면,6500원,짬뽕,8000원,가성비 짜장면,6500,8000.0
P002443,착한가격업소,,식당,짜장이좋아,경기도 부천시 오정구 역곡로 491 (고강동),37.5285705239987,126.815637837894,032-672-2701,짜장면,4000원,볶음밥,5000원,가성비 짜장면,4000,5000.0
P002444,착한가격업소,,식당,베이징,경기도 부천시 오정구 소사로862번길 106 (원종동),37.528125826257,126.806700493392,032-684-1114,짜장면,5500원,짬뽕,7000원,가성비 짜장면,5500,7000.0
P002445,착한가격업소,,미용,머리빨,경기도 부천시 소사구 송내대로42번길 58 (송내동),37.4870182784923,126.756508024148,,커트(남성),5500원,염색(남성),9900원,가성비 커트(남성),5500,9900.0
P002446,착한가격업소,,미용,투쓰리헤어라인,경기도 부천시 원미구 장말로175번길 18 (중동),37.4939430526323,126.761725569473,032-655-5426,커트,12000원,"파마(남성,여성기본기장)",30000원,가성비 커트,12000,30000.0
P002447,착한가격업소,,미용,햇살미용실,경기도 부천시 원미구 장말로 207 (중동),37.4928542124305,126.765157571496,032-662-7670,커트(여성),10000원,"염색(남성,여성기본기장)",30000원,가성비 커트(여성),10000,30000.0
P002448,착한가격업소,,미용,세종미용실,경기도 부천시 오정구 원종로93번길 27 (원종동),37.5252397886698,126.810230166255,032-679-8841,"커트(남성,여성기본기장)",12000원,"파마(남성,여성기본기장)",25000원,"가성비 커트(남성,여성기본기장)",12000,25000.0
P002449,착한가격업소,,식당,도래샘,경기도 부천시 원미구 원미로 166 (원미동),37.4973354667759,126.792348037122,032-611-0140,청국장정식,7500원,순두부정식,7500원,가성비 청국장정식,7500,7500.0
P002450,착한가격업소,,미용,박선헤어,경기도 부천시 오정구 부천로478번길84,37.5288750195915,126.786015016837,,커트,10000원,"파마(남성,여성기본기장)",25000원,가성비 커트,10000,25000.0
P002451,착한가격업소,,식당,밥보다국수,경기도 부천시 소사구 자유로 39 (심곡본동),37.4837428255073,126.78049948731,032-612-6292,잔치국수,3000원,비빔국수,4000원,가성비 잔치국수,3000,4000.0
P002452,착한가격업소,,식당,모란손칼국수,경기도 부천시 소사구 자유로 31-9 (심곡본동),37.4841554424246,126.779701168291,032-656-1054,바지락칼국수,7000원,손수제비,6000원,가성비 바지락칼국수,7000,6000.0
P002453,착한가격업소,,식당,호원냉면&수제돈가스,경기도 부천시 소사구 소사로 217 (소사본동),37.477767431783,126.795356910224,032-351-9982,물냉면,5500원,비빔냉면,5500원,가성비 물냉면,5500,5500.0
P002454,착한가격업소,,식당,고수탕수,경기도 부천시 원미구 부일로199번길 56 (상동),37.4908719369581,126.752245117101,032-321-8700,짜장면,5000원,볶음밥,7000원,가성비 짜장면,5000,7000.0
P002455,착한가격업소,,카페,로스터리카페 체리콩,경기도 부천시 소사구 호현로489번나길 3 (소사본동),37.4806263058721,126.792348156262,,아메리카노,2000원,카페라떼,3500원,가성비 아메리카노,2000,3500.0
P002456,착한가격업소,,식당,하나도너츠,경기도 부천시 오정구 원종로 7 (원종동),37.5242879950014,126.800886211615,,슈크림필드,1000원,딸기필드,1000원,가성비 슈크림필드,1000,1000.0
P002457,착한가격업소,,미용,꼬리빗헤어,경기도 부천시 원미구 신흥로52번길 35 (심곡동),37.4882924907788,126.779211517876,032-665-6889,남성컷,10000원,여성컷,12000원,가성비 남성컷,10000,12000.0
P002458,착한가격업소,,미용,젠틀헤어컷,경기도 부천시 원미구 계남로295번길 22-2 (춘의동),37.5050790893897,126.781184267195,032-221-2978,커트(남성),7000원,염색(남성),10000원,가성비 커트(남성),7000,10000.0
P002459,착한가격업소,,식당,블랑제르베네,경기도 부천시 원미구 부일로 699 (역곡동),37.4847746880224,126.807656732169,032-345-4280,단팥빵,1300원,슈크림빵,1300원,가성비 단팥빵,1300,1300.0
P002460,착한가격업소,,식당,오앤김,경기도 부천시 소사구 송내대로 14 (송내동),37.4845112278741,126.75355258773,032-657-7642,짜장면,5000원,우동,5000원,가성비 짜장면,5000,5000.0
P002461,착한가격업소,,식당,홍두깨칼국수,경기도 부천시 오정구 성지로102번길 28 (고강동),37.5280629742527,126.812820860307,032-674-4195,잔치국수,3000원,칼국수,5000원,가성비 잔치국수,3000,5000.0
P002462,착한가격업소,,식당,그냥,경기도 부천시 원미구 송내대로74번길 34 (상동),37.4897609752192,126.755957384565,0507-1403-7395,쉬림프갈릭페뇨(파스타),7900원,새우오일파스타,9500원,가성비 쉬림프갈릭페뇨(파스타),7900,9500.0
P002463,착한가격업소,,식당,밥집,경기도 부천시 원미구 부천로198번길 18 (춘의동),37.501604775917,126.787578214335,032-623-0066,김치찌개,7000원,청국장,7000원,가성비 김치찌개,7000,7000.0
P002464,착한가격업소,,식당,소사정육식당,경기도 부천시 소사구 소사로 202 (소사본동),37.476148077596,126.795789572445,032-343-5151,소불고기전골,10000원,육개장,7000원,가성비 소불고기전골,10000,7000.0
P002465,착한가격업소,,식당,이포,경기도 부천시 원미구 부일로445번길 32 (심곡동),37.4877297164919,126.779594449269,0507-1324-3490,양지쌀국수,9000원,볶음면(팟타이),9500원,가성비 양지쌀국수,9000,9500.0
P002466,착한가격업소,,식당,쇼샤돈부리,경기도 부천시 원미구 부일로 698 (역곡동),37.4844036037543,126.807515672667,0507-1345-8070,가츠동,7000원,오야코동,8000원,가성비 가츠동,7000,8000.0
P002467,착한가격업소,,식당,혜영반점,경기도 부천시 소사구 경인로484번길 11 (괴안동),37.4828599352377,126.809701760604,032-342-1566,짜장면,6000원,짬뽕,7000원,가성비 짜장면,6000,7000.0
P002468,착한가격업소,,식당,8개월냉면,경기도 부천시 원미구 역곡로26번길 25 (역곡동),37.4880262237422,126.811898636761,0507-1412-8980,냉면,5500원,왕만두(3알),3000원,가성비 냉면,5500,3000.0
P002469,착한가격업소,,식당,본토반점,경기도 부천시 원미구 부천로3번길 48 (심곡동),37.4853817615312,126.780308131242,0507-1418-0689,짜장면,4000원,짬뽕,6000원,가성비 짜장면,4000,6000.0
P002470,착한가격업소,,식당,성심순대국,경기도 부천시 소사구 호현로489번나길 1 (소사본동),37.4807660571205,126.79240226466,,순대국,7000원,닭곰탕,7000원,가성비 순대국,7000,7000.0
P002471,착한가격업소,,식당,소사수제갈비,경기도 부천시 소사구 소사로160번길 32 (소사본동),37.4724016024699,126.797312119554,070-7379-0663,돼지갈비(국내산 300g),14000원,차돌된장찌개,8000원,가성비 돼지갈비(국내산 300g),14000,8000.0
P002472,착한가격업소,,미용,은하머리방,경기도 부천시 원미구 장말로 107-2 (상동),37.4951947426894,126.753909089054,032-323-7828,커트(남성 여성),12000원,파마(남성 여성기본기장),32000원,가성비 커트(남성 여성),12000,32000.0
P002473,착한가격업소,,식당,장터통큰치킨,경기도 부천시 소사구 경인로 209-1 (심곡본동),37.4836225814119,126.778830099404,032-666-8999,후라이드치킨,9900원,반반치킨,12000원,가성비 후라이드치킨,9900,12000.0
P002474,착한가격업소,,식당,천하제일용천추어탕,경기도 부천시 원미구 부일로 336 (중동),37.4879134447005,126.767428243382,032-661-5889,추어탕,7000원,돼지국밥,8000원,가성비 추어탕,7000,8000.0
P002475,착한가격업소,,식당,홍두깨손칼국수,경기도 부천시 원미구 역곡로20번길 32 (역곡동),37.4873766643968,126.812564101941,032-342-2558,잔치국수,3500원,칼국수,5500원,가성비 잔치국수,3500,5500.0
P002476,착한가격업소,,식당,아리산,경기도 부천시 원미구 석천로178번길 27 (중동),37.5031778410397,126.764438418855,032-324-0133,짜장면,5000원,짬뽕,6000원,가성비 짜장면,5000,6000.0
P002477,착한가격업소,,식당,형아네,경기도 부천시 원미구 상동로 113 (상동),37.5074497229108,126.753034974307,0507-1380-2662,모듬초밥,9900원,돈까스카레,8500원,가성비 모듬초밥,9900,8500.0
P002478,착한가격업소,,식당,국보1호점,"경기도 부천시 원미구 길주로 234 (중동, 힐스테이트 중동) 국보1호점",37.5034030678944,126.76820669882,032-651-1566,보쌈 400g,20000원,보쌈600g,30000원,가성비 보쌈 400g,20000,30000.0
P002479,착한가격업소,,식당,두꺼비부대찌개부천점,경기도 부천시 원미구 중동로254번길 11 (중동) 두꺼비부대찌개부천점,37.5025442497694,126.769459373183,032-321-6665,부대찌개,9000원,,,가성비 부대찌개,9000,
P002480,착한가격업소,,식당,맛단지,경기도 부천시 원미구 조종로49번길 9 (원미동) 맛단지,37.4931508034423,126.790186808201,,맛단지SET(떡볶이+짜장떡볶이+튀김+순대),6000원,떡볶이,3000원,가성비 맛단지SET(떡볶이+짜장떡볶이+튀김+순대),6000,3000.0
P002481,착한가격업소,,식당,삼미정,경기도 부천시 원미구 부일로571번길 12 (소사동) 삼미정,37.4846914308035,126.793456488803,032-344-3220,설렁탕,8000원,생삼겹살,14000원,가성비 설렁탕,8000,14000.0
P002482,착한가격업소,,미용,엔젤헤어,경기도 부천시 원미구 부일로571번길 30 (소사동) 엔젤헤어,37.4853061638661,126.792773905337,032-347-4808,커트,8000원,염색,20000원,가성비 커트,8000,20000.0
P002483,착한가격업소,,식당,이조옛날순대국,경기도 부천시 원미구 부천로6번길 16 (심곡동) 이조옛날순대국,37.4845738732916,126.783701689948,032-666-1253,순대국,8000원,갈비탕,9000원,가성비 순대국,8000,9000.0
P002484,착한가격업소,,식당,지리산솥뚜껑암돼지생고기,경기도 부천시 소사구 은성로 40 (소사본동) 지리산솥뚜껑암돼지생고기,37.4750858496643,126.795044172255,032-347-3334,삼겹살,12000원,냉면,6000원,가성비 삼겹살,12000,6000.0
P002485,착한가격업소,,식당,칼삼,경기도 부천시 원미구 조마루로386번길 22 (원미동) 칼삼,37.4969596430289,126.786327197122,032-614-5677,생삼겹살,9000원,점심특선 우삼겹살,6000원,가성비 생삼겹살,9000,6000.0
P002486,착한가격업소,,식당,무등산한식뷔페,경기도 부천시 원미구 조마루로400 (원미동) 1층,37.4974926734067,126.788226308682,032-662-7270,한식뷔페,7000원,,,가성비 한식뷔페,7000,
P002487,착한가격업소,,식당,소사왕갈비,경기도 부천시 소사구 소사로257 (소사본동) 1층,37.4812670938277,126.795182296843,032-349-2801,돼지왕갈비(350g),15000원,암돼지왕갈비(250g),15000원,가성비 돼지왕갈비(350g),15000,15000.0
P002488,착한가격업소,,식당,고향집,경기도 부천시 소사구 부광로16번길29 (괴안동) 1층,37.4826432476995,126.811785953622,070-8287-3666,순대국,8000원,김치찌개,7000원,가성비 순대국,8000,7000.0
P002489,착한가격업소,,식당,군산옛날김치찌개,"경기도 부천시 오정구 수도로51 (삼정동, 월드맨션)",37.514117061884,126.771903505002,032-674-3889,옛날삼겹살(냉삼200g),10000원,생삼겹살(200g),14000원,가성비 옛날삼겹살(냉삼200g),10000,14000.0
P002490,착한가격업소,,기타,부천아이폰 수리 수리마블,경기도 부천시 원미구 부천로3번길48 (심곡동)지하1층B107호,37.4853817615312,126.780308131242,0507-1401-8881,배터리교체,40000원,액정교체,60000원,가성비 배터리교체,40000,60000.0
P002491,착한가격업소,,식당,연탄구이깜탄,경기도 부천시 원미구 부흥로414번길16 (심곡동),37.4886136664705,126.78570159764,0507-1376-9969,삼겹살(100g),6900원,목살(100g),6900원,가성비 삼겹살(100g),6900,6900.0
P002492,착한가격업소,,미용,오늘도예쁘다헤어샵,경기도 부천시 오정구 역곡로482번길138,37.5249988889831,126.823074785747,032-679-7570,커트,10000원,파마,25000원,가성비 커트,10000,25000.0
P002493,착한가격업소,,식당,집밥권선생,"경기도 부천시 원미구 부일로 565-1, 1층 (소사동)",37.4845740489715,126.793158543379,032-341-5570,냉동삼겹살(200g),10000원,,,가성비 냉동삼겹살(200g),10000,
P002494,착한가격업소,,식당,영웅갈매기,경기도 화성시 봉담읍 와우안길 26-9,37.2151996888362,126.978530352685,031-226-0503,갈매기살,8000원,,,가성비 갈매기살,8000,
P002495,착한가격업소,,식당,정원 오리더덕주물럭,"경기도 화성시 병점중앙로152, 101호",37.2113216713878,127.038785109702,031-226-7503,오리더덕주물럭,16000원,막국수,8000원,가성비 오리더덕주물럭,16000,8000.0
P002496,착한가격업소,,식당,전설의짬뽕,경기도 화성시 병점로 50 (병점동),37.2109722899992,127.039734177303,031-221-6364,짜장면,6000원,,,가성비 짜장면,6000,
P002497,착한가격업소,,식당,청마루,경기도 화성시 봉담읍 와우안길 26-9,37.2151996888362,126.978530352685,031-221-9889,짜장면,6000원,짬뽕,7000원,가성비 짜장면,6000,7000.0
P002498,착한가격업소,,식당,동화루,"경기도 화성시 봉담읍 동화길 93-6 101, 102호 (지존타워)",37.2164347106813,126.959428786768,031-297-0449,짜장면,7000원,짬뽕,7000원,가성비 짜장면,7000,7000.0
P002499,착한가격업소,,미용,머리못하는집,경기도 화성시 봉담읍 샘마을길 26 상가204호,37.2179759639921,126.950021936934,031-227-0698,남녀성인커트,10000원,파마,23000원,가성비 남녀성인커트,10000,23000.0
P002500,착한가격업소,,미용,Pro바리깡,경기도 화성시 봉담읍 동화새터길 122 상가동 104호,37.2158618393741,126.961640013787,031-227-0811,커트,8000원,,,가성비 커트,8000,
P002501,착한가격업소,,미용,나이스클럽,경기도 화성시 병점2로 81-1 (병점동),37.2087527076698,127.045088900119,,커트,10000원,파마,30000원,가성비 커트,10000,30000.0
P002502,착한가격업소,,식당,하오츠,경기도 화성시 봉담읍 효행로 226,37.2274332480457,126.971016562759,031-225-1317,짜장면,7000원,,,가성비 짜장면,7000,
P002503,착한가격업소,,식당,행복한짜장면집,경기도 화성시 효행로 1075-7 뱅뱅프라자 120호,37.2157045697182,127.043669867106,031-223-8255,짜장면,5000원,짬뽕,6000원,가성비 짜장면,5000,6000.0
P002504,착한가격업소,,식당,나래궁,경기도 화성시 반정로 151,37.234195244508,127.039305062021,031-223-0300,짜장면,5000원,짬뽕,6000원,가성비 짜장면,5000,6000.0
P002505,착한가격업소,,식당,예빈,"경기도 화성시 봉담읍 샘마을길 60, 1층",37.2156750582167,126.952238988714,031-227-2478,짬뽕,8500원,짜장면,7500원,가성비 짬뽕,8500,7500.0
P002506,착한가격업소,,미용,영헤어,"경기도 화성시 향남읍 행정서남로 62, 101호",37.1292682407196,126.910456324321,,남성커트,9000원,여성커트,10000원,가성비 남성커트,9000,10000.0
P002507,착한가격업소,,미용,매니아헤어,경기도 화성시 향남읍 3.1 만세로 1104,37.1321566291806,126.908144841286,031-352-1969,남성커트,10000원,여성커트,12000원,가성비 남성커트,10000,12000.0
P002508,착한가격업소,,미용,헤어벨,경기도 화성시 우정읍 조암남로 25,37.0834813995757,126.818161545968,031-351-5612,파마,60000원,,,가성비 파마,60000,
P002509,착한가격업소,,미용,진진남녀커트염색파마,경기도 화성시 장안면 3.1만세로 117,37.0860297140877,126.825848734851,031-358-5372,커트,10000원,파마,35000원,가성비 커트,10000,35000.0
P002510,착한가격업소,,미용,헤어미라클,"경기도 화성시 동탄역로 128, 205호",37.1978566796276,127.096584142894,,남성커트,10000원,여성커트,15000원,가성비 남성커트,10000,15000.0
P002511,착한가격업소,,미용,헤어제이,"경기도 화성시 영통로 26번길 20, 108호",37.2338488675891,127.066233149867,031-203-1239,학생커트,10000원,일반커트,15000원,가성비 학생커트,10000,15000.0
P002512,착한가격업소,,미용,머리해요!,"경기도 화성시 화산중앙로64번길 16, 103호",37.2097182944741,127.013069215718,031-238-1664,커트,15000원,,,가성비 커트,15000,
P002513,착한가격업소,,미용,퀸헤어샵,경기도 화성시 정남면 만년로 464,37.1628062065613,126.983541040748,031-353-8464,커트,15000원,,,가성비 커트,15000,
P002514,착한가격업소,,미용,백만송이헤어,경기도 화성시 봉담읍 와우안길 60,37.2167519927704,126.97561289225,031-225-3832,커트,15000원,,,가성비 커트,15000,
P002515,착한가격업소,,미용,홍은표미용실,경기도 화성시 매송면 매송고색로375번길 15,37.2450291238775,126.945993944998,031-293-4330,커트,15000원,,,가성비 커트,15000,
P002516,착한가격업소,,미용,토브헤어,"경기도 화성시 봉담읍 샘마을1길 26, 104호",37.2181431719367,126.950602514846,031-295-9270,커트,12000원,,,가성비 커트,12000,
P002517,착한가격업소,,미용,에이치엔제이,경기도 화성시 남양읍 역골동로 89,37.2078681500415,126.831108704022,031-356-8070,커트,15000원,,,가성비 커트,15000,
P002518,착한가격업소,,식당,복고설렁탕,"경기도 화성시 향남읍 상신하길로328번길 20, 204호",37.1165635470824,126.912915602186,031-352-8250,설렁탕,11000원,선지해장국,9000원,가성비 설렁탕,11000,9000.0
P002519,착한가격업소,,카페,숨터,경기도 화성시 장안면 장안로 439-4,37.078380612264,126.86237532422,,"커피(hot, ice)","3,000 / 3,500원",,,"가성비 커피(hot, ice)",3000,
P002520,착한가격업소,,식당,스시도마,"경기도 화성시 지산1길 26-7, 1층",37.2089142383679,127.112278393043,031-373-0048,런치초밥,13900원,,,가성비 런치초밥,13900,
P002521,착한가격업소,,식당,한아름식당,경기도 화성시 동탄반송3길 40-18,37.2094988736752,127.066981180207,031-376-5206,김치두루치기,10000원,,,가성비 김치두루치기,10000,
P002522,착한가격업소,,식당,만년가든,경기도 화성시 정남면 만년로 430,37.1602836614709,126.982671669872,031-353-3308,삼겹살(200g) ,15000원,갈비탕 ,13000원,가성비 삼겹살(200g) ,15000,13000.0
P002523,착한가격업소,,식당,오누이손칼국수수제비,경기도 화성시 봉담읍 상봉길 31 114호,37.2175505733416,126.952415594252,031-227-1909,오누이칼국수,7000원,,,가성비 오누이칼국수,7000,
P002524,착한가격업소,,카페,옥탑빵,"경기도 화성시 병점노을로 31 (병점동, 병점역 아이파크 캐슬) 1동 1층 19호",37.2019806942128,127.029604505777,0507-1341-9615,소금빵,2500원,아메리카노,2000원,가성비 소금빵,2500,2000.0
P002525,착한가격업소,,식당,낭만양꼬치,경기도 화성시 봉담읍 샘마을길 51 102호,37.2165305968552,126.952219746973,0507-1466-8082,양갈비살,14000원,,,가성비 양갈비살,14000,
P002526,착한가격업소,,식당,부산고기빵,경기도 화성시 봉담읍 상리3길 43-18 108호,37.2282763736371,126.942448055427,0507-1325-1745,햄버거 단품 7종,5600원,,,가성비 햄버거 단품 7종,5600,
P002527,착한가격업소,,식당,다온국수,경기도 화성시 우정읍 조암남로33번길 1 1층,37.0841015944404,126.818743327006,031-351-6355,비빔밥,7000원,,,가성비 비빔밥,7000,
P002528,착한가격업소,,식당,삼성낙지칼국수,경기도 화성시 서신면 바다뜰길 100 1동 1층,37.1672054343303,126.705698126022,031-356-9077,바지락칼국수,8000원,,,가성비 바지락칼국수,8000,
P002529,착한가격업소,,식당,송산칼국수,경기도 화성시 송산면 송산포도로 116-2 1층,37.2144939692012,126.736132502211,0507-1314-8381,칼국수,8000원,,,가성비 칼국수,8000,
P002530,착한가격업소,,미용,헤어드제이,"경기도 화성시 떡전골로 96-4, 111호",37.2070229786487,127.034276195495,0507-1359-1781,학생커트,12000원,남성커트,18000원,가성비 학생커트,12000,18000.0
P002531,착한가격업소,,식당,차호차호,경기도 화성시 병점중앙로 100-9,37.2077098246058,127.042424848987,031-223-5282,짜장면,5500원,,,가성비 짜장면,5500,
P002532,착한가격업소,,식당,한입한쌈,"경기도 화성시 동탄산척로2가길4-5, 101호",37.1733437280917,127.113422911253,031-375-2545,월남쌈 1인,12900원,,,가성비 월남쌈 1인,12900,
P002533,착한가격업소,,식당,한입한쌈 동탄센트럴파크점,"경기도 화성시 동탄공원로3길 18-5, 103-103",37.2079119327384,127.061519071669,0507-1339-2545,월남쌈 1인,12900원,,,가성비 월남쌈 1인,12900,
P002534,착한가격업소,,식당,한일떡볶이,경기도 화성시 향남읍 행정서로3길 4-42 1층,37.130121577729,126.917063594703,,떡볶이,3000원,,,가성비 떡볶이,3000,
P002535,착한가격업소,,식당,사골식당,경기도 화성시 동탄순환대로 690 (영천동) 1층,37.2065097542128,127.111548687984,031-375-4963,한우사골부대찌개,10500원,,,가성비 한우사골부대찌개,10500,
P002536,착한가격업소,,식당,마포숯불갈비 동탄점,경기도 화성시 동탄기흥로520번가길 10-12 (영천동) 마포숯불갈비,37.2083609915985,127.094186643716,0507-1488-2229,제육볶음,9000원,돼지김치찌개,9000원,가성비 제육볶음,9000,9000.0
P002537,착한가격업소,,카페,선한커피,경기도 화성시 동탄순환대로10길 42 (산척동) 상가1층 104호,37.1665218597841,127.121750286795,0507-1376-7515,아메리카노,2500원,카페라떼,3500원,가성비 아메리카노,2500,3500.0
P002538,착한가격업소,,식당,이찌돈,경기도 화성시 봉담읍 와우안길 26-9 이찌돈,37.2151996888362,126.978530352685,031-224-3331,로스까스,9000원,치즈돈까스,9000원,가성비 로스까스,9000,9000.0
P002539,착한가격업소,,기타,RPM셀프세차장,경기도 화성시 향남읍 발안남로 7 RPM셀프세차장,37.1319017152184,126.89947859755,031-354-7717,소형세차,27000원,,,가성비 소형세차,27000,
P002540,착한가격업소,,미용,쿨가이(남성커트전문점),경기도 화성시 우정읍 조암리 270-17,37.0838291333445,126.818875676046,031-351-9910,남성커트 ,10000원,커트+새치염색,25000원,가성비 남성커트 ,10000,25000.0
P002541,착한가격업소,,카페,단 짝,경기도 화성시 동탄솔빛로 51,37.1936789086581,127.073116298351,,아메리카노,1800원,카페라떼,2500원,가성비 아메리카노,1800,2500.0
P002542,착한가격업소,,식당,태원한우정육식당,경기도 화성시 효행로 1040번길 20,37.2121719667409,127.042029887589,0507-1473-1603,삼겹살(200g) ,12000원,,,가성비 삼겹살(200g) ,12000,
P002543,착한가격업소,,식당,장수손두부,경기도 화성시 메타폴리스로 47-11,37.2025627516236,127.072365193546,,청국장,7000원,콩비지찌개,7000원,가성비 청국장,7000,7000.0
P002544,착한가격업소,,식당,박가네김밥,경기도 화성시 향남읍 평 3길 22,37.1317480470285,126.908208694732,031-353-0067,원조김밥,3000원,우동,4000원,가성비 원조김밥,3000,4000.0
P002545,착한가격업소,,미용,포맨클럽,"경기도 화성시 향남읍 3.1만세로 1099, 2호",37.1320154852789,126.907748309657,,남성커트 ,10000원,경로우대,9000원,가성비 남성커트 ,10000,9000.0
P002546,착한가격업소,,미용,핸섬보이,경기도 화성시 향남읍 3.1만세로 1114,37.1328781614433,126.909147721593,,남성커트 ,10000원,염색,15000원,가성비 남성커트 ,10000,15000.0
P002547,착한가격업소,,식당,원조옛날짜장 기사의집,경기도 화성시 팔탄면 삼천병마로 542-4,37.1571129829541,126.928487012486,031-8059-8195,짜장면,7000원,,,가성비 짜장면,7000,
P002548,착한가격업소,,식당,보름달숯불구이,"경기도 화성시 10용사로 567, 4층",37.1886036938321,127.072584326703,031-8015-0120,한우생등심(200g),24000원,한돈오겹살(200g),16000원,가성비 한우생등심(200g),24000,16000.0
P002549,착한가격업소,,식당,명품달인김밥,"경기도 화성시 동탄반석로120, 102호",37.1996149505362,127.071641821896,031-8058-0240,달인김밥,2800원,명품김밥,3500원,가성비 달인김밥,2800,3500.0
P002550,착한가격업소,,식당,마주한우,경기도 화성시 남양읍 현대연구소로 153,37.1606520340833,126.818711801545,031-355-9142,한돈삼겹살(180g),14000원,등심(100g),21000원,가성비 한돈삼겹살(180g),14000,21000.0
P002551,착한가격업소,,식당,짜장집 2900,경기도 화성시 향남읍 향남로 430-18,37.1326768720922,126.923034575135,,짜장면,3900원,짬뽕,5500원,가성비 짜장면,3900,5500.0
P002552,착한가격업소,,미용,야래향헤어샵,경기도 화성시 향남읍 발안서로42번길 9,37.1317552753848,126.905481972432,,여성커트,15000원,남성커트,15000원,가성비 여성커트,15000,15000.0
P002553,착한가격업소,,미용,꾸슈헤어box,경기도 화성시 봉담읍 삼천병마로 1256-8,37.2180657744002,126.947264569143,031-227-1999,여성커트,15000원,남성커트,10000원,가성비 여성커트,15000,10000.0
P002554,착한가격업소,,미용,금빛미용실,경기도 화성시 봉담읍 진등1길 54,37.2206783371626,126.948843302764,031-227-9739,성인커트,15000원,아동커트,12000원,가성비 성인커트,15000,12000.0
P002555,착한가격업소,,미용,유정헤어,경기도 화성시 매송면 푸른들판로2030,37.2782853937116,126.8849844213,031-295-4959,성인커트,14000원,,,가성비 성인커트,14000,
P002556,착한가격업소,,미용,태화미용실,경기도 화성시 송산면 송산로 35,37.2137062720485,126.730647323801,031-355-4747,성인커트,10000원,,,가성비 성인커트,10000,
P002557,착한가격업소,,식당,빵고을,경기도 화성시 송산면 사강로 190,37.2129377299024,126.737046182165,031-357-7606,꽈배기,1000원,팥빵,1400원,가성비 꽈배기,1000,1400.0
P002558,착한가격업소,,미용,압구정헤어,경기도 화성시 남양읍 남양시장로 89,37.2102220449032,126.819023287811,031-355-7284,남성커트,10000원,염색,15000원,가성비 남성커트,10000,15000.0
P002559,착한가격업소,,기타,센팍놀터,경기도 화성시 동탄지성로 108 (반송동) 삼성프라자 3층 302호,37.2085263891644,127.063678793967,0507-1487-8550,보드게임(1시간),3000원,만화(1시간),3000원,가성비 보드게임(1시간),3000,3000.0
P002560,착한가격업소,,식당,동해소바,"경기도 화성시 동탄대로 495, 110호",37.1979569308405,127.098271241651,031-8055-8156,잔치국수,6000원,만두,5000원,가성비 잔치국수,6000,5000.0
P002561,착한가격업소,,미용,윤헤어모드,경기도 화성시 향남읍 평2길 19,37.1320979440689,126.908344107598,,커트,12000원,,,가성비 커트,12000,
P002562,착한가격업소,,식당,꼬꼬만찬,경기도 화성시 팔탄면 푸른들판로616 1동 1층,37.1640708719383,126.897876230094,031-351-5188,곰탕,8000원,닭도리탕,12000원,가성비 곰탕,8000,12000.0
P002563,착한가격업소,,미용,에쁜염색,경기도 화성시 남양시장로 55번길 23,37.210051802986,126.817357522318,,뿌리염색,13000원,천연염색,20000원,가성비 뿌리염색,13000,20000.0
P002564,착한가격업소,,미용,예쁜머리,경기도 화성시 남양읍 역골중앙로100번길 20 102호,37.2081252016944,126.830528421562,031-356-9581,남성커트,10000원,여성커트,12000원,가성비 남성커트,10000,12000.0
P002565,착한가격업소,,미용,사랑새헤어샵,경기도 화성시 남양읍 남양시장로46,37.2086794505802,126.814308827503,031-356-6544,남성커트,12000원,,,가성비 남성커트,12000,
P002566,착한가격업소,,미용,패션헤어샵,"경기도 화성시 남양읍 남양성지로123, 105-2호",37.2081992137885,126.817220044988,031-356-5685,남성커트,9000원,여성커트,11000원,가성비 남성커트,9000,11000.0
P002567,착한가격업소,,카페,카이트커피,"경기도 화성시 삼성1로 156, 104호",37.2177479780569,127.078166717895,,아메리카노HOT/ICE,3000원,,,가성비 아메리카노HOT/ICE,3000,
P002568,착한가격업소,,미용,미르헤어샵,"경기도 화성시 남양읍 역골중앙로100번길 12-25, 102호",37.2070857341722,126.830642833657,0507-1377-4895,남성커트,12000원,,,가성비 남성커트,12000,
P002569,착한가격업소,,미용,유경헤어샵,경기도 화성시 반송동 동탄중앙로97 새강휴먼시아 다상가 103호,37.1941867560425,127.070111657249,031-8003-4288,남녀성인커트,15000원,,,가성비 남녀성인커트,15000,
P002570,착한가격업소,,미용,킹스맨헤어,경기도 화성시 송산면 송산포도로 91-1,37.213574965041,126.73851801915,,남성커트,11000원,,,가성비 남성커트,11000,
P002571,착한가격업소,,식당,우렁한쌈,경기도 화성시 송산면 화성로 414-1,37.2118676824694,126.734919986387,,제육우렁쌈밥정식,14000원,보쌈우럼쌈밥정식,14000원,가성비 제육우렁쌈밥정식,14000,14000.0
P002572,착한가격업소,,기타,박성철복싱클럽,"경기도 화성시 효행로 287, 208호",37.2227375744355,126.974351716945,031-232-5001,1개월,130000원,3개월,330000원,가성비 1개월,130000,330000.0
P002573,착한가격업소,,식당,디알식당,경기도 화성시 장안면 석포로 362-6번지,37.1429971244562,126.82425679644,,한식뷔페 1인,6500원,65세이상,3500원,가성비 한식뷔페 1인,6500,3500.0
P002574,착한가격업소,,미용,세련헤어샵,경기도 화성시 병점1동 485 한신상가 206호,37.2032134417825,127.043057539007,031-223-3650,남녀성인커트,13000원,,,가성비 남녀성인커트,13000,
P002575,착한가격업소,,미용,현헤어라인,경기도 화성시 기배로 79,37.2243834807325,126.983183328776,031-225-2932,남녀성인커트,10000원,,,가성비 남녀성인커트,10000,
P002576,착한가격업소,,식당,만금성,경기도 화성시 봉담읍 효행로 291번길 6-2,37.2221347314716,126.974577042589,031-267-0047,짜장면,6500원,,,가성비 짜장면,6500,
P002577,착한가격업소,,미용,선스헤어,"경기도 화성시 동탄순환대로10길 20 (산척동, 동탄호수공원 경기행복주택) 상가동 112호",37.1669797345967,127.119935934772,,남성커트,10000원,여성커트,12000원,가성비 남성커트,10000,12000.0
P002578,착한가격업소,,식당,신이천밥상,경기도 화성시 남양읍 남양로 549-11,37.1890214121822,126.820273339417,,냉면,8000원,,,가성비 냉면,8000,
P002579,착한가격업소,,미용,베이직헤어,경기도 화성시 영통로60번길 16-6 (반월동),37.2365412813255,127.062934222294,031-202-6668,	남성커트,11000원,여성커트,13000원,가성비 	남성커트,11000,13000.0
P002580,착한가격업소,,미용,정희헤어,경기도 화성시 동탄공원로1길 6-3 (반송동),37.2017520173016,127.060055794357,	031-8015-2006,	경로우대커트,12000원,,,가성비 	경로우대커트,12000,
P002581,착한가격업소,,미용,	에뿌제미용실,경기도 화성시 동탄감배산로 30-1 (오산동),37.1899113234288,127.090726732031,031-373-2726,학생커트,9000원,남녀성인커트,12000원,가성비 학생커트,9000,12000.0
P002582,착한가격업소,,카페,안녕 책다방,경기도 화성시 장조4로 14,37.2048714491917,126.99916708242,,아메리카노HOT/ICE,3000원,,,가성비 아메리카노HOT/ICE,3000,
P002583,착한가격업소,,미용,쮸쮸헤어갤러리,경기도 화성시 향남읍 3.1만세로 1094,37.131598916255,126.90739127886,031-353-0949,파마,35000원,염색,35000원,가성비 파마,35000,35000.0
P002584,착한가격업소,,식당,우렁한상,경기도 화성시 동탄대로시범길 134 카림애비뉴 2058,37.1990328379764,127.113063831502,031-373-8999,우렁제육정식,12000원,우렁고등어정식,12000원,가성비 우렁제육정식,12000,12000.0
P002585,착한가격업소,,카페,오앤엘,경기도 화성시 푸른들판로 661-3,37.1670975693592,126.895144963295,031-353-7642,아메리카노HOT/ICE,2500원,,,가성비 아메리카노HOT/ICE,2500,
P002586,착한가격업소,,미용,윤머리방,경기도 화성시 남양시장로 64,37.2088921073006,126.816279406172,031-356-7449,경로우대커트,13000원,,,가성비 경로우대커트,13000,
P002587,착한가격업소,,식당,청춘생고기왕갈비탕,"경기도 화성시 팔탄면 3.1만세로 836, 1층",37.1158297957754,126.887523005362,031-8043-4321,얼큰장터국밥,7900원,왕갈비탕,12900원,가성비 얼큰장터국밥,7900,12900.0
P002588,착한가격업소,,식당,현스베이글스퀘어,경기도 화성시 동탄광역환승로 73 207동 E012호,37.2028863829237,127.090020319633,,플레인베이글,990원,블루베리베이글,2000원,가성비 플레인베이글,990,2000.0
P002589,착한가격업소,,식당,오순도순,"경기도 화성시 작현길 19, 1층 102호",37.2075850715329,127.017799772747,0507-1372-3670,잔치국수,5000원,,,가성비 잔치국수,5000,
P002590,착한가격업소,,식당,아빠손칼국수,경기도 화성시 동탄기흥로 257번가길 24-7,37.1812039454496,127.091370708674,031-372-7746,손칼국수,6000원,,,가성비 손칼국수,6000,
P002591,착한가격업소,,미용,선헤어,경기도 화성시 양감면 은행나무로 273-1,37.0824784818715,126.944654944267,031-352-8759,"어르신, 학생커트",12000원,남성커트,13000원,"가성비 어르신, 학생커트",12000,13000.0
P002592,착한가격업소,,식당,다봉랭삼,경기도 화성시 동탄중심상가2길 5 리더스프라자 102호,37.2059890547118,127.072714636477,0507-1376-7895,비빔국수,7000원,비빔쫄면,7000원,가성비 비빔국수,7000,7000.0
P002593,착한가격업소,,미용,모던헤어,"경기도 화성시 남양시장로42번길 11-4, 1층",37.2077956615193,126.81439841092,031-356-8353,남성커트,13000원,여성커트,13000원,가성비 남성커트,13000,13000.0
P002594,착한가격업소,,미용,러블리헤어,"경기도 화성시 남양시장로 55번길 5-1, 1층",37.2092935675862,126.81537967784,031-355-1144,성인커트,12000원,,,가성비 성인커트,12000,
P002595,착한가격업소,,카페,루루도넛,"경기도 화성시 상리중심상가길 6-4, 108호",37.2243371291513,126.946386958511,0507-1428-6017,글레이즈도넛,2000원,아메리카노,1500원,가성비 글레이즈도넛,2000,1500.0
P002596,착한가격업소,,식당,코리안손짜장,경기도 화성시 경기동로 500,37.150505225435,127.124757272287,031-375-0154,옛날손짜장,7000원,,,가성비 옛날손짜장,7000,
P002597,착한가격업소,,식당,일냉집,경기도 화성시 동탄하나1길 47-7 1층,37.2176588385305,127.059262158463,031-613-7842,돌돌이냉삼(100g),5500원,사각냉삼(100g),6500원,가성비 돌돌이냉삼(100g),5500,6500.0
P002598,착한가격업소,,카페,석우동카페,"경기도 화성시 동학산1길5-1, 1층",37.2238133052678,127.075088699474,,아메리카노,3000원,,,가성비 아메리카노,3000,
P002599,착한가격업소,,식당,노블치킨,"경기도 화성시 병점2로 94, 104호",37.209097965074,127.046551580265,031-222-3343,후라이드치킨,12000원,양념치킨,14000원,가성비 후라이드치킨,12000,14000.0
P002600,착한가격업소,,미용,더맨,경기도 화성시 효행로 241 102호,37.2260528580675,126.972594826021,,커트,10000원,새치염색,25000원,가성비 커트,10000,25000.0
P002601,착한가격업소,,미용,청광헤어샵,경기도 화성시 안녕남로 16-19 104호,37.1963130327708,126.985727787764,,커트(75세이상),8000원,,,가성비 커트(75세이상),8000,
P002602,착한가격업소,,식당,한우골,경기도 화성시 봉답읍 시냇말길 19,37.2110039104015,126.957899448485,031-297-0011,곤드레밥 정식,10000원,곤드레 청국장 버섯전골,13000원,가성비 곤드레밥 정식,10000,13000.0
P002603,착한가격업소,,미용,지구촌 헤어샵,"경기도 화성시 향남읍 평6길 59-1, 101호",37.1312993474753,126.907666350583,031-353-0417,커트,15000원,일반펌,35000원,가성비 커트,15000,35000.0
P002604,착한가격업소,,식당,강원도청국장,"경기도 안산시 단원구 광덕대로 146, 일번지프라자 125호 (고잔동)",37.3094302796125,126.830679089431,031-405-0227,청국장,7000원,김치찌개,7000원,가성비 청국장,7000,7000.0
P002605,착한가격업소,,식당,구포멸치국수,"경기도 안산시 상록구 본삼로 44, 1층",37.30070090488,126.864892318037,031-502-7779,멸치국수,5500원,비빔국수,7000원,가성비 멸치국수,5500,7000.0
P002606,착한가격업소,,식당,국빈중화요리,"경기도 안산시 상록구 예술광장1로 7, 지하 (월피동)",37.3287847148483,126.843356388667,031-484-7506,짜장,5000원,짬뽕,8000원,가성비 짜장,5000,8000.0
P002607,착한가격업소,,식당,꽃빛공원휴게소 음식점,경기도 안산시 단원구 순환로 390 A동 (와동),37.3426049235782,126.8336714162,031-403-6360,잔치국수,6000원,비빔밥,7000원,가성비 잔치국수,6000,7000.0
P002608,착한가격업소,,식당,남도목포맛집,경기도 안산시 상록구 선진4길 39 (사동),37.2802381119759,126.851605644959,031-418-2728,청국장,10000원,남도백반,8000원,가성비 청국장,10000,8000.0
P002609,착한가격업소,,식당,남도한식부페,"경기도 안산시 상록구 광덕3로 324, 1층 (이동)",37.3113016330863,126.848842564326,031-501-5959,뷔페성인,7000원,뷔페미취학,5000원,가성비 뷔페성인,7000,5000.0
P002610,착한가격업소,,식당,네오빌김밥,"경기도 안산시 단원구 광덕동로 78, 104호 (고잔동)",37.3098319651472,126.83334826025,031-411-0027,야채김밥,2500원,떡볶이,3000원,가성비 야채김밥,2500,3000.0
P002611,착한가격업소,,식당,다빈,"경기도 안산시 단원구 화랑로 402, 지하106호 (고잔동)",37.3207552346417,126.832421355757,031-413-8818,된장찌개,7000원,순두부찌개,8000원,가성비 된장찌개,7000,8000.0
P002612,착한가격업소,,식당,대박식당,"경기도 안산시 상록구 영화5길 12, 1층 (사동)",37.2795580042355,126.850599930676,031-407-8488,돈까스,10000원,생선까스,10000원,가성비 돈까스,10000,10000.0
P002613,착한가격업소,,식당,동산떡집,경기도 안산시 상록구 감골1로 37 중심상가 108호 (사동),37.2882991395433,126.851301571016,031-418-5488,가래떡 (1말),70000원,절편 (1말),80000원,가성비 가래떡 (1말),70000,80000.0
P002614,착한가격업소,,식당,드럼통 삼겹살,"경기도 안산시 단원구 와동로 23, 1층 (와동)",37.332918175069,126.827658169717,031-482-8640,삼겹살 (180g),11800원,왕갈비 (250g),12800원,가성비 삼겹살 (180g),11800,12800.0
P002615,착한가격업소,,미용,똥머리,경기도 안산시 단원구 광덕동로 55 (고잔동),37.3094024212534,126.832312883491,031-402-1956,컷트(남),8000원,컷트(여),10000원,가성비 컷트(남),8000,10000.0
P002616,착한가격업소,,미용,신세계미용실,"경기도 안산시 단원구 예술대학로 89, 104호 (고잔동)",37.3249079775273,126.837114294745,031-401-2100,컷트,9000원,염색,35000원,가성비 컷트,9000,35000.0
P002617,착한가격업소,,기타,아트당구장,경기도 안산시 상록구 한양대학로 60 3층 (사동),37.3008680168598,126.837624196096,031-417-0747,중대(10분),1500원,기본요금,6000원,가성비 중대(10분),1500,6000.0
P002618,착한가격업소,,식당,양푼애등갈비,경기도 안산시 상록구 송호3길8 (이동),37.312434845029,126.846379164444,031-501-8881,양푼애등갈비,16000원,곤드레나물밥,6000원,가성비 양푼애등갈비,16000,6000.0
P002619,착한가격업소,,세탁&목욕,월드세탁,"경기도 안산시 상록구 안산천남1로 70, 104호 (이동)",37.3081196736907,126.84319735346,031-502-6654,양복한벌,10000원,바지,4000원,가성비 양복한벌,10000,4000.0
P002620,착한가격업소,,식당,이가본식당,"경기도 안산시 단원구 광덕동로 95, 궁전타워 106호 (고잔동)",37.3129721977202,126.832609989701,031-480-9992,황태탕,10000원,청국장 산채정식,12000원,가성비 황태탕,10000,12000.0
P002621,착한가격업소,,식당,이천밥상,"경기도 안산시 상록구 예술광장로 49, 108호 (성포동)",37.3268208748123,126.846973828632,031-401-3384,뷔페성인,8500원,뷔페소인,5000원,가성비 뷔페성인,8500,5000.0
P002622,착한가격업소,,식당,일광식당,"경기도 안산시 단원구 화정천동로8길 2, 1층 (와동)",37.3478987025196,126.819214552645,031-410-9888,한식부페,8500원,,,가성비 한식부페,8500,
P002623,착한가격업소,,식당,장군만두,"경기도 안산시 단원구 고잔2길 42, 115호 (고잔동)",37.3174822859074,126.835866109643,031-406-0373,튀김만두,6000원,왕만두 3개,6000원,가성비 튀김만두,6000,6000.0
P002624,착한가격업소,,미용,장지영헤어샵,경기도 안산시 상록구 구룡서길 24 (일동),37.3132352082289,126.868984717177,031-406-3989,여컷트,13000원,학생컷트,10000원,가성비 여컷트,13000,10000.0
P002625,착한가격업소,,식당,진미식당,경기도 안산시 상록구 이동로 6 (이동),37.3081182391609,126.858276774549,031-406-1739,오늘의 메뉴,8000원,청국장,8000원,가성비 오늘의 메뉴,8000,8000.0
P002626,착한가격업소,,카페,카페산책,"경기도 안산시 단원구 초지동로 7, 극동스포랜드 123호 (초지동)",37.3043159480062,126.816204306846,070-4791-9382,아메리카노,3000원,까페라떼,4000원,가성비 아메리카노,3000,4000.0
P002627,착한가격업소,,기타,큐당구장,경기도 안산시 상록구 한양대학1길 1호 3층 (사동),37.2999709445775,126.838149579835,031-415-7858,기본요금,6000원,중대(10분),1500원,가성비 기본요금,6000,1500.0
P002628,착한가격업소,,미용,한나헤어아트,경기도 안산시 상록구 광덕산로 19 (월피동),37.3339168704749,126.843744960889,031-405-6265,펌,35000원,컷트,8000원,가성비 펌,35000,8000.0
P002629,착한가격업소,,식당,한형규제과점,"경기도 안산시 상록구 월피로 22, 현대상가 A-17 (월피동)",37.330958623454,126.8488917667,031-484-1917,완두빵,1500원,링도너츠,1500원,가성비 완두빵,1500,1500.0
P002630,착한가격업소,,미용,헤라디자인클럽,"경기도 안산시 단원구 한양대학로 132, 105호 (고잔동)",37.3067735005395,126.836453160621,031-413-5823,컷트,10000원,파마,35000원,가성비 컷트,10000,35000.0
P002631,착한가격업소,,식당,한상생고기,경기도 안산시 단원구 광덕동로 95 115호 궁전타워 (고잔동),37.3129721977202,126.832609989701,031-411-6677,차돌박이된장찌개,8000원,부대찌개,8000원,가성비 차돌박이된장찌개,8000,8000.0
P002632,착한가격업소,,식당,파스타픽,"경기도 안산시 단원구 고잔로 57-11, 104호",37.3203786138502,126.832174665326,0507-1454-1059,토마토파스타,9500원,오일파스타,9500원,가성비 토마토파스타,9500,9500.0
P002633,착한가격업소,,카페,카페마리스,"경기도 안산시 단원구 광덕3로 167-18, 105호 (고잔동)",37.3141265579219,126.831689604321,0507-1386-6336,아메리카노,3000원,카페라떼,4000원,가성비 아메리카노,3000,4000.0
P002634,착한가격업소,,식당,드레푸드,"경기도 안산시 단원구 광덕서로 68, B102호 (고잔동)",37.3108350210703,126.827455566866,031-402-7122,한식부페,8000원,,,가성비 한식부페,8000,
P002635,착한가격업소,,식당,계장수,"경기도 안산시 상록구 영화6길 14, 1층 102호 (사동)",37.2804274053565,126.850948332587,031-505-4173,닭숯불구이 1kg,36000원,양념 닭숯불구이 1kg,38000원,가성비 닭숯불구이 1kg,36000,38000.0
P002636,착한가격업소,,식당,라냐,"경기도 안산시 상록구 예술광장로 1, 333호 (월피동, 다농마트)",37.3283614945831,126.844239273087,0507-1358-9839,라자냐,11000원,미트로프,11000원,가성비 라자냐,11000,11000.0
P002637,착한가격업소,,식당,보약족발(고잔신도시점),"경기도 안산시 단원구 광덕동로 41, 113호 (고잔동, 로진프라자)",37.3081753720013,126.832107602403,031-402-5151,족발 대,36000원,족발 중,32000원,가성비 족발 대,36000,32000.0
P002638,착한가격업소,,식당,청국장이랑갈비찜,"경기도 안산시 단원구 원포공원1로 70 127호 (초지동, 키즈타운)",37.3033051680244,126.810322967041,031-402-9276,청국장,8000원,갈치탕,14000원,가성비 청국장,8000,14000.0
P002639,착한가격업소,,식당,마루솥뚜껑와인삼겹살,"경기도 안산시 단원구 광덕대로 145, 강희빌딩 205호 (고잔동)",37.3095030768449,126.828982812096,031-480-3010,삼겹살(150g),12000원,냉면,5000원,가성비 삼겹살(150g),12000,5000.0
P002640,착한가격업소,,식당,백년식당서서갈비,경기도 안산시 단원구 광덕2로 50 (초지동),37.3103030007956,126.81588234095,031-410-0444,돼지양념구이(250g),16000원,육개장,8000원,가성비 돼지양념구이(250g),16000,8000.0
P002641,착한가격업소,,식당,예담육개장,경기도 안산시 상록구 이호로 43 (본오동),37.2872716238072,126.861730906841,031-502-2525,육개장,10000원,,,가성비 육개장,10000,
P002642,착한가격업소,,식당,별미식당,경기도 안산시 상록구 이동로 12 1층 104호,37.3077335137476,126.858667223881,031-407-9175,된장찌개,8000원,김치찌개,8000원,가성비 된장찌개,8000,8000.0
P002643,착한가격업소,,식당,천산대반점,"경기도 안산시 단원구 와동1로 7, 1층",37.3338356548374,126.822992964411,031-401-0680,짜장면,6000원,짬뽕,8000원,가성비 짜장면,6000,8000.0
P002644,착한가격업소,,식당,서가네 우렁쌈밥,"경기도 안산시 상록구 본이로1안길 38, 1층",37.2959521702672,126.872190676783,031-406-4685,우렁쌈밥,9000원,우렁된장찌개,7000원,가성비 우렁쌈밥,9000,7000.0
P002645,착한가격업소,,식당,커푸르츠,경기도 안산시 단원구 광덕3로 135-10 1층 102호,37.3135641548954,126.828193760195,031-401-3390,에그마요샌드위치,4000원,햄치즈샌드위치,5300원,가성비 에그마요샌드위치,4000,5300.0
P002646,착한가격업소,,식당,다원밥상,"경기도 안산시 단원구 동산로 60, 114호",37.3128745163497,126.796915097295,031-495-1217,제육볶음,9000원,순두부,8000원,가성비 제육볶음,9000,8000.0
P002647,착한가격업소,,미용,동양이용원,경기도 안산시 단원구 선부광장1로 10 (선부동) 201-1호,37.3355246614227,126.807211486801,0507-1337-6238,커트만,10000원,커트(면도까지),14000원,가성비 커트만,10000,14000.0
P002648,착한가격업소,,카페,카페.유,경기도 안산시 단원구 선삼로 42-1 1층,37.3452634330723,126.813277144235,031-411-4882,아메리카노,2200원,카페라떼,4000원,가성비 아메리카노,2200,4000.0
P002649,착한가격업소,,식당,마마국밥,경기도 안산시 단원구 부부로1길 22-1 (원곡동) 1층,37.3309471740826,126.792519132689,031-493-8869,콩비지,8000원,시래기국밥,8000원,가성비 콩비지,8000,8000.0
P002650,착한가격업소,,식당,만원족발,경기도 안산시 단원구 라성로 43 (원곡동) 상가동 104호,37.3275701220286,126.800328503521,031-362-5212,순살족발,10000원,미니족,7000원,가성비 순살족발,10000,7000.0
P002651,착한가격업소,,식당,만원족발,경기도 안산시 단원구 다문화길 23 1층 일부,37.3301685580269,126.790657362945,031-493-5188,순살족발,10000원,미니족,7000원,가성비 순살족발,10000,7000.0
P002652,착한가격업소,,식당,웨스턴족발보쌈,경기도 안산시 단원구 선삼로 38 (선부동) 1층 101호,37.3452363399012,126.813866550314,031-414-7845,족발 소+막국수,33000원,보쌈 소+막국수,33000원,가성비 족발 소+막국수,33000,33000.0
P002653,착한가격업소,,식당,차금순양푼이국수,경기도 안산시 단원구 광덕3로 135-10 (고잔동) 1층 113호,37.3135641548954,126.828193760195,031-401-1192,잔치국수,6000원,양푼이비빔밥,7000원,가성비 잔치국수,6000,7000.0
P002654,착한가격업소,,식당,한아름본토왕족발,"경기도 안산시 상록구 영화7길 20 (사동, 신성아트빌) 1층",37.2808206641478,126.85155815658,031-408-4170,왕족발(중),28000원,왕족발(대),32000원,가성비 왕족발(중),28000,32000.0
P002655,착한가격업소,,미용,수메이크업&헤어,경기도 안산시 단원구 중앙대로 921 (고잔동) 4층 442호,37.3171587889718,126.838995285692,,메이크업,70000원,메이크업+드라이,80000원,가성비 메이크업,70000,80000.0
P002656,착한가격업소,,식당,랭삼집,경기도 안산시 상록구 광덕산안길 14 (월피동) 103호,37.3348782086149,126.844381991056,031-403-2728,삼겹살(180g),10900원,대패삼겹살(180g),10900원,가성비 삼겹살(180g),10900,10900.0
P002657,착한가격업소,,식당,낭만쏘맥X가성비 최고의 치킨집,"경기도 안산시 상록구 광덕산안길 14 (월피동) 101호, 112호",37.3348782086149,126.844381991056,031-410-2728,옛날통닭(포장),9900원,옛날통닭(매장),13900원,가성비 옛날통닭(포장),9900,13900.0
P002658,착한가격업소,,기타,바나나스튜디오,경기도 안산시 상록구 한양대학로 35 (사동) 2층 205호,37.3007133795491,126.839858230192,031-418-0114,여권사진,20000원,사진인화,1000원,가성비 여권사진,20000,1000.0
P002659,착한가격업소,,식당,뽁다떡스,경기도 안산시 상록구 영화7길 24 (사동) 1층,37.2808046493938,126.852008892677,,야채김밥,3500원,떡볶이,4000원,가성비 야채김밥,3500,4000.0
P002660,착한가격업소,,기타,선부에이스탁구클럽,경기도 안산시 선부광장1로 26 지하 103호,37.33612708429,126.80809475155,031-485-3159,월 자유이용권,70000원,,,가성비 월 자유이용권,70000,
P002661,착한가격업소,,식당,흥부네 시래기 감자탕,경기도 안산시 단원구 화정천동로6길 21 (와동) 1층,37.3464842760497,126.821295223444,031-475-7566,시래기 뼈해장국,9000원,시래기 감자탕(소),27000원,가성비 시래기 뼈해장국,9000,27000.0
P002662,착한가격업소,,식당,이조칼국수,"경기도 안산시 단원구 선부광장1로 124, 1층 17, 18호 (선부동)",37.3326403453569,126.811669305113,031-401-5168,해물칼국수,9000원,얼큰칼국수,10000원,가성비 해물칼국수,9000,10000.0
P002663,착한가격업소,,식당,마녀분식,"경기도 안산시 단원구 원고잔로 6, 109호 (고잔동)",37.3178265376626,126.828162849705,031-411-2541,마녀김밥,3500원,국물떡볶이1인,5500원,가성비 마녀김밥,3500,5500.0
P002664,착한가격업소,,미용,버르장머리,경기도 안산시 단원구 선이로 14 제1종합시장,37.34235533022,126.803629350834,031-405-4644,커트,12000원,파마,40000원,가성비 커트,12000,40000.0
P002665,착한가격업소,,식당,이조설렁탕,"경기도 안산시 상록구 각골로 55, 1층 113호 (본오동)",37.2945936421377,126.872325267667,031-409-5508,설렁탕,9000원,소머리국밥,10000원,가성비 설렁탕,9000,10000.0
P002666,착한가격업소,,식당,김여사찬방,"경기도 안산시 상록구 석호로 204 (사동, 엘리지움) 1층 105호",37.2947080627178,126.853344512538,031-415-1123,열무김치 1kg,10000원,배추겉절이,10000원,가성비 열무김치 1kg,10000,10000.0
P002667,착한가격업소,,미용,네일이끌림,경기도 안산시 상록구 네고지2길 50 (사동) 1층 일부,37.2943711807532,126.852921448367,,손케어+영양제,20000원,발케어+영양제,30000원,가성비 손케어+영양제,20000,30000.0
P002668,착한가격업소,,식당,더치킨,경기도 안산시 상록구 학사2길 10 (사동) 1층,37.299837165756,126.839225649126,031-437-8777,크리스피치킨(뼈),17900원,크리스피치킨(순살),19900원,가성비 크리스피치킨(뼈),17900,19900.0
P002669,착한가격업소,,식당,명서돈가스,경기도 안산시 상록구 석호로 216 (사동) 1층 일부,37.2941912116938,126.854499375334,031-362-4494,수제돈까스,9500원,우동,6000원,가성비 수제돈까스,9500,6000.0
P002670,착한가격업소,,미용,발사랑,경기도 안산시 단원구 원고잔로 17 (고잔동) 212호,37.3191326978784,126.827497522066,031-503-3633,다리부종관리,60000원,속눈썹펌,30000원,가성비 다리부종관리,60000,30000.0
P002671,착한가격업소,,미용,뷰티 봄,경기도 안산시 상록구 후곡5길 43 (사동) 102호,37.2967836438175,126.850071083696,,얼굴관리,35000원,등관리,35000원,가성비 얼굴관리,35000,35000.0
P002672,착한가격업소,,식당,전주시골순대국,"경기도 안산시 단원구 고잔1길 76 (고잔동) 109, 110호",37.317662109935,126.841736650241,031-411-1804,순대국,9000원,오소리국밥,8000원,가성비 순대국,9000,8000.0
P002673,착한가격업소,,식당,초지참숯불갈비,경기도 안산시 상록구 석호로 177 (사동) 1층,37.2966729665587,126.851476597148,031-437-9292,숯불양념돼지갈비(200g),10900원,수제양념목살(800g) 포장,21800원,가성비 숯불양념돼지갈비(200g),10900,21800.0
P002674,착한가격업소,,식당,해마루전복삼합보쌈,경기도 안산시 상록구 석호로 196 (사동) 103호,37.2953471643308,126.852616163487,0507-1363-3906,전복삼합구이(2인),60000원,연포탕(2인 이상 주문),20000원,가성비 전복삼합구이(2인),60000,20000.0
P002675,착한가격업소,,식당,온다젤라또,경기도 안산시 단원구 광덕2로 194-4 (고잔동) 101호,37.3092217440944,126.831791006265,070-8844-1107,젤라또 1스쿱(70g),4000원,젤라또 2스쿱(140g),6000원,가성비 젤라또 1스쿱(70g),4000,6000.0
P002676,착한가격업소,,식당,온다젤라또 본오점,경기도 안산시 상록구 샘골로 119 (본오동) 106-7호,37.2945556992494,126.862736667891,070-4141-1107,젤라또 1스쿱(70g),4000원,젤라또 2스쿱(140g),6000원,가성비 젤라또 1스쿱(70g),4000,6000.0
P002677,착한가격업소,,식당,퓨처생돈까스전문점,경기도 안산시 단원구 화정천서로3길 13,37.3431683398405,126.816430051553,031-405-9858,돈까스,6900원,퓨처정식,8000원,가성비 돈까스,6900,8000.0
P002678,착한가격업소,,식당,달달포차,경기도 안산시 상록구 학사2길 2-1 B01,37.2995758622685,126.838561428541,,해물짬뽕탕,18500원,부산오뎅탕,16500원,가성비 해물짬뽕탕,18500,16500.0
P002679,착한가격업소,,식당,도도동,경기도 안산시 단원구 광덕동로 71 2층,37.3108060378884,126.832430016834,0507-1443-8849,가라아게동,9800원,연어덮밥(중),12800원,가성비 가라아게동,9800,12800.0
P002680,착한가격업소,,식당,정가네 고창풍천장어,경기도 안산시 상록구 선진4길 19,37.2803040321057,126.849507390531,031-408-2048,풍천민물장어(1kg),55000원,김치찌개,8000원,가성비 풍천민물장어(1kg),55000,8000.0
P002681,착한가격업소,,식당,맛사랑콩사랑,"경기도 안산시 단원구 당곡로 33, 114호",37.3202540259615,126.833148011528,031-475-3551,비지찌개,6000원,순두부찌개,7000원,가성비 비지찌개,6000,7000.0
P002682,착한가격업소,,카페,우리동네커피,"경기도 안산시 상록구 월피로 78, 103호",37.3351153507432,126.852318459757,031-410-7670,아메리카노,1200원,카페라떼,2400원,가성비 아메리카노,1200,2400.0
P002683,착한가격업소,,식당,화랑찬방,"경기도 안산시 상록구 장화2길 36, 101호",37.2833593169786,126.851395864032,031-408-8180,삼색나물,5000원,닭강정,6000원,가성비 삼색나물,5000,6000.0
P002684,착한가격업소,,미용,초콜릿헤어샵,경기도 안산시 상록구 이화로 43,37.3015474518699,126.856046918946,070-8813-0116,성인커트,15000원,일반펌,40000원,가성비 성인커트,15000,40000.0
P002685,착한가격업소,,미용,이미지미용실,경기도 안산시 상록구 감골1로 50 2층,37.2894678947066,126.851963958966,031-418-8630,커트(남),12000원,커트(여),10000원,가성비 커트(남),12000,10000.0
P002686,착한가격업소,,기타,올리브필라테스,"경기도 안산시 단원구 광덕대로 193, 210호",37.3138242453341,126.829350711692,0507-1342-9870,1:1 개인레슨,50000원,4:1 소그룹,24000원,가성비 1:1 개인레슨,50000,24000.0
P002687,착한가격업소,,식당,대대로순대,"경기도 안산시 단원구 고잔2길 42, 110호",37.3174822859074,126.835866109643,031-485-5716,순대국밥,9000원,뼈해장국,9000원,가성비 순대국밥,9000,9000.0
P002688,착한가격업소,,식당,서울옥,"경기도 안산시 단원구 산단로 123, A동 109, 110호",37.3063694428644,126.787288972681,031-508-0306,설렁탕,9000원,갈비탕,13000원,가성비 설렁탕,9000,13000.0
P002689,착한가격업소,,식당,토스트&친구들,"경기도 안산시 상록구 남산평길 3, 1층 일부",37.3043102295134,126.901233423664,031-403-3396,길거리토스트,3200원,햄치즈토스트,3500원,가성비 길거리토스트,3200,3500.0
P002690,착한가격업소,,기타,세라믹엔,"경기도 안산시 단원구 다리간3길 9-5, 102호",37.3143348654076,126.822854252462,070-8095-3302,도자기페인팅체험(단체),25000원,도자기페인팅체엄(개인),30000원,가성비 도자기페인팅체험(단체),25000,30000.0
P002691,착한가격업소,,식당,구룡대반점,"경기도 안산시 단원구 고잔2길 42, B03호",37.3174822859074,126.835866109643,031-483-9998,짜장면,7000원,짬뽕,8000원,가성비 짜장면,7000,8000.0
P002692,착한가격업소,,식당,고잔숯불갈비,경기도 안산시 단원구 광덕4로 102,37.3151968342583,126.823605137346,031-403-9991,생삼겹살(180g),15000원,돼지갈비(250g),15000원,가성비 생삼겹살(180g),15000,15000.0
P002693,착한가격업소,,식당,할매추어탕,"경기도 안산시 단원구 동산로 60, 2층",37.3128745163497,126.796915097295,031-493-1706,할매추어탕,11000원,삼계탕,15000원,가성비 할매추어탕,11000,15000.0
P002694,착한가격업소,,식당,청학칡냉면,"경기도 안산시 상록구 한양대학로 32, 2층",37.3013579969621,126.840003717822,031-418-2255,물냉면,7500원,비빔냉면,7500원,가성비 물냉면,7500,7500.0
P002695,착한가격업소,,카페,너나들이,"경기도 안산시 단원구 적금로 59, 101호",37.3133738574893,126.825301762227,0507-1335-9951,아메리카노,3000원,마카롱,2000원,가성비 아메리카노,3000,2000.0
P002696,착한가격업소,,미용,김경희헤어모드,경기도 안산시 상록구 후곡5길 43,37.2967836438175,126.850071083696,031-419-2114,커트,10000원,염색,20000원,가성비 커트,10000,20000.0
P002697,착한가격업소,,식당,슬베이커리,경기도 안산시 상록구 예술광장로 1 3층 379호,37.3283614945831,126.844239273087,0507-1320-7978,롤케이크,3500원,답례품세트,6000원,가성비 롤케이크,3500,6000.0
P002698,착한가격업소,,식당,본오치킨숯불바베큐,경기도 안산시 상록구 샘골로 96,37.2922756564433,126.863074858361,031-437-5424,후라이드치킨,18000원,바비큐,22000원,가성비 후라이드치킨,18000,22000.0
P002699,착한가격업소,,기타,소소한마킹,"경기도 안산시 단원구 신촌4길 28-1, 101호",37.3143593798718,126.818693958786,,패러디스티커,200원,디자인마킹,5000원,가성비 패러디스티커,200,5000.0
P002700,착한가격업소,,식당,2루72,"경기도 안산시 단원구 동산로 60, 213호",37.3128745163497,126.796915097295,031-492-8872,생고기두루치기,10000원,고추장불고기,10000원,가성비 생고기두루치기,10000,10000.0
P002701,착한가격업소,,식당,고향순대감자탕,"경기도 안산시 상록구 선진4길 35, 1층",37.2802564355121,126.851272516201,031-406-0166,국밥,8000원,뼈해장국,9000원,가성비 국밥,8000,9000.0
P002702,착한가격업소,,미용,착한남성컷,"경기도 안산시 상록구 감골2로 10, 203호",37.2909521693017,126.855386167084,0507-1383-6458,커트(남성),8000원,염색,12000원,가성비 커트(남성),8000,12000.0
P002703,착한가격업소,,미용,골드남성컷트헤어,"경기도 안산시 단원구 예술대학로 89, 105호, 106호",37.3249079775273,126.837114294745,031-405-4242,커트,10000원,염색,30000원,가성비 커트,10000,30000.0
P002704,착한가격업소,,식당,맛쬬타,경기도 안산시 상록구 선진4길 30,37.2799268156328,126.850612732844,031-418-5100,가정식백반,8000원,된장찌개,8000원,가성비 가정식백반,8000,8000.0
P002705,착한가격업소,,식당,매일수산&식당,"경기도 안산시 상록구 충장로6길 33-1, 1층 일부",37.3095546493484,126.859393767631,031-509-0367,아구찜,35000원,김치찌개,8000원,가성비 아구찜,35000,8000.0
P002706,착한가격업소,,식당,계장수,"경기도 안산시 상록구 선암로 47, 1층 101호 (본오동)",37.2887900165454,126.86426867098,031-408-7513,닭숯불구이 1kg,36000원,양념 닭숯불구이 1kg,38000원,가성비 닭숯불구이 1kg,36000,38000.0
P002707,착한가격업소,,기타,원필라랜드,"경기도 안산시 상록구 광덕4로 372, 301호 (이동)",37.3100100930188,126.851190577638,0507-1361-0088,6:1 그룹레슨 24회,384000원,,,가성비 6:1 그룹레슨 24회,384000,
P002708,착한가격업소,,미용,헤어공간,"경기도 안산시 상록구 세류로2길 6, 102호",37.2859210424795,126.86280174562,031-362-6700,남성커트,12000원,여성커트,15000원,가성비 남성커트,12000,15000.0
P002709,착한가격업소,,식당,춘공,"경기도 안산시 상록구 영화7길 22, B동 1층 102호",37.2808142643774,126.851700022167,031-416-3332,짜장면,7000원,탕수육(중),22000원,가성비 짜장면,7000,22000.0
P002710,착한가격업소,,식당,그냥냉삼집,"경기도 안산시 상록구 충장로 608, 103~105호",37.3319632288457,126.852498286597,070-7789-1282,한돈냉삼(150g),9900원,흑돼지삼겹살(150g),9900원,가성비 한돈냉삼(150g),9900,9900.0
P002711,착한가격업소,,식당,쁘숑,"경기도 안산시 단원구 고잔2길 42, 106호",37.3174822859074,126.835866109643,031-402-9260,소보루빵,1000원,슈크림빵,1000원,가성비 소보루빵,1000,1000.0
P002712,착한가격업소,,카페,라떼는 말이야,"경기도 안산시 상록구 선진4길 26, 1층 일부",37.2799307473392,126.850158981142,031-417-4744,아메리카노,3000원,아메리카노(포장),2500원,가성비 아메리카노,3000,2500.0
P002713,착한가격업소,,식당,청년밥상문간,"경기도 안산시 상록구 샘골로 165, 지하1층 B01호",37.2986442916962,126.862934624272,031-501-0631,김치찌개,3000원,고기사리,2000원,가성비 김치찌개,3000,2000.0
P002714,착한가격업소,,식당,최가네칼국수,경기도 남양주시 진건읍 사릉로442번길 8-5,37.6579397679705,127.176855792494,031-527-0042,칼국수,7500원,만두,6000원,가성비 칼국수,7500,6000.0
P002715,착한가격업소,,식당,고향손칼국수,경기도 남양주시 와부읍 수레로 72,37.5901848773376,127.218019690441,031-577-3237,칼국수,6000원,만두국,7500원,가성비 칼국수,6000,7500.0
P002716,착한가격업소,,미용,짱미용실,경기도 남양주시 진접읍 장현로 59-10,37.7167221940511,127.179580796641,031-573-1023,커트,12000원,파마,25000원,가성비 커트,12000,25000.0
P002717,착한가격업소,,미용,양미용실,경기도 남양주시 금곡로 65-15 (금곡동),37.6351498122251,127.210075181817,031-559-9875,커트,10000원,파마,25000원,가성비 커트,10000,25000.0
P002718,착한가격업소,,미용,헤어573,"경기도 남양주시 진접읍 해밀예당3로 116, 107호",37.720026390405,127.197028030207,031-528-6054,커트,11000원,파마,27000원,가성비 커트,11000,27000.0
P002719,착한가격업소,,식당,신주사골칼국수,경기도 남양주시 화도읍 마석로45번길 1,37.6548635902532,127.305895081746,031-595-3319,칼국수,7000원,만두국,7000원,가성비 칼국수,7000,7000.0
P002720,착한가격업소,,식당,홍두깨칼국수,경기도 남양주시 진접읍 장현로107번길 6,37.7199788725049,127.183773174702,031-572-9088,칼국수,5000원,만두,5000원,가성비 칼국수,5000,5000.0
P002721,착한가격업소,,식당,강남식당,"경기도 남양주시 홍유릉로248번길 64-37, 101동 101호 (금곡동, 강남맨션)",37.6293671435232,127.203947509618,031-559-5535,삼겹살,12000원,목살,11000원,가성비 삼겹살,12000,11000.0
P002722,착한가격업소,,식당,역전분식,"경기도 남양주시 퇴계원읍 경춘북로546번길 4, 1층",37.6474912191261,127.144250309762,031-528-5514,김치찌개,8000원,제육덮밥,8000원,가성비 김치찌개,8000,8000.0
P002723,착한가격업소,,식당,홍원,"경기도 남양주시 불암로 41-160, 1층",37.6440371932904,127.109497301663,031-573-6155,짜장면,4000원,짬뽕,6000원,가성비 짜장면,4000,6000.0
P002724,착한가격업소,,미용,헤어천사,"경기도 남양주시 사릉로34번길 24, 1층",37.636181102973,127.211071007036,031-511-8950,커트,15000원,파마,35000원,가성비 커트,15000,35000.0
P002725,착한가격업소,,미용,헤어체인지,"경기도 남양주시 수동면 비룡로 713, 1층",37.7025382644401,127.326684090651,031-593-3437,커트,15000원,파마,25000원,가성비 커트,15000,25000.0
P002726,착한가격업소,,식당,이모밥줘,"경기도 남양주시 오남읍 경복대로 98, 1층",37.709366781834,127.201786934873,031-528-9212,순두부찌개,7000원,김치찌개,7000원,가성비 순두부찌개,7000,7000.0
P002727,착한가격업소,,식당,경성멧돼지,경기도 남양주시 홍유릉로 327,37.6311270076854,127.20375587771,031-592-9733,삼겹살(600g),35000원,목살,33000원,가성비 삼겹살(600g),35000,33000.0
P002728,착한가격업소,,카페,더로스터스커피랩,"경기도 남양주시 홍유릉로248번길 39, 125호 (다남프라자)",37.627253284278,127.202411634152,031-523-9133,아메리카노,3000원,라떼,3500원,가성비 아메리카노,3000,3500.0
P002729,착한가격업소,,식당,현리만두,경기도 남양주시 미금로 48,37.6091498962277,127.152114807958,031-562-5313,만두,5000원,칼국수,8000원,가성비 만두,5000,8000.0
P002730,착한가격업소,,미용,티와이헤어,경기도 남양주시 경춘로992번길 1-1,37.6341281093888,127.211931999963,031-592-5342,커트,14000원,파마,30000원,가성비 커트,14000,30000.0
P002731,착한가격업소,,세탁&목욕,청학세탁소,"경기도 남양주시 별내면 청학로114번길 16, 103호",37.7096835318581,127.114756807,031-821-5100,세탁료,7000원,,,가성비 세탁료,7000,
P002732,착한가격업소,,세탁&목욕,평내주공세탁소,경기도 남양주시 평내로 48,37.6411817853721,127.233248481609,031-511-3077,세탁료,7000원,,,가성비 세탁료,7000,
P002733,착한가격업소,,식당,장현칼국수,경기도 남양주시 진접읍 금강로1573번길 1,37.7314397060307,127.193544220961,031-573-3567,칼국수,4900원,만두,3500원,가성비 칼국수,4900,3500.0
P002734,착한가격업소,,식당,밀마당 바지락 칼국수&보쌈,"경기도 남양주시 홍유릉로248번길 39, 103호",37.627253284278,127.202411634152,031-591-7412,보쌈(소),20000원,칼국수,6000원,가성비 보쌈(소),20000,6000.0
P002735,착한가격업소,,식당,명성막고기,"경기도 남양주시 홍유릉로248번길 39, 121호",37.627253284278,127.202411634152,031-595-9115,덜미살,15000원,,,가성비 덜미살,15000,
P002736,착한가격업소,,미용,헤어살롱크리스탈,경기도 남양주시 진접읍 해밀예당3로 102,37.7188476567605,127.197400899967,031-527-3060,파마,40000원,,,가성비 파마,40000,
P002737,착한가격업소,,식당,시골본가집,경기도 남양주시 오남읍 진건오남로 617,37.6883726839203,127.212032185796,031-575-2626,삼겹살 500g,24000원,,,가성비 삼겹살 500g,24000,
P002738,착한가격업소,,식당,순화네만두,경기도 남양주시 비룡로782번길 6,37.7077047056875,127.323874275329,0507-1357-6995,만두국 ,8000원,,,가성비 만두국 ,8000,
P002739,착한가격업소,,미용,블링블링네일속눈썹,"경기도 남양주시 덕송1로 51, 105호 (별내동)",37.6656730712938,127.118033011632,031-574-2253,젤네일(케어포함),30000원,,,가성비 젤네일(케어포함),30000,
P002740,착한가격업소,,식당,진도아짐가정식뼈다귀해장국,경기도 남양주시 진접읍 광릉내로82번길 6-1,37.7448803415019,127.204385583342,031-571-3809,뼈다귀해장국,9000원,,,가성비 뼈다귀해장국,9000,
P002741,착한가격업소,,식당,사랑치킨,경기도 남양주시 와부읍 수레로 46,37.588095652155,127.216997084324,031-521-5425,후라이드,16000원,,,가성비 후라이드,16000,
P002742,착한가격업소,,식당,마녀떡볶이,"경기도 남양주시 불암로 25-38 (별내동), 101호 마녀떡볶이",37.6439829444755,127.110474045918,031-527-9769,즉석떡볶이,12000원,,,가성비 즉석떡볶이,12000,
P002743,착한가격업소,,미용,H.N HAIR,"경기도 남양주시 덕송2로10번길 23 (별내동), 101호 (별내동)",37.6666722995314,127.115993418487,070-8711-0108,커트,15000원,,,가성비 커트,15000,
P002744,착한가격업소,,식당,별차이나,경기도 남양주시 덕송2로10번길 13-14,37.6667187522051,127.114742534677,031-573-5932,짜장면,5500원,,,가성비 짜장면,5500,
P002745,착한가격업소,,미용,퍼플,경기도 남양주시 진건오남로 525,37.68049842061,127.209613167878,0507-1369-2187,커트,15000원,,,가성비 커트,15000,
P002746,착한가격업소,,기타,맘스펫 다산애견미용 호텔,"경기도 남양주시 다산순환로 325 (다산동), 아이파크 상가동 118호",37.6278736489911,127.156879691139,031-552-7978,애견호텔,30000원,,,가성비 애견호텔,30000,
P002747,착한가격업소,,식당,하늘지기,"경기도 남양주시 불암로 41-68 (별내동, 하늘지기), 하늘지기",37.6443587384276,127.110191785539,031-528-3213,돈까스,9000원,,,가성비 돈까스,9000,
P002748,착한가격업소,,식당,24시 원조해장국,"경기도 남양주시 오남읍 진건오남로 865, 103호",37.7024140289806,127.198086789901,031-573-2325,뜩배기불고기,7000원,,,가성비 뜩배기불고기,7000,
P002749,착한가격업소,,식당,너디즈,"경기도 남양주시 덕송3로 30, 101호",37.6692136444311,127.113637513379,070-8836-1490,후라이드 치킨,15900원,,,가성비 후라이드 치킨,15900,
P002750,착한가격업소,,식당,두메산골,경기도 남양주시 진접읍 장현로 137,37.7214093758632,127.186279096091,031-528-9298,알탕,10000원,,,가성비 알탕,10000,
P002751,착한가격업소,,식당,명성뽈살,"경기도 남양주시 퇴계원읍 퇴계원로 127, 명성뽈살",37.657681035281,127.143972081888,031-575-9114,덜미살(200g),14000원,,,가성비 덜미살(200g),14000,
P002752,착한가격업소,,식당,명성항정살,"경기도 남양주시 퇴계원읍 퇴계원로 26, 1층",37.6490956857543,127.141124439704,031-529-2440,삼겹살(180g),13000원,,,가성비 삼겹살(180g),13000,
P002753,착한가격업소,,식당,밀마당바지락칼국수 오남점,"경기도 남양주시 오남읍 진건오남로 525, 108호",37.68049842061,127.209613167878,031-575-2641,보쌈(소),20000원,,,가성비 보쌈(소),20000,
P002754,착한가격업소,,식당,오늘도국수,"경기도 남양주시 수동면 소래비로 331, 1층",37.6782146069873,127.328077033008,031-511-3276,멸치국수,5000원,,,가성비 멸치국수,5000,
P002755,착한가격업소,,식당,고향아구찜,"경기도 남양주시 사릉로34번길 41-4 (금곡동, 예농주택) 102호",37.6363304507957,127.213494258561,0507-1321-0768,동태찌개,8000원,,,가성비 동태찌개,8000,
P002756,착한가격업소,,식당,낮엔중식밤엔포차,경기도 남양주시 오남읍 진건오남로 585,37.685889247597,127.210616707124,031-553-5900,짜장면,5000원,일반탕수육,10000원,가성비 짜장면,5000,10000.0
P002757,착한가격업소,,식당,바글바글베이커리,"경기도 남양주시 불암로 41-82, 1층 (별내동)",37.6441657889776,127.109760930991,0301-516-0208,소금빵,1900원,베이글,1900원,가성비 소금빵,1900,1900.0
P002758,착한가격업소,,식당,십년전엔,"경기도 남양주시 도농로중촌2길 26-21, 1층",37.608705738566,127.156298182053,031-522-5532,곱창가득낙곱새,29900원,문어해물탕,39900원,가성비 곱창가득낙곱새,29900,39900.0
P002759,착한가격업소,,식당,착한맛집,"경기도 남양주시 덕송1로55번길 20, 104호",37.6672628130311,127.117529453262,0507-1387-4457,냉면,7000원,,,가성비 냉면,7000,
P002760,착한가격업소,,식당,옹기네,경기도 남양주시 수동면 외방로 7-1,37.7239525628635,127.308712314853,,누룽지오리백숙,67000원,,,가성비 누룽지오리백숙,67000,
P002761,착한가격업소,,식당,싸리촌,경기도 남양주시 수동면 비룡로 991,37.720177596759,127.312541010107,,멸치국수,7000원,,,가성비 멸치국수,7000,
P002762,착한가격업소,,식당,엄마손맛국시,경기도 남양주시 수동면 비룡로 1090,37.7255134472642,127.304328211127,,칼국수,8000원,,,가성비 칼국수,8000,
P002763,착한가격업소,,식당,효자식당,경기도 남양주시 오남읍 진건오남로797번길 20,37.6986989599792,127.200852026056,,순두부찌개,8000원,두부찌개,8000원,가성비 순두부찌개,8000,8000.0
P002764,착한가격업소,,식당,오복해장국,"경기도 남양주시 오남읍 진건오남로692, 109호",37.6944797036686,127.214011007375,,채소비빔밥,8000원,한우소고기국밥,10000원,가성비 채소비빔밥,8000,10000.0
P002765,착한가격업소,,식당,밥날,경기도 남양주시 덕송2로10번길17,37.6663992324147,127.115421978782,,연어덮밥,12900원,등심스테이크,13900원,가성비 연어덮밥,12900,13900.0
P002766,착한가격업소,,식당,팔당냉면,경기도 남양주시 송산로 166,37.6572200416089,127.130217077234,,물/비빔냉면+숯불고기,12000원,,,가성비 물/비빔냉면+숯불고기,12000,
P002767,착한가격업소,,식당,백제해장국,경기도 남양주시 수동면 비룡로 542,37.6882103448372,127.322766504409,,선지해장국,8000원,,,가성비 선지해장국,8000,
P002768,착한가격업소,,식당,미각,경기도 남양주시 오남읍 진건오남로양지길4,37.6988378136831,127.201214003938,,짜장밥,7000원,,,가성비 짜장밥,7000,
P002769,착한가격업소,,식당,양푼이찌개,경기도 남양주시 오남읍 진건오남로651,37.6911852260218,127.213797116603,,양푼김치찌개,8000원,,,가성비 양푼김치찌개,8000,
P002770,착한가격업소,,식당,피자플러스,경기도 남양주시 오남읍 진건오남로629,37.6892697988873,127.212475206519,,콤비네이션피자,12000원,,,가성비 콤비네이션피자,12000,
P002771,착한가격업소,,식당,산들바람,경기도 남양주시 수동면 비룡로908번길 1,37.7174677847499,127.320846862744,,토종닭볶음탕,65000원,,,가성비 토종닭볶음탕,65000,
P002772,착한가격업소,,식당,대연메밀터,경기도 남양주시 수동면 비룡로 1095,37.7256479121582,127.303613689553,,떡갈비,8000원,,,가성비 떡갈비,8000,
P002773,착한가격업소,,식당,산벌떡낙지,경기도 남양주시 오남읍 진건오남로 558,37.6832134170153,127.211081994835,,아구탕,29000원,,,가성비 아구탕,29000,
P002774,착한가격업소,,식당,크린업세탁소,"경기도 남양주시 다산지금로16번길 86, B층 201호",37.6073523502858,127.1704317841,,양복,"7,000원",,,가성비 양복,7000,
P002775,착한가격업소,,식당,물안개정원,경기도 남양주시 수동면 비룡로 1366-18,37.7414515631957,127.285937861184,,오미자차,"5,000원",,,가성비 오미자차,5000,
P002776,착한가격업소,,미용,"너만봄,헤어",경기도 남양주시 다산중앙로 82번안길 22-88,37.6174085346174,127.163173813768,,학생커트,"13,000원",,,가성비 학생커트,13000,
P002777,착한가격업소,,식당,돈모아참삼겹,경기도 안양시 만안구 장내로 138 (안양동),37.3975763301049,126.923070798464,031-466-1647,생삼겹(130g),5000원,옛날삼겹(130g),4500원,가성비 생삼겹(130g),5000,4500.0
P002778,착한가격업소,,식당,남부고기집,경기도 안양시 만안구 장내로150번길 34 (안양동),37.3970185508402,126.925245361165,031-444-6305,해장국,2800원,"육회,육사시미(300g)",25000원,가성비 해장국,2800,25000.0
P002779,착한가격업소,,식당,설악명품추어탕,경기도 안양시 만안구 장내로 154 (안양동),37.3982726311258,126.92459642439,031-466-0012,명품추어탕,9000원,우럭추어탕,11000원,가성비 명품추어탕,9000,11000.0
P002780,착한가격업소,,식당,풍년집정육식당 안양역점,경기도 안양시 만안구 안양로 358 (안양동),37.4033526872034,126.917978113413,031-464-9898,소한마리(750g),56900원,돼지한마리(750g),46900원,가성비 소한마리(750g),56900,46900.0
P002781,착한가격업소,,식당,홍보석,경기도 안양시 만안구 안양로 358 (안양동),37.4033526872034,126.917978113413,031-443-8485,짜장면,7000원,짬뽕,8000원,가성비 짜장면,7000,8000.0
P002782,착한가격업소,,식당,톰과제리,경기도 안양시 만안구 양화로37번길 23 (안양동),37.3965552787276,126.912429282537,031-465-1515,김치찌개,7500원,순두부찌개,7500원,가성비 김치찌개,7500,7500.0
P002783,착한가격업소,,세탁&목욕,진흥세탁소,경기도 안양시 만안구 양화로71번길 24 (안양동),37.4001417687186,126.911067013672,031-442-7623,양복,5000원,바지,2000원,가성비 양복,5000,2000.0
P002784,착한가격업소,,식당,멸치국수집,경기도 안양시 만안구 병목안로 15 (안양동),37.398470525147,126.918922165474,031-445-0957,숙주국수,7000원,,,가성비 숙주국수,7000,
P002785,착한가격업소,,미용,양소영남성헤어,경기도 안양시 만안구 삼덕로 68 (안양동),37.394703732381,126.918686695849,,커트,10000원,커트+면도,20000원,가성비 커트,10000,20000.0
P002786,착한가격업소,,미용,대농이용원,경기도 안양시 만안구 안양로329번길 73 (안양동),37.4007422386426,126.915153386208,,커트,10000원,드라이,5000원,가성비 커트,10000,5000.0
P002787,착한가격업소,,식당,맛있으면 돼지,경기도 안양시 만안구 덕천로128번길 24 (안양동),37.390921078321,126.93503076772,031-466-6068,수제햄부대찌개,9000원,통돼지김치찌개,9000원,가성비 수제햄부대찌개,9000,9000.0
P002788,착한가격업소,,카페,블랙빈,경기도 안양시 만안구 냉천로 8-1 (안양동),37.3825477699808,126.929508869528,,아메리카노,1500원,카페라떼,1700원,가성비 아메리카노,1500,1700.0
P002789,착한가격업소,,식당,형제식당,경기도 안양시 만안구 석천로181번길 14 (석수동),37.4132872927615,126.908704410475,031-471-4119,백반,8000원,청국장,9000원,가성비 백반,8000,9000.0
P002790,착한가격업소,,기타,국제안경,경기도 안양시 만안구 안양로 291 (안양동),37.3981579189378,126.921667082314,031-466-7401,누진다초점,80000원,블루라이트렌즈,30000원,가성비 누진다초점,80000,30000.0
P002791,착한가격업소,,미용,여우와 늑대,"경기도 안양시 만안구 박달로 455, 203호 (박달동)",37.4025189792145,126.903210718287,031-464-0354,일반커트,13000원,학생커트,10000원,가성비 일반커트,13000,10000.0
P002792,착한가격업소,,식당,우리한우,"경기도 안양시 동안구 비산로 37, 201호 (비산동)",37.4002823566517,126.9309343871,031-442-4780,꽃등심(600g),88000원,부채살(600g),74000원,가성비 꽃등심(600g),88000,74000.0
P002793,착한가격업소,,식당,다온우렁쌈밥,경기도 안양시 동안구 비산로 18 2층 202호 (비산동),37.4001079338864,126.93331485631,031-441-0040,우렁제육쌈밥,12000원,우렁된장찌개,8000원,가성비 우렁제육쌈밥,12000,8000.0
P002794,착한가격업소,,식당,팥선생,경기도 안양시 동안구 동안로 263 (비산동),37.4007317512042,126.945138810128,031-384-8945,단팥죽(小),4000원,호박죽(小),4000원,가성비 단팥죽(小),4000,4000.0
P002795,착한가격업소,,식당,자매식당,경기도 안양시 동안구 시민대로 171 (비산동),37.3911396541564,126.950021827329,031-389-0555,백반,6600원,된장찌개,7000원,가성비 백반,6600,7000.0
P002796,착한가격업소,,미용,오늘은 머리하는날,경기도 안양시 동안구 관평로336번길 30 (관양동),37.4054440905014,126.95916693559,,커트,10000원,펌,25000원,가성비 커트,10000,25000.0
P002797,착한가격업소,,식당,순천갈비,경기도 안양시 동안구 관악대로374번길 13 (관양동),37.4036526883088,126.964793116287,031-421-8887,삼겹살(200g),15000원,돼지갈비(250g),15000원,가성비 삼겹살(200g),15000,15000.0
P002798,착한가격업소,,식당,명당만두,경기도 안양시 동안구 귀인로 104 (호계동),37.3821528826329,126.951404081302,031-456-2524,고기만두(15개) 김치만두(10개),4000원,찐빵(5개),4000원,가성비 고기만두(15개) 김치만두(10개),4000,4000.0
P002799,착한가격업소,,식당,오동도 산아나고,경기도 안양시 동안구 귀인로 109 (호계동),37.3826617566347,126.951784834841,031-427-9275,아나고,55000원,꼼장어,45000원,가성비 아나고,55000,45000.0
P002800,착한가격업소,,미용,미세스봉 헤어샵,경기도 안양시 동안구 엘에스로 48 (호계동),37.3681744505495,126.954764732687,031-457-3562,커트,10000원,펌,35000원,가성비 커트,10000,35000.0
P002801,착한가격업소,,식당,다솜이네 반찬,"경기도 안양시 만안구 안양로291번길 34, 1층 (안양동)",37.39790450935,126.919989004051,031-444-2967,반찬 1팩,3000원,,,가성비 반찬 1팩,3000,
P002802,착한가격업소,,식당,안동장,경기도 안양시 동안구 경수대로 519번길 32 (호계동),37.3688388995046,126.95604521144,031-453-1177,짜장면,7000원,짬뽕,8000원,가성비 짜장면,7000,8000.0
P002803,착한가격업소,,세탁&목욕,동현세탁소,"경기도 안양시 동안구 평촌대로179번길 27, 2층 (호계동)",37.3866049582067,126.955838927722,031-381-2719,셔츠,3000원,바지,4000원,가성비 셔츠,3000,4000.0
P002804,착한가격업소,,식당,초가집,경기도 안양시 동안구 평촌대로127번길 82 (호계동),37.3811332300177,126.958862502327,031-385-2446,추어탕,9000원,순대국,9000원,가성비 추어탕,9000,9000.0
P002805,착한가격업소,,미용,라헬헤어샵,경기도 안양시 동안구 갈산로 64 (호계동),37.3776679163176,126.960526592459,031-456-2279,펌,40000원,뿌리염색,40000원,가성비 펌,40000,40000.0
P002806,착한가격업소,,식당,양파백세탕,"경기도 안양시 동안구 동편로20번길 16, 1층 109호 (관양동)",37.4054021911873,126.971818409395,031-427-7888,양파백세탕,11900원,,,가성비 양파백세탕,11900,
P002807,착한가격업소,,미용,롯데미용실,경기도 안양시 만안구 박달로560번길 39 (안양동),37.4007347252619,126.914979353753,031-466-3785,커트,8000원,파마,20000원,가성비 커트,8000,20000.0
P002808,착한가격업소,,식당,용기곱창,"경기도 안양시 만안구 관악대로 50, 107호 (안양동)",37.3965285100571,126.930301561895,070-7543-6951,염통구이(200g),12900원,모듬구이(250g),14900원,가성비 염통구이(200g),12900,14900.0
P002809,착한가격업소,,식당,만원족발,"경기도 안양시 만안구 냉천로 196, 10, 11호 (안양동)",37.397568391,126.919668172797,,왕족발,10000원,미니족발(3개입),10000원,가성비 왕족발,10000,10000.0
P002810,착한가격업소,,식당,곰바우,경기도 안양시 동안구 평촌대로 384 (비산동),37.4048916419806,126.950152635364,031-387-3324,옹심이만,10000원,옹심미메밀칼국수,10000원,가성비 옹심이만,10000,10000.0
P002811,착한가격업소,,식당,더착한코다리,"경기도 안양시 동안구 부림로 152, 2층 (관양동)",37.3968266711388,126.963409023141,031-424-6527,코다리정식,9000원,시래기코다리정식,10000원,가성비 코다리정식,9000,10000.0
P002812,착한가격업소,,식당,철이네 본점,"경기도 안양시 흥안대로 415, 125호 (평촌동)",37.3916395332505,126.972961523948,031-478-4878,철이세트,6000원,떡볶이,4000원,가성비 철이세트,6000,4000.0
P002813,착한가격업소,,식당,상상식당,경기도 안양시 만안구 와룡로28번길 8 (석수동),37.4067371331452,126.898200398182,0507-1426-7252,김치/된장찌개,4900원,대패삼겹살(150g),5900원,가성비 김치/된장찌개,4900,5900.0
P002814,착한가격업소,,식당,만석,"경기도 안양시 동안구 관평로212번길 15, B103호 (관양동)",37.3961951051642,126.959684897452,031-382-9695,김치볶음밥,6000원,철판볶음,6000원,가성비 김치볶음밥,6000,6000.0
P002815,착한가격업소,,식당,와우리순대,경기도 안양시 만안구 성결대학로 34-1 (안양동),37.3824244045313,126.930395802091,031-448-8292,순대국,7000원,선짓국,7000원,가성비 순대국,7000,7000.0
P002816,착한가격업소,,식당,풍년식당,"경기도 안양시 만안구 안양로360번길 7, 1층 (안양동)",37.4038068427558,126.917907592562,031-464-3131,백반,8000원,양푼비빔밥,8000원,가성비 백반,8000,8000.0
P002817,착한가격업소,,식당,구운몽,"경기도 안양시 동안구 시민대로 167, 1층 (비산동)",37.3908015130308,126.949627038872,031-387-9889,수제케이크(1호),20000원,단팥빵,1300원,가성비 수제케이크(1호),20000,1300.0
P002818,착한가격업소,,식당,모모네국수,경기도 안양시 동안구 평촌대로223번길 52 (호계동) B01호,37.3907090094879,126.952759646646,0507-1431-0505,잔치국수,5500원,,,가성비 잔치국수,5500,
P002819,착한가격업소,,기타,우드비스튜디오,경기도 안양시 동안구 평촌대로223번길 64 (호계동) 204호,37.3905208529589,126.95225374802,031-388-0106,반명함(18장),20000원,,,가성비 반명함(18장),20000,
P002820,착한가격업소,,식당,모이세분식,경기도 안양시 만안구 장내로 141 (안양동) 1층,37.3980201202989,126.923127829374,031-346-2340,생돈가스(등심),7000원,,,가성비 생돈가스(등심),7000,
P002821,착한가격업소,,식당,고향맛손칼국수,경기도 안양시 만안구 안양로 324 (안양동) 1층,37.4010396410018,126.920164004315,031-443-1582,칼국수,6000원,,,가성비 칼국수,6000,
P002822,착한가격업소,,식당,동아분식,경기도 안양시 만안구 전파로 61 (안양동) 1층,37.3903678527886,126.93962558702,031-444-9250,김밥,1500원,비빔밥,6000원,가성비 김밥,1500,6000.0
P002823,착한가격업소,,기타,스튜디오컬쳐,경기도 안양시 만안구 병목안로 29 (안양동) 2층,37.3980076528523,126.917982131761,031-473-0241,증명사진(9매),20000원,,,가성비 증명사진(9매),20000,
P002824,착한가격업소,,식당,안양감자탕,"경기도 안양시 만안구 만안로 204-1, 1층 (안양동)",37.3992993198658,126.924415937114,031-441-2262,콩비지감자탕(소),34000원,,,가성비 콩비지감자탕(소),34000,
P002825,착한가격업소,,식당,엄마돈국수,경기도 안양시 만안구 냉천로 11 (안양동) 1층,37.3826812991012,126.929052462381,031-443-1222,잔치국수,5500원,,,가성비 잔치국수,5500,
P002826,착한가격업소,,식당,엄마손콩나물국밥,경기도 안양시 만안구 냉천로193번길 12 (안양동) 2층,37.397042177474,126.918851651783,031-442-6900,오늘의 음식,6000원,,,가성비 오늘의 음식,6000,
P002827,착한가격업소,,미용,넘버원 남성컷트,"경기도 안양시 만안구 안양로 186 (안양동, 안양 센트럴 헤센 2차) 202동 B107호",37.3905754804609,126.928829449753,070-4001-6786,커트,9000원,커트(75세 이상),8000원,가성비 커트,9000,8000.0
P002828,착한가격업소,,식당,한판집 뒷고기,경기도 안양시 만안구 장내로99번길 14 (안양동) 1층,37.3963770157093,126.918942828818,,모두부김치(小),9000원,삼겹수육,12000원,가성비 모두부김치(小),9000,12000.0
P002829,착한가격업소,,식당,흥부네식당,경기도 안양시 만안구 장내로89번길 9 (안양동) 1층,37.3956315588605,126.918097992319,031-442-1916,청국장,6000원,,,가성비 청국장,6000,
P002830,착한가격업소,,식당,명성밥상,경기도 안양시 동안구 시민대로 230 (관양동) C동 309호,37.3923133697778,126.956516194105,031-478-1899,백반,7500원,,,가성비 백반,7500,
P002831,착한가격업소,,식당,햇빛김밥 찰밥,경기도 안양시 만안구 박달로525번길 27 (박달동) 1층,37.4037521681971,126.910481984819,031-447-0244,원조김밥,2500원,참치김밥,3500원,가성비 원조김밥,2500,3500.0
P002832,착한가격업소,,식당,호남식당,경기도 안양시 만안구 덕천로 33 (안양동) 103호,37.3839766266296,126.93619696264,031-468-9696,백반,7000원,,,가성비 백반,7000,
P002833,착한가격업소,,식당,금은빵,경기도 안양시 동안구 시민대로109번길 29 (호계동) 1층 113호,37.3872488871247,126.943485549406,031-427-5461,단팥빵,1600원,소금빵,2500원,가성비 단팥빵,1600,2500.0
P002834,착한가격업소,,식당,깜장콩,경기도 안양시 만안구 안양로329번길 15 (안양동) 1층,37.4007837853229,126.918497389455,031-465-5005,자장면,6000원,,,가성비 자장면,6000,
P002835,착한가격업소,,식당,문턱없는집,경기도 안양시 동안구 흥안대로125번길 24 (호계동) 1층,37.371775106982,126.958897417708,031-429-5023,백반,7000원,,,가성비 백반,7000,
P002836,착한가격업소,,식당,집밥,경기도 안양시 동안구 경수대로570번길 61-20 (호계동) 1층,37.3756843457612,126.960633986304,031-429-3759,백반,7000원,,,가성비 백반,7000,
P002837,착한가격업소,,식당,돈까술 석이네라면돈까스,경기도 안양시 동안구 흥안대로 457-27 (관양동) 1층 114호,37.3946033232025,126.973612071707,0507-1443-9952,미니돈가스세트,10000원,제육밥,8000원,가성비 미니돈가스세트,10000,8000.0
P002838,착한가격업소,,식당,빠리팡 베이커리,"경기도 안양시 만안구 안양로 467, 1층 (석수동)",37.4114824147571,126.910529490975,031-472-8200,잡곡식빵,4000원,,,가성비 잡곡식빵,4000,
P002839,착한가격업소,,식당,강변포차,"경기도 안양시 만안구 석수로 6, 1층 (석수동)",37.4094920454454,126.911584583699,,백반,7000원,,,가성비 백반,7000,
P002840,착한가격업소,,미용,머리사랑,"경기도 안양시 동안구 경수대로 458, 상가동 1층 121호 (호계동, 호계2차현대홈타운)",37.3640702830427,126.960041762151,031-427-3368,파마(+커트),25000원,커트,10000원,가성비 파마(+커트),25000,10000.0
P002841,착한가격업소,,식당,쌈250,경기도 안양시 동안구 관평로328번길 15-1 (관양동),37.4054279037303,126.958738874033,031-383-3250,간장불고기,9500원,버섯불고기,10500원,가성비 간장불고기,9500,10500.0
P002842,착한가격업소,,식당,일심푸드 숯불구이,"경기도 안양시 동안구 엘에스로 136, 101호 (호계동)",37.373552008391,126.947689591598,031-427-2603,갈비탕,10900원,특 갈비탕,13900원,가성비 갈비탕,10900,13900.0
P002843,착한가격업소,,식당,고기술술,"경기도 안양시 동안구 시민대로 137, 106·107호 (호계동)",37.3885214985042,126.94700177402,031-477-3535,생삼겹살(150g),11000원,,,가성비 생삼겹살(150g),11000,
P002844,착한가격업소,,식당,화룡짬뽕전문점,"경기도 안양시 만안구 양화로14번길 29, 1층 (안양동)",37.3959438685764,126.916829414193,031-444-8600,고기짬뽕,9000원,바지락짬뽕,10000원,가성비 고기짬뽕,9000,10000.0
P002845,착한가격업소,,식당,더화룡,"경기도 안양시 동안구 귀인로172번길 58, 1층 (호계동)",37.3821848709371,126.959546177308,031-341-8600,고기짬뽕,9000원,바지락짬뽕,10000원,가성비 고기짬뽕,9000,10000.0
P002846,착한가격업소,,식당,나는통닭 안양본점,"경기도 안양시 만안구 관악대로 50, 112호 (안양동)",37.3965285100571,126.930301561895,031-444-8292,찹쌀구이 통닭,11000원,,,가성비 찹쌀구이 통닭,11000,
P002847,착한가격업소,,식당,나는통닭 동안점,"경기도 안양시 동안구 관평로 76, 1042호 (평촌동, 꿈마을한신상가동)",37.3843475276052,126.965275712787,031-388-9282,찹쌀구이 통닭,12000원,목삼겹 바베큐(500g),18000원,가성비 찹쌀구이 통닭,12000,18000.0
P002848,착한가격업소,,식당,집밥먹으러가자,"경기도 안양시 동안구 관평로319번길 74, 1층 (관양동)",37.4046892216212,126.956164331397,031-381-0304,김치찌개,8000원,된장찌개,8000원,가성비 김치찌개,8000,8000.0
P002849,착한가격업소,,식당,현대분식,"경기도 안양시 동안구 관평로 327, 107호 (관양동)",37.4055344929481,126.957463299701,0507-1365-8528,떡볶이 1인세트,5000원,오뎅(1개),900원,가성비 떡볶이 1인세트,5000,900.0
P002850,착한가격업소,,식당,고흥식당,경기도 안양시 만안구 박달로567번길 8 (안양동),37.4030904875719,126.915921918731,0507-1375-3322,백반,7000원,뚝배기불고기,8000원,가성비 백반,7000,8000.0
P002851,착한가격업소,,식당,홍연,"경기도 안양시 만안구 박달로 529-1, 1층 (박달동)",37.4027697644148,126.911652003719,0507-1484-5639,짜장면,6000원,짬뽕,8000원,가성비 짜장면,6000,8000.0
P002852,착한가격업소,,식당,꽃돼지식당,"경기도 안양시 만안구 덕천로 33, 동일테크노타운 1층 (안양동)",37.3839766266296,126.93619696264,0507-1380-3344,돈까스,7000원,치즈돈까스,7000원,가성비 돈까스,7000,7000.0
P002853,착한가격업소,,식당,천옥집,"경기도 안양시 동안구 흥안대로 517, 1층 (관양동)",37.3999849888915,126.976369966042,031-422-5666,뼈해장국,10000원,순대국,10000원,가성비 뼈해장국,10000,10000.0
P002854,착한가격업소,,식당,명촌,경기도 안양시 만안구 예술공원로 198 (안양동),37.4197324080472,126.927783339527,031-473-1992,김치전골,8000원,청국장,8000원,가성비 김치전골,8000,8000.0
P002855,착한가격업소,,식당,계통령,"경기도 안양시 동안구 인덕원로 31, 1층 (관양동)",37.4024832036659,126.974413801088,031-360-3009,소금닭구이,12900원,양념닭구이,13900원,가성비 소금닭구이,12900,13900.0
P002856,착한가격업소,,식당,소락천,경기도 평택시 평택로 89,36.9945006190773,127.083924064708,031-653-4539,자장면,5000원,간자장,8000원,가성비 자장면,5000,8000.0
P002857,착한가격업소,,식당,영광굴비백반,경기도 평택시 무지개공원2길 40-1,36.9932677893406,127.11109044874,031-654-1170,굴비백반,6000원,,,가성비 굴비백반,6000,
P002858,착한가격업소,,미용,영심이컷트전문점,경기도 평택시 평남로 702,36.9939212662462,127.112227675985,031-652-3068,남성커트,8000원,,,가성비 남성커트,8000,
P002859,착한가격업소,,미용,쌍용헤어샵,경기도 평택시 평택로 76번길 3,36.9938049748704,127.085074740951,031-654-6335,여성커트(기본),8000원,여성파마(기본),25000원,가성비 여성커트(기본),8000,25000.0
P002860,착한가격업소,,식당,세모분식,경기도 평택시 중앙시장로9번길 22-4,37.0802086439471,127.052261356015,031-666-0414,돌솥비빔밥,7500원,,,가성비 돌솥비빔밥,7500,
P002861,착한가격업소,,식당,먹자분식,경기도 평택시 중앙시장로9번길 22-2,37.0803210163193,127.052241077307,031-662-3155,콩나물국밥,6000원,돌솥비빔밥,7000원,가성비 콩나물국밥,6000,7000.0
P002862,착한가격업소,,미용,또오래헤어샵,경기도 평택시 신서로 81,37.0726534993386,127.053134645266,031-663-7567,커트,7000원,파마,25000원,가성비 커트,7000,25000.0
P002863,착한가격업소,,카페,송탄카페,경기도 평택시 탄현로346번길 46,37.0812068425136,127.056595861407,031-611-8471,아메리카노,2000원,카페라떼,3000원,가성비 아메리카노,2000,3000.0
P002864,착한가격업소,,식당,옛날손칼국수,경기도 평택시 특구로5번길 75,37.0665818709701,127.059096631278,031-664-4600,손칼국수,6000원,수제비,7000원,가성비 손칼국수,6000,7000.0
P002865,착한가격업소,,식당,국수집,경기도 평택시 포승읍 평택항만길 8,36.9615242131362,126.853621400054,031-684-1102,잔치국수,7000원,비빔국수,8000원,가성비 잔치국수,7000,8000.0
P002866,착한가격업소,,식당,선지해장국&전주돌솥콩나물,경기도 평택시 평택5로 83 (비전동),36.9932986102993,127.111662502881,031-616-1881,콩나물국밥,7000원,황태콩나물국밥,8000원,가성비 콩나물국밥,7000,8000.0
P002867,착한가격업소,,미용,성아헤어아트,경기도 평택시 진위면 가곡길 97,37.1181826462003,127.074274256818,031-667-8996,남성커트,7000원,여성컷트,8000원,가성비 남성커트,7000,8000.0
P002868,착한가격업소,,카페,레인코트카페,"경기도 평택시 정암로 10, 103호 (서정동)",37.0567386431822,127.054773657757,031-662-7974,아메리카노,2000원,카페라떼,3000원,가성비 아메리카노,2000,3000.0
P002869,착한가격업소,,식당,쫑아분식,경기도 평택시 송탄로 420 (지산동),37.0810450105059,127.058086567573,031-611-8289,돌솥비빔밥,6000원,떡만두국,6000원,가성비 돌솥비빔밥,6000,6000.0
P002870,착한가격업소,,미용,방종숙헤어필,경기도 평택시 팽성읍 부용로 36 (203호),36.9630556157211,127.059640520367,031-691-1179,남성커트,6000원,여성커트(기본),7000원,가성비 남성커트,6000,7000.0
P002871,착한가격업소,,카페,오커피랩&우유마루,"경기도 평택시 중앙로 211, 1층 (비전동)",36.9911151847952,127.106476663741,,아메리카노,2000원,카페라떼,2500원,가성비 아메리카노,2000,2500.0
P002872,착한가격업소,,식당,풍성갈비본점,"경기도 평택시 평남로 663, 1층",36.9929798360895,127.108127209244,031-656-1702,생삼겹(200g),14000원,돼지양념갈비(300g),14000원,가성비 생삼겹(200g),14000,14000.0
P002873,착한가격업소,,식당,어바웃브레드,"경기도 평택시 용죽5길 5-10, 1층 (용이동)",36.9941264239932,127.126579477063,031-655-3590,소금빵,2300원,시나몬누룽지빵,2000원,가성비 소금빵,2300,2000.0
P002874,착한가격업소,,식당,행복빵집,"경기도 평택시 청북읍 안청로8길 24-7, 1동 1층",37.0180159770105,126.920023530237,031-683-3094,크림빵,1000원,단팥빵,1000원,가성비 크림빵,1000,1000.0
P002875,착한가격업소,,미용,영데이(0-day),경기도 평택시 비전9길 49-1 미호빌 1층,37.0043013464276,127.112253717863,,속눈썹 펌,35000원,속눈썹 연장,45000원,가성비 속눈썹 펌,35000,45000.0
P002876,착한가격업소,,식당,최쉐프하우스,"경기도 평택시 평택5로20번길 8, 102호 (합정동)",36.9877984079138,127.11241525248,031-654-7737,순대국밥,9000원,대창국밥,9000원,가성비 순대국밥,9000,9000.0
P002877,착한가격업소,,식당,일월식당,경기도 평택시 서정로 302,37.0649685895611,127.066583919496,070-8871-9678,부채살 후무스 스테이크,17000원,,,가성비 부채살 후무스 스테이크,17000,
P002878,착한가격업소,,식당,아줌마손칼국수,경기도 평택시 통복시장2로 9번길 9-3,36.9969846182954,127.083946229238,031-655-9527,칼국수,4500원,된장 보리밥,5000원,가성비 칼국수,4500,5000.0
P002879,착한가격업소,,식당,윤여사밥집,경기도 평택시 중앙로 184,36.9915094631349,127.10325294003,,해물순두부찌개,7000원,제육덮밥,7000원,가성비 해물순두부찌개,7000,7000.0
P002880,착한가격업소,,식당,마장동 대패삼겹&주먹고기,"경기도 평택시 세교상가3길 4, 1층",37.0001813801503,127.080709824494,,대패 삼겹살(200g),9800원,우삼겹(200g),10800원,가성비 대패 삼겹살(200g),9800,10800.0
P002881,착한가격업소,,식당,배미 꼬마김밥,"경기도 평택시 중앙로 268, 102호",36.9898530353301,127.112535099054,031-651-6772,야채김밥,3500원,야채꼬마김밥,3500원,가성비 야채김밥,3500,3500.0
P002882,착한가격업소,,식당,사거리덕성식당,경기도 평택시 국제로 38,37.0748328480111,127.043341101084,031-668-0426,순대국,8000원,,,가성비 순대국,8000,
P002883,착한가격업소,,식당,금탑떡볶이,경기도 평택시 평택5로96번길 32-4,36.9954548113574,127.111949421263,031-652-2310,떡볶이+튀김+순대 세트,10000원,쫄면,6000원,가성비 떡볶이+튀김+순대 세트,10000,6000.0
P002884,착한가격업소,,식당,모란칼국수,"경기도 평택시 평택로 101, 1층",36.9952598402082,127.08320054477,,모란생칼국수,4500원,생수제비,6000원,가성비 모란생칼국수,4500,6000.0
P002885,착한가격업소,,식당,제주보말칼국수,경기도 평택시 비전1로 62-4,37.0014946960859,127.090472255457,031-654-5969,보말칼국수,9000원,,,가성비 보말칼국수,9000,
P002886,착한가격업소,,식당,또 재기네,"경기도 평택시 통복시장2로 9, 1층",36.9966044122327,127.083874363208,,꼬마김밥 5줄,4000원,,,가성비 꼬마김밥 5줄,4000,
P002887,착한가격업소,,기타,서진정보,경기도 평택시 서재7길 8,37.0078154108836,127.095433309342,031-656-5597,점검비,10000원,윈도우 재설치,30000원,가성비 점검비,10000,30000.0
P002888,착한가격업소,,세탁&목욕,송탄피혁크리닝,경기도 평택시 밀월로36번길 12,37.0780494690048,127.053541691466,031-666-9555,세탁요금,4000원,,,가성비 세탁요금,4000,
P002889,착한가격업소,,식당,죽백식당,"경기도 평택시 죽백5로 23, 1층 111호, 112호",37.0038647109043,127.118346626735,031-658-1580,가정식 정식,9000원,,,가성비 가정식 정식,9000,
P002890,착한가격업소,,식당,산더미 조개칼국수,"경기도 평택시 비전2로 73, 1층 103, 104호",37.0046591658489,127.10027666256,031-658-9555,산더미 조개칼국수,8000원,들깨칼국수,8000원,가성비 산더미 조개칼국수,8000,8000.0
P002891,착한가격업소,,미용,더깎가,경기도 평택시 비전3로 27,37.0026662785021,127.10492764029,031-655-7009,컷트,8000원,새치염색,18000원,가성비 컷트,8000,18000.0
P002892,착한가격업소,,식당,홍태루,경기도 평택시 신장동 214-3,37.0812279760761,127.055347408162,031-666-3871,자장면,5000원,,,가성비 자장면,5000,
P002893,착한가격업소,,식당,송탄청옥 육전국수,경기도 평택시 송탄로 425 1층,37.0816971367894,127.057672180836,031-667-5246,육전,5000원,육전잔치국수,6000원,가성비 육전,5000,6000.0
P002894,착한가격업소,,식당,청궁식당,경기도 평택시 문화촌로10 지하1호,36.9962843373415,127.113573153595,031-652-7881,자장면,6000원,짬뽕,7000원,가성비 자장면,6000,7000.0
P002895,착한가격업소,,식당,황토식당,경기도 평택시 서정로 288,37.0651304769298,127.065187434141,031-667-2212,보리밥정식,9000원,순두부백반,8000원,가성비 보리밥정식,9000,8000.0
P002896,착한가격업소,,식당,장가네칼국수,경기도 평택시 정암로 1,37.057307421287,127.053942427534,031-665-7475,황태칼국수,6000원,들깨칼국수,7000원,가성비 황태칼국수,6000,7000.0
P002897,착한가격업소,,식당,찌개와 삼겹살이 맛있는 집,경기도 평택시 원평로 40-6,36.9896199785339,127.085206897269,031-651-4966,물냉면,6000원,비빔냉면,6000원,가성비 물냉면,6000,6000.0
P002898,착한가격업소,,식당,최가네식당,"경기도 평택시 평택1로20번길 42, 1층",36.9941066026527,127.08943978421,031-662-6098,한식 뷔페,8000원,,,가성비 한식 뷔페,8000,
P002899,착한가격업소,,카페,가을앤럭키,"경기도 평택시 평택1로 37, A동 1층",36.9954480932436,127.087561826703,070-4833-6789,커피 아메리카노,2000원,헤이즐 커피,3000원,가성비 커피 아메리카노,2000,3000.0
P002900,착한가격업소,,식당,막둥이칼국수,"경기도 평택시 안중읍 안현로서6길 5, A동 1층",36.9831960876527,126.928338654952,031-684-1544,막둥이칼국수,8000원,,,가성비 막둥이칼국수,8000,
P002901,착한가격업소,,미용,머리사랑전문염색방,경기도 평택시 밀월로15번길 57,37.0773617313819,127.051184520433,070-7589-9077,염색,20000원,,,가성비 염색,20000,
P002902,착한가격업소,,식당,옛날 고향 보리밥,"경기도 평택시 통복시장2로 23-1, 1층",36.9962954646772,127.08546935478,,보리밥정식,7000원,잔치국수,7000원,가성비 보리밥정식,7000,7000.0
P002903,착한가격업소,,세탁&목욕,동호목욕탕,경기도 평택시 통복시장로16번길 15,36.9966926310033,127.086135413272,031-652-3438,목욕업,7000원,,,가성비 목욕업,7000,
P002904,착한가격업소,,식당,한방전주콩나물국밥,"경기도 평택시 중앙로 36, 1층",36.9946900145162,127.087191481292,031-657-5888,콩나물국밥,7000원,황태콩나물국밥,8000원,가성비 콩나물국밥,7000,8000.0
P002905,착한가격업소,,식당,토담생고기김치두루치기,"경기도 평택시 죽백5로 33, 102호중 2, 3호",37.0037763718182,127.119279896152,031-657-8907,갈비탕,10000원,두루치기+솥밥,10000원,가성비 갈비탕,10000,10000.0
P002906,착한가격업소,,식당,모이세홍두깨손칼국수,경기도 평택시 밀월로35번길 16-12,37.0783816171826,127.052094672829,031-611-2221,손칼국수,7000원,들깨 손칼국수,8000원,가성비 손칼국수,7000,8000.0
P002907,착한가격업소,,미용,겐그레아 헤어샵,"경기도 평택시 세교3로 5 (세교동, 우성꿈그린아파트) 상가동 108호",37.0016601427976,127.08044883207,031-651-7213,컷트,12000원,,,가성비 컷트,12000,
P002908,착한가격업소,,미용,경헤어스토리,경기도 평택시 포승읍 서동대로 1136 101호,36.9816682568581,126.88085526057,031-657-6721,컷트(남성),12000원,컷트(여성),13000원,가성비 컷트(남성),12000,13000.0
P002909,착한가격업소,,식당,불타는도야지,경기도 평택시 원평로 24 (평택동) 1층,36.9884645098383,127.085969212961,031-653-3643,돼지목살(150g),10000원,돼지왕갈비(300g),15000원,가성비 돼지목살(150g),10000,15000.0
P002910,착한가격업소,,식당,용이민물장어,경기도 평택시 현신6길 36 (용이동) 1층,36.9981372423564,127.148067597854,031-656-5656,장어탕,8000원,된장찌개,8000원,가성비 장어탕,8000,8000.0
P002911,착한가격업소,,식당,참치대장 참다랑어 평택용이점,경기도 평택시 현신로 8 (용이동) 1층,36.9940685612073,127.13588338652,031-652-3782,참다랑어회덮밥,9000원,날치알덮밥,9000원,가성비 참다랑어회덮밥,9000,9000.0
P002912,착한가격업소,,식당,춘향골월매집,경기도 평택시 안중읍 서동대로 1911,37.0010733458076,126.957436445308,031-683-0147,콩나물국밥,8000원,콩나물따로국밥,8000원,가성비 콩나물국밥,8000,8000.0
P002913,착한가격업소,,식당,평택 쌍둥이네,경기도 평택시 유천3길 105-1 (유천동),36.9708879625603,127.109286352952,031-618-5977,어죽,9000원,우렁비빔국수,8000원,가성비 어죽,9000,8000.0
P002914,착한가격업소,,식당,88냉삼 본점,경기도 평택시 고덕국제7로 117 (고덕동) 110호,37.0351843692024,127.029767234697,031-664-9293,냉삼,8800원,항정뽈살,9800원,가성비 냉삼,8800,9800.0
P002915,착한가격업소,,식당,밥쏘는날,"경기도 평택시 경기대로 1376번길 11, 1층",37.0680570562994,127.064551587805,031-683-0377,제육볶음,10000원,된장찌개,8000원,가성비 제육볶음,10000,8000.0
P002916,착한가격업소,,미용,서정리가발,"경기도 평택시 정암로 6, 3층",37.0569267319752,127.054502614991,,남성컷트,8000원,여성컷트,12000원,가성비 남성컷트,8000,12000.0
P002917,착한가격업소,,식당,가정식백반본점,"경기도 평택시 서정역로 35-3, 1층",37.0572324979517,127.055599354941,031-666-0789,가정식백반,8000원,비빔밥,7000원,가성비 가정식백반,8000,7000.0
P002918,착한가격업소,,미용,착한남성컷,"경기도 평택시 탄현로 58, 1층 101호",37.0576195458006,127.053958613503,,커트,7000원,새치염색,12000원,가성비 커트,7000,12000.0
P002919,착한가격업소,,식당,고기 지나가시는분 고기 좀 먹고가세요,"경기도 평택시 비전5로 37, 109호",37.0015878179431,127.114716421256,031-4916-3849,참나무 삼겹살(150g),11000원,참나무 목살(150g),11000원,가성비 참나무 삼겹살(150g),11000,11000.0
P002920,착한가격업소,,미용,이레남성컷트,"경기도 평택시 문화촌로19번길 7-5, 1층",36.9969208100543,127.114284427369,,컷트,10000원,가위컷트,12000원,가성비 컷트,10000,12000.0
P002921,착한가격업소,,미용,환희미용실,"경기도 평택시 특구로 5번길 66, 1층",37.0663390967109,127.059328074614,031-662-9173,컷트,10000원,,,가성비 컷트,10000,
P002922,착한가격업소,,식당,동화마을 잔칫날,경기도 평택시 안중읍 안중로 18번길 58-1,36.9843766399287,126.925766164386,031-681-9392,잔치국수,6000원,비빔국수,6000원,가성비 잔치국수,6000,6000.0
P002923,착한가격업소,,식당,용정해장국,"경기도 평택시 서정역로 19번길 12, 1층",37.0562664362454,127.055064056378,031-667-5333,해장국,7000원,내장탕,9000원,가성비 해장국,7000,9000.0
P002924,착한가격업소,,식당,형제식당면옥,"경기도 평택시 서정역로25번길 13, 1동 1층",37.0563744560234,127.054910557976,031-663-7651,비빔국수,7000원,냉국수,7000원,가성비 비빔국수,7000,7000.0
P002925,착한가격업소,,미용,티는헤어,"경기도 평택시 신장로100번길 25, 1층",37.0843295316538,127.050960780107,031-666-1817,커트,10000원,,,가성비 커트,10000,
P002926,착한가격업소,,식당,행복식당,경기도 평택시 서정역로 47번길 24,37.057136551208,127.054981600102,,원조김밥,3500원,떡만두국,6000원,가성비 원조김밥,3500,6000.0
P002927,착한가격업소,,식당,진선배국수,"경기도 평택시 탄현로 61, 1층",37.0579384048715,127.053629194042,031-8029-5503,멸치국수,3500원,수제비,3500원,가성비 멸치국수,3500,3500.0
P002928,착한가격업소,,식당,옛날통닭 지제센트럴파크점,"경기도 평택시 지제동삭1로 163, 상가동 108호",37.0221255627075,127.087219002558,,옛날통닭,9000원,,,가성비 옛날통닭,9000,
P002929,착한가격업소,,식당,돈방석 삼겹살,"경기도 평택시 조개터로26번길 4, 1층",36.9893420226865,127.102391029785,031-618-3301,가정식 백반,8000원,,,가성비 가정식 백반,8000,
P002930,착한가격업소,,카페,카페866,"경기도 평택시 문화촌로11번길 51-3, 1층 상가호",36.9981030013237,127.112807214563,0507-1318-6310,팥빙수,8000원,,,가성비 팥빙수,8000,
P002931,착한가격업소,,식당,구백년짜장,"경기도 평택시 안중읍 안현로서9길 119, 102호",36.9824395436714,126.915726057158,031-683-9002,짜장,4900원,짬뽕,7900원,가성비 짜장,4900,7900.0
P002932,착한가격업소,,식당,무한칼국수 ,"경기도 평택시 안중읍 안중로 39, 107호",36.9851921266936,126.924772548939,031-682-8887,칼국수,5000원,얼큰이칼국수,6000원,가성비 칼국수,5000,6000.0
P002933,착한가격업소,,식당,송담칼국수,경기도 평택시 안중읍 강변로 129,36.9820073069381,126.943388293088,031-681-5634,소고기 샤브 칼국수 ,10000원,,,가성비 소고기 샤브 칼국수 ,10000,
P002934,착한가격업소,,식당,무한칼국수 송담점,"경기도 평택시 안중읍 안현로 338, 1층 101, 102호",36.9805197840962,126.927610660627,031-686-7774,칼국수,5000원,유니짜장,5000원,가성비 칼국수,5000,5000.0
P002935,착한가격업소,,식당,비비닭강정,"경기도 시흥시 삼미시장2길 39, 1층 (신천동)",37.44025174734,126.784198269721,031-311-3579,순살닭강정(대),13000원,순살닭강정(중),8000원,가성비 순살닭강정(대),13000,8000.0
P002936,착한가격업소,,미용,유림헤어뱅크,경기도 시흥시 호현로63번길 8 (대야동),37.4461482893987,126.785458554132,031-315-7379,펌,25000원,컷트,10000원,가성비 펌,25000,10000.0
P002937,착한가격업소,,미용,머리하는날,경기도 시흥시 대골안길 57-2 (대야동),37.4444700057091,126.787672157334,031-311-1235,펌,30000원,컷트,10000원,가성비 펌,30000,10000.0
P002938,착한가격업소,,미용,큐사랑 쁘띠헤어,경기도 시흥시 대골안길 44 1층 (대야동),37.4458067717571,126.788237599935,,펌,25000원,컷트,12000원,가성비 펌,25000,12000.0
P002939,착한가격업소,,미용,고수컷,"경기도 시흥시 목감남서로 9-5, 114호 (조남동)",37.3780048526265,126.85143457841,0507-1341-0083,펌(학생),25000원,투블럭컷(학생),7000원,가성비 펌(학생),25000,7000.0
P002940,착한가격업소,,카페,카페섬김,경기도 시흥시 시청로72번길 25-1 (장현동),37.3823021958873,126.801458144282,0507-1460-2771,아메리카노,2500원,카페라떼,3000원,가성비 아메리카노,2500,3000.0
P002941,착한가격업소,,미용,가위쟁이 헤어스토리,"경기도 시흥시 정왕신길로49번길7, 고합A상가 (정왕동)",37.3593547516135,126.726587152675,031-497-1482,커트,10000원,펌,30000원,가성비 커트,10000,30000.0
P002942,착한가격업소,,미용,멋쟁이헤어,경기도 시흥시 오이도4길 11 (정왕동),37.3433154288375,126.689707461822,031-433-3044,커트,10000원,펌,25000원,가성비 커트,10000,25000.0
P002943,착한가격업소,,세탁&목욕,해수랜드,경기도 시흥시 옥구상가1길 37 (정왕동),37.3518848831312,126.720988743135,031-433-7550,사우나,8000원,,,가성비 사우나,8000,
P002944,착한가격업소,,식당,장원농장,경기도 시흥시 봉화로143번길 20 (정왕동),37.3665560007331,126.747918666554,031-498-5150,백숙,50000원,오리백숙,60000원,가성비 백숙,50000,60000.0
P002945,착한가격업소,,식당,명장텐베이커리배곧점,"경기도 시흥시 서울대학로264번길 26-18, 110호, 112호 (배곧동)",37.3666608531726,126.726143858231,031-499-4427,단팥빵,1500원,소보루빵,1500원,가성비 단팥빵,1500,1500.0
P002946,착한가격업소,,식당,옛날손칼국수,경기도 시흥시 신천천서로 30-1 1층,37.4384059084082,126.783496324046,,손칼국수,9000원,손수제비,9000원,가성비 손칼국수,9000,9000.0
P002947,착한가격업소,,식당,큰집가마솥순대국,"경기도 시흥시 시청로 68번길 26, 1층 113호",37.3817754898769,126.802014606638,031-314-8576,순대국밥,9000원,아바이국밥,10000원,가성비 순대국밥,9000,10000.0
P002948,착한가격업소,,카페,카페샌디,경기도 시흥시 능곡로 122 상가 102호,37.3651997344446,126.816036153051,,클럽샌드위치,4000원,감자반계란반샌드위치,3000원,가성비 클럽샌드위치,4000,3000.0
P002949,착한가격업소,,미용,미앤미 헤어샵,경기도 시흥시 시흥대로 1083-5,37.4326292910995,126.792212585749,,커트,7000원,학생커트,6000원,가성비 커트,7000,6000.0
P002950,착한가격업소,,식당,삼미빵집,"경기도 시흥시 삼미시장4길 10, 1층",37.4394903176134,126.783714563616,,"단팥,완두,크림, 소보루 3개",2000원,밤식빵,4000원,"가성비 단팥,완두,크림, 소보루 3개",2000,4000.0
P002951,착한가격업소,,기타,맞춤운동센터 자이언트짐,"경기도 시흥시 함송로 29번길 5, 다나빌딩 2층",37.3637736691696,126.731275809116,,맞춤운동피티 20회(헬스별도),420000원,맞춤운동피티 8회(헬스포함),180000원,가성비 맞춤운동피티 20회(헬스별도),420000,180000.0
P002952,착한가격업소,,식당,소소한우곱창,경기도 시흥시 진말로3번길 16 (장곡동) 1층,37.3778925443091,126.783658761926,031-503-9294,한우곱창,25000원,모듬곱창,25000원,가성비 한우곱창,25000,25000.0
P002953,착한가격업소,,미용,컷트스토리,경기도 시흥시 승지로 75 (능곡동) 1층,37.370776831209,126.810570261935,031-312-7426,남자커트,10000원,다운펌,20000원,가성비 남자커트,10000,20000.0
P002954,착한가격업소,,식당,바오달 송탄부대찌개,경기도 시흥시 시청로68번길 10 (장현동) 101호,37.3809357436651,126.800838255491,0507-1329-5377,정통부대찌개,9000원,,,가성비 정통부대찌개,9000,
P002955,착한가격업소,,식당,삼미감자탕,경기도 시흥시 삼미시장4길 21 (신천동) 104호,37.439717829524,126.782392389852,031-311-5652,뼈해장국(2~3인분),14000원,감자탕(소),19000원,가성비 뼈해장국(2~3인분),14000,19000.0
P002956,착한가격업소,,식당,연잎 명태조림,경기도 시흥시 하중로117번길 6 (하중동) 1층,37.400087049784,126.79988113542,0507-1325-2911,명태조림(소),31000원,,,가성비 명태조림(소),31000,
P002957,착한가격업소,,식당,케익이벤트,경기도 시흥시 장곡로49번길 9-1 (장곡동) 1층,37.378425495129,126.783361077054,031-317-5062,밤식빵,6500원,모카쉬폰,7000원,가성비 밤식빵,6500,7000.0
P002958,착한가격업소,,식당,홍족한방족발,경기도 시흥시 시흥대로1073번길 4-4 (신천동) 1층,37.4322221640318,126.79259538251,031-311-7434,앞다리(대),33000원,,,가성비 앞다리(대),33000,
P002959,착한가격업소,,식당,가온국수,"경기도 시흥시 장곡로53번길 17-1, 101호",37.3778454182439,126.782870702338,,멸치국수,7500원,,,가성비 멸치국수,7500,
P002960,착한가격업소,,식당,공룡족발,"경기도 시흥시 인선길 30, 108호",37.3774496417502,126.785312626709,,족발 후족(소),15000원,,,가성비 족발 후족(소),15000,
P002961,착한가격업소,,식당,순수면가,"경기도 시흥시 측백나무길 26, 101호",37.3820993050756,126.788325642716,,밀면,8000원,비빔밥,5500원,가성비 밀면,8000,5500.0
P002962,착한가격업소,,식당,신가네 숯불꼼장어,경기도 시흥시 진말로 19번길 3,37.3789603075514,126.785268803034,,숯불꼼장어 2인,27000원,,,가성비 숯불꼼장어 2인,27000,
P002963,착한가격업소,,식당,돼창마을,"경기도 시흥시 인선길 30, 106호",37.3774496417502,126.785312626709,,곱창볶음,11000원,알곱창볶음,11000원,가성비 곱창볶음,11000,11000.0
P002964,착한가격업소,,식당,꽃게담다by 블리베리팜 배곧점,"경기도 시흥시 서울대학로264번길 26-32 (배곧동) 115, 116호",37.3666092687726,126.727724149855,0507-1345-8954,숫꽃게간장게장정식,13000원,암꽃게간장게장정식,16000원,가성비 숫꽃게간장게장정식,13000,16000.0
P002965,착한가격업소,,식당,군자생선구이,"경기도 시흥시 연성로13번길 5-2 (하중동, 데코빌아파트) 1층",37.3908930279537,126.804563747936,031-404-7448,고등어구이,13000원,삼치구이,13000원,가성비 고등어구이,13000,13000.0
P002966,착한가격업소,,식당,3대농닭강정,경기도 시흥시 장곡로 71 (장곡동) 103호,37.3793787711782,126.780863519117,0507-1491-3303,새우 후라이드,16000원,닭강정,16000원,가성비 새우 후라이드,16000,16000.0
P002967,착한가격업소,,식당,경기도 왕만두,경기도 시흥시 시흥대로789번길 6-7 (포동) 2층,37.4078791323712,126.788531331853,031-316-2254,왕만두(8개),6000원,모듬찌개(2인),14000원,가성비 왕만두(8개),6000,14000.0
P002968,착한가격업소,,식당,어부파스타,"경기도 시흥시 은계번영길 40 (은행동) 204, 205호",37.4365558756251,126.802545757391,031-317-8792,버섯리조또,12500원,,,가성비 버섯리조또,12500,
P002969,착한가격업소,,미용,미앤미 염색방,경기도 시흥시 신현로38번길 23-1 (포동) 104호,37.4077103994891,126.783764502443,,새치염색,10000원,두피크리닉,10000원,가성비 새치염색,10000,10000.0
P002970,착한가격업소,,식당,찌개특구,경기도 시흥시 정왕대로 174 (정왕동) 광개토빌딩 1층,37.348135879561,126.733487876704,031-362-4658,생고기김치찌개,9000원,,,가성비 생고기김치찌개,9000,
P002971,착한가격업소,,식당,만리향,경기도 시흥시 역전로301번길 24 (정왕동),37.3523414602369,126.736967723906,,짜장면(홀이용),4500원,짬뽕,7500원,가성비 짜장면(홀이용),4500,7500.0
P002972,착한가격업소,,식당,태백설렁탕,경기도 시흥시 봉우재로36번길 5 (정왕동),37.3459325358087,126.745028719788,,설렁탕,9000원,,,가성비 설렁탕,9000,
P002973,착한가격업소,,식당,자금성,"경기도 시흥시 마유로 415, 역전프라자 (정왕동)",37.3519442533794,126.740583557356,,짬뽕,7000원,,,가성비 짬뽕,7000,
P002974,착한가격업소,,식당,따뜻한 밥상,"경기도 시흥시 서울대학로 264번길 12, 호반써밋2차 상가 229호 (배곧동)",37.3674688788737,126.724896082751,,김치찌개,3000원,,,가성비 김치찌개,3000,
P002975,착한가격업소,,식당,남원참추어탕,경기도 시흥시 신천3길 9 (신천동),37.4394835506069,126.784894398131,,참추어탕 돌솥밥,11000원,추어튀김,6000원,가성비 참추어탕 돌솥밥,11000,6000.0
P002976,착한가격업소,,식당,삿뽀로 우동,경기도 시흥시 매화1로 32번길 24 (매화동),37.4162384041433,126.81295513984,,우동,6000원,우동+튀김,8000원,가성비 우동,6000,8000.0
P002977,착한가격업소,,식당,이가네생칼국수,경기도 시흥시 신천3길 9 (신천동),37.4394835506069,126.784894398131,,삼계탕,10000원,닭한마리칼국수,9000원,가성비 삼계탕,10000,9000.0
P002978,착한가격업소,,식당,부자네식당,경기도 시흥시 신천3길 40-1 (신천동),37.4388227452061,126.781698918392,,생삼겹살(200g),14000원,"오리로스, 주물럭",40000원,가성비 생삼겹살(200g),14000,40000.0
P002979,착한가격업소,,식당,강화생고기마당,경기도 시흥시 논곡길 7 (조남동),37.3939193274333,126.855490335829,,가정식백반,7000원,냉면,7000원,가성비 가정식백반,7000,7000.0
P002980,착한가격업소,,식당,수제면가,"경기도 시흥시 인선1길 8, 102호 (장곡동)",37.3779825109646,126.78821335526,,밀면,7000원,만두(6개),4000원,가성비 밀면,7000,4000.0
P002981,착한가격업소,,식당,꼬꼬마김밥,경기도 시흥시 복지로53번길 22-1 (대야동),37.4451619539282,126.78730485087,,꼬마김밥(11줄),11000원,,,가성비 꼬마김밥(11줄),11000,
P002982,착한가격업소,,식당,장떡즉석떡볶이,"경기도 시흥시 장곡로49번길 6, 103호 (장곡동)",37.379059316876,126.783138293838,,떡볶이,6000원,,,가성비 떡볶이,6000,
P002983,착한가격업소,,식당,동아분식,"경기도 시흥시 하중로 131, 102호 (하중동)",37.3990301657545,126.800742158104,,순두부찌개,7500원,비빔밥,7500원,가성비 순두부찌개,7500,7500.0
P002984,착한가격업소,,식당,투엠돈까스,경기도 시흥시 장곡로 53번길 7 (장곡동),37.3787043894566,126.782933937924,,돈까스뷔페(점심),9900원,,,가성비 돈까스뷔페(점심),9900,
P002985,착한가격업소,,카페,모랫골마을 협동조합,"경기도 시흥시 은행로65번길 22, 1층 (은행동)",37.438213469329,126.793630393631,,아메리카노(핫),2000원,바닐라라떼,3500원,가성비 아메리카노(핫),2000,3500.0
P002986,착한가격업소,,기타,브이유팩토리,경기도 시흥시 서울대학로 59-49 4층 43호 (배곧동),37.3597186457485,126.708537136661,,"여권,증명사진",15000원,영정사진(액자포함),55000원,"가성비 여권,증명사진",15000,55000.0
P002987,착한가격업소,,식당,건강한밥상,경기도 시흥시 시흥대로 789번길 5 (포동),37.4071235179296,126.788822493832,,"한식뷔페(아침,점심)",7700원,,,"가성비 한식뷔페(아침,점심)",7700,
P002988,착한가격업소,,식당,오월얼크니,경기도 시흥시 동서로 811번길 36 (물왕동),37.3864957063117,126.839019905713,,샤브손칼국수,11000원,교자만두(8개),7000원,가성비 샤브손칼국수,11000,7000.0
P002989,착한가격업소,,식당,천향오,경기도 시흥시 정왕천로 407-1 (정왕동),37.3442865268646,126.751759225511,,돌솥비빔밥,8000원,소고기덮밥,8000원,가성비 돌솥비빔밥,8000,8000.0
P002990,착한가격업소,,미용,수산나미용실,경기도 시흥시 대야로3번길 14 (대야동),37.4445453886172,126.787353719701,,뿌리염색(컷트포함),20000원,,,가성비 뿌리염색(컷트포함),20000,
P002991,착한가격업소,,식당,김밥이랑 찌개랑,경기도 시흥시 시청로68번길 4 (장현동),37.3804816333582,126.800520599338,,된장찌개,7000원,순두부찌개,7000원,가성비 된장찌개,7000,7000.0
P002992,착한가격업소,,식당,맘모스빵집,경기도 시흥시 신천천서로 22,37.4388919343772,126.784295284382,031-315-8339,소금빵,1200원,맘모스빵,5000원,가성비 소금빵,1200,5000.0
P002993,착한가격업소,,미용,샵김미경,경기도 시흥시 신천3길 36-1,37.438779059493,126.782047980691,031-314-4758,여성커트,13000원,펌,30000원,가성비 여성커트,13000,30000.0
P002994,착한가격업소,,식당,최양평해장국,경기도 시흥시 복지로 53번길 25,37.4451280762864,126.786755055811,0507-1333-8788,뼈해장국,8000원,,,가성비 뼈해장국,8000,
P002995,착한가격업소,,미용,전혜영남성커트전문점,"경기도 시흥시 중심상가2길 12-2, 102호",37.3455412159189,126.736474785719,0507-1359-3677,남성커트,10000원,,,가성비 남성커트,10000,
P002996,착한가격업소,,식당,삼천냥 손칼국수,경기도 시흥시 시흥대로 1074번길 17-1,37.4317228716877,126.795000098731,031-313-0464,손칼국수,6000원,,,가성비 손칼국수,6000,
P002997,착한가격업소,,식당,우각골 한우곰탕,경기도 시흥시 월곶중앙로 38 102~106호,37.3880192731757,126.741332867453,0507-1414-8295,한우곰탕,10000원,,,가성비 한우곰탕,10000,
P002998,착한가격업소,,식당,연평도 꽃게탕 보리밥 오이도거북섬점,"경기도 시흥시 거북섬로 104, 201~207호, 219~225호",37.321206896717,126.677772369002,0507-1415-1678,연평도 꽃게장정식,14900원,,,가성비 연평도 꽃게장정식,14900,
P002999,착한가격업소,,식당,대한식도락,경기도 시흥시 복지로 53번길 22-1,37.4451619539282,126.78730485087,,잔치국수(무한리필),6000원,,,가성비 잔치국수(무한리필),6000,
P003000,착한가격업소,,카페,아우리움(aureum coffee),"경기도 시흥시 신천6길 13, 101호",37.4372960576442,126.78067159572,0507-1363-9031,아메리카노,2000원,바닐라아이스크림,2000원,가성비 아메리카노,2000,2000.0
P003001,착한가격업소,,식당,프랑세즈 과자점,경기도 시흥시 능곡로 188,37.3683904113391,126.810366735142,031-317-4934,소보루,1500원,단팥빵,1500원,가성비 소보루,1500,1500.0
P003002,착한가격업소,,카페,달콤한 한입,경기도 시흥시 시흥대로 1065번길 14,37.4312168087639,126.79121193275,,"미니타르트, 파이",1000원,아메리카노,2300원,"가성비 미니타르트, 파이",1000,2300.0
P003003,착한가격업소,,식당,광어9900,경기도 시흥시 은행로 173번길 7,37.4454622476017,126.797610491328,031-314-9972,광어 소(2~3인분),25000원,"점심메뉴(회, 튀김, 멍게, 초밥, 구이 2인이상)",12000원,가성비 광어 소(2~3인분),25000,12000.0
P003004,착한가격업소,,식당,한우연구소 장현본점,경기도 시흥시 동서로 427,37.3840729747529,126.794651131002,0507-1348-3415,연구소 모듬(500g),44000원,갈비살(300g),39000원,가성비 연구소 모듬(500g),44000,39000.0
P003005,착한가격업소,,미용,은혜미용실,경기도 파주시 파평면 장마루로 246-1,37.9437885492023,126.837837740391,,커트,12000원,펌,25000원,가성비 커트,12000,25000.0
P003006,착한가격업소,,미용,팜스헤어클럽,"경기도 파주시 송화로 11, 210호 (아동동, 팜스프링종합상가 169동 2층)",37.7718884240314,126.77714308483,031-947-8908,커트,11000원,펌,35000원,가성비 커트,11000,35000.0
P003007,착한가격업소,,미용,로이미용실,"경기도 파주시 광탄면 혜음로 1137-1, 1층",37.7826782894278,126.846360443676,031-957-5007,커트,10000원,펌,25000원,가성비 커트,10000,25000.0
P003008,착한가격업소,,미용,헤어짱,경기도 파주시 탄현면 여치길 81,37.7704546274141,126.702539667323,031-944-0810,커트,15000원,펌,30000원,가성비 커트,15000,30000.0
P003009,착한가격업소,,미용,시온미용실,경기도 파주시 월롱면 쉰우물길 13-16,37.7779102271518,126.789563479172,031-941-5285,커트,5000원,펌,25000원,가성비 커트,5000,25000.0
P003010,착한가격업소,,식당,털보순대,경기도 파주시 금정24길 15 (금촌동),37.7627597754025,126.773505940938,031-941-5558,순대국밥,9000원,돼지국밥,9000원,가성비 순대국밥,9000,9000.0
P003011,착한가격업소,,미용,선미용실,경기도 파주시 금정24길 5-1 (금촌동),37.7626221663198,126.773021085616,031-941-2882,커트,8000원,펌,25000원,가성비 커트,8000,25000.0
P003012,착한가격업소,,식당,소망순대국,경기도 파주시 금정24길 17 (금촌동),37.7628134239492,126.773668065687,031-944-3929,순대국,9000원,돼지국밥,9000원,가성비 순대국,9000,9000.0
P003013,착한가격업소,,식당,중앙스넥,경기도 파주시 금정24길 21 (금촌동),37.7628924456731,126.773906491152,,순대국,9000원,돼지국밥,9000원,가성비 순대국,9000,9000.0
P003014,착한가격업소,,식당,암소식당,경기도 파주시 월롱면 엘지로360번길 19,37.8163750627418,126.762242324443,031-945-1255,차돌박이(180g),22000원,꽃등심(160g),25000원,가성비 차돌박이(180g),22000,25000.0
P003015,착한가격업소,,식당,제일분식,"경기도 파주시 문산읍 문향로 57, 자유시장 44호",37.8567274812808,126.783942085693,031-953-6106,김밥,2500원,떡볶이,4000원,가성비 김밥,2500,4000.0
P003016,착한가격업소,,미용,조희미용실,경기도 파주시 문산읍 문향로75번길 19-12,37.8586564518256,126.78445394976,031-954-1116,커트,13000원,펌,40000원,가성비 커트,13000,40000.0
P003017,착한가격업소,,식당,고씨네해장국,경기도 파주시 가람로116번길 31 (와동동),37.7359342341103,126.76377699201,031-948-8220,선지해장국,9000원,황태해장국,9000원,가성비 선지해장국,9000,9000.0
P003018,착한가격업소,,식당,대운각,경기도 파주시 파주읍 파발로16번길 32,37.8313283475546,126.818921226419,031-953-0174,자장면,6000원,짬뽕,9000원,가성비 자장면,6000,9000.0
P003019,착한가격업소,,식당,신촌갈비,경기도 파주시 새꽃로 199 (금촌동),37.7656046293805,126.774665444828,031-941-7310,돼지갈비(200g),12000원,솥뚜껑삼겹살(200g),12000원,가성비 돼지갈비(200g),12000,12000.0
P003020,착한가격업소,,식당,시래기국밥,경기도 파주시 금정8길 1 (금촌동),37.7581582584979,126.775945973073,031-942-8865,시래기 국밥,8000원,시래기 소국밥,10000원,가성비 시래기 국밥,8000,10000.0
P003021,착한가격업소,,식당,산몰랭이국수,"경기도 파주시 아동로 20, 장안3차상가 E-107 (금촌동)",37.7638829170804,126.776478790932,031-948-1457,잔치국수,6000원,비빔국수,7000원,가성비 잔치국수,6000,7000.0
P003022,착한가격업소,,미용,엘로이미용실,경기도 파주시 파주읍 술이홀로 432,37.8293218637364,126.834689160387,031-953-3237,커트,5000원,펌,15000원,가성비 커트,5000,15000.0
P003023,착한가격업소,,식당,복드림한우,경기도 파주시 탄현면 새오리로 48,37.7892305335909,126.687395657564,031-944-8060,한우숯불불고기정식(150g),16000원,한우설렁탕,8000원,가성비 한우숯불불고기정식(150g),16000,8000.0
P003024,착한가격업소,,식당,맘,"경기도 파주시 월롱면 엘씨디로 16, LCD파크 A-127",37.8107124010355,126.777046319728,031-942-7880,김밥,3000원,라면,4000원,가성비 김밥,3000,4000.0
P003025,착한가격업소,,식당,삼겹살에소주한잔,"경기도 파주시 문산읍 문향로84번길 2, 2층 (파크랜드)",37.8589161751454,126.786569542224,031-953-0068,대패삼겹살(100g),4500원,냉삼겹살(100g),4500원,가성비 대패삼겹살(100g),4500,4500.0
P003026,착한가격업소,,식당,원주네식당,경기도 파주시 파주읍 시장거리길 34,37.8308988595401,126.817111609407,031-952-5558,육개장,5000원,소머리국밥,5000원,가성비 육개장,5000,5000.0
P003027,착한가격업소,,식당,김밥레스토랑,"경기도 파주시 청석로 256, 1층 106호 (동패동, 교하일번가)",37.7247075214162,126.717759686529,031-941-2904,김밥,3000원,치즈김밥,4000원,가성비 김밥,3000,4000.0
P003028,착한가격업소,,식당,옛날집,경기도 파주시 문화로 74-3 (아동동),37.7609796799934,126.775972643539,031-945-6677,닭칼국수,9000원,닭곰탕,9000원,가성비 닭칼국수,9000,9000.0
P003029,착한가격업소,,식당,아리몽,경기도 파주시 금정로 98 (금촌동),37.7633000319876,126.772403562745,031-957-7100,"불고기정식(불고기 200g, 산채비빔밥)",15000원,뚝불고기,11000원,"가성비 불고기정식(불고기 200g, 산채비빔밥)",15000,11000.0
P003030,착한가격업소,,식당,전주웰빙새알팥죽,"경기도 파주시 문산읍 문향로 14, 1층",37.8532112728899,126.786571445725,031-954-8881,새알팥죽(보리비빔밥),10000원,팥칼국수(보리비빔밥),9000원,가성비 새알팥죽(보리비빔밥),10000,9000.0
P003031,착한가격업소,,식당,전주콩나물국밥 진말생면국수,"경기도 파주시 시청로 25, 101~102호 (금촌동, 광우프라자)",37.7591616394745,126.776265578319,031-948-9080,콩나물국밥,7000원,얼큰콩나물국밥,8000원,가성비 콩나물국밥,7000,8000.0
P003032,착한가격업소,,미용,네일&젤,"경기도 파주시 송학1길 158-27 (야당동, 티스퀘어)",37.7149430410815,126.765743244528,,손젤,34000원,발젤,44000원,가성비 손젤,34000,44000.0
P003033,착한가격업소,,식당,닭사랑,"경기도 파주시 문산읍 독서울1길 40, 상가동 102호",37.8688036884289,126.80293003349,031-957-2482,후라이드치킨(11호),20000원,닭볶음탕,40000원,가성비 후라이드치킨(11호),20000,40000.0
P003034,착한가격업소,,식당,인생우동,"경기도 파주시 책향기로 824, 118호 (와동동)",37.7293686264486,126.76235277195,070-7809-8603,우동,7000원,유부우동,8000원,가성비 우동,7000,8000.0
P003035,착한가격업소,,미용,티아라피부관리,"경기도 파주시 문산읍 독서울1길 40, 상가동 203호",37.8688036884289,126.80293003349,031-953-3127,비너스(상체),55000원,등관리,60000원,가성비 비너스(상체),55000,60000.0
P003036,착한가격업소,,식당,쭈꾸미삼겹,"경기도 파주시 월롱면 엘씨디로 16, LCD파크 A-121",37.8107124010355,126.777046319728,031-942-0737,쭈꾸미볶음(2인 이상),8500/9000원,쭈꾸미제육볶음(2인 이상),10000원,가성비 쭈꾸미볶음(2인 이상),8500,10000.0
P003037,착한가격업소,,식당,사천성,"경기도 파주시 문산읍 문향로 82, 1층 일부 (2호, 3호)",37.8587947899908,126.786306144515,031-953-9536,짜장면(매장식사),3000원,짬뽕(매장식사),5000원,가성비 짜장면(매장식사),3000,5000.0
P003038,착한가격업소,,식당,안녕식당,"경기도 파주시 문산읍 문산로26번길 13, 호수상가 101동 6-21",37.856728376529,126.782959164512,0507-1308-6739,카레덮밥,4000원,안심간장계란덮밥,5500원,가성비 카레덮밥,4000,5500.0
P003039,착한가격업소,,식당,어반그린스,"경기도 파주시 가람로116번길 107, 123호 (와동동, 한강듀클래스)",37.7326942775769,126.766725669133,031-942-8910,머쉬룸치킨치아바타샌드위치,8800원,쉬림프에그치아바타샌드위치,8800원,가성비 머쉬룸치킨치아바타샌드위치,8800,8800.0
P003040,착한가격업소,,미용,엘도라도헤어,"경기도 파주시 초롱꽃로 109, 301호 (동패동, 팜스타워)",37.7123988440704,126.716375923258,031-939-0700,뿌리염색(3cm),33000원,커트,18000원,가성비 뿌리염색(3cm),33000,18000.0
P003041,착한가격업소,,식당,빠씨오네,"경기도 파주시 시청로 172, 1층 (아동동)",37.7691002065265,126.778764939907,031-943-9873,한식뷔페,7000원,,,가성비 한식뷔페,7000,
P003042,착한가격업소,,식당,조형진일산갈비,"경기도 파주시 송학1길 67-17, 2동 (야당동)",37.7123701235145,126.76169042435,031-946-2055,돼지갈비(250g),11000원,목살(200g),13000원,가성비 돼지갈비(250g),11000,13000.0
P003043,착한가격업소,,미용,닥터봉 탈모두피케어,"경기도 파주시 하우고개길 95, 102호 (야당동)",37.7100267937661,126.764609673448,031-946-9963,두피관리,30000원,커트,15000원,가성비 두피관리,30000,15000.0
P003044,착한가격업소,,식당,신촌해물칼국수,경기도 파주시 교하로 885 (문발동),37.7259667582627,126.703427090128,031-946-4693,잔치국수,7000원,떡만둣국,9000원,가성비 잔치국수,7000,9000.0
P003045,착한가격업소,,식당,행복한마트분식,경기도 파주시 조리읍 봉천로 38-77,37.7442151329819,126.807424595384,,떡볶이,3500원,컵밥(삼겹살),4000원,가성비 떡볶이,3500,4000.0
P003046,착한가격업소,,식당,암소식당 월롱점,경기도 파주시 월롱면 휴암로 20,37.7968720066182,126.790109309475,031-945-9237,한우생등심(160g),25000원,차돌된장찌개,8000원,가성비 한우생등심(160g),25000,8000.0
P003047,착한가격업소,,미용,금메달커트클럽,"경기도 파주시 중앙로 304, 1층 (금촌동)",37.7629182683496,126.77567978408,070-7543-0863,남성커트,9000원,염색,11000원,가성비 남성커트,9000,11000.0
P003048,착한가격업소,,기타,금산인삼,경기도 파주시 금정24길 9-1 (금촌동),37.7627074002899,126.77325654012,031-941-6315,4년근 인삼(300g),13000원,인삼차(1상자 100개입) ,5000원,가성비 4년근 인삼(300g),13000,5000.0
P003049,착한가격업소,,미용,나이스가이,"경기도 파주시 조리읍 통일로 317, 102호",37.7437241838188,126.808911956814,031-949-1912,남성커트,9000원,염색,12000원,가성비 남성커트,9000,12000.0
P003050,착한가격업소,,식당,왔다삼겹살,"경기도 파주시 원앙길 26, 1층 일부 (금촌동)",37.7650139221279,126.775827916851,031-944-9254,대패삼겹살(100g),5000원,왔다삼겹살(150g)_냉삼,8000원,가성비 대패삼겹살(100g),5000,8000.0
P003051,착한가격업소,,식당,치킨가격안정화프로젝트 치킹,"경기도 파주시 소리천로8번길 70, 1층 110호 (야당동, 유니타워)",37.7110331017273,126.760056735507,031-948-1148,바삭크런치 크리스피 치킨,13900원,오트밀 크리스피 치킨,13900원,가성비 바삭크런치 크리스피 치킨,13900,13900.0
P003052,착한가격업소,,식당,친구네국수,"경기도 파주시 탄현면 약산로 49, 1층",37.7696134034199,126.703434909016,031-945-9858,잔치국수,5000원,비빔국수,6000원,가성비 잔치국수,5000,6000.0
P003053,착한가격업소,,식당,준도넛,"경기도 파주시 평화로 33, 1층 (금촌동, 하영빌딩)",37.7607100036759,126.771365846757,031-946-7040,수제도넛(12개),15000원,수제 미니볼(40개),8000원,가성비 수제도넛(12개),15000,8000.0
P003054,착한가격업소,,카페,커피홀릭,"경기도 파주시 금빛로 15, 111호 (금촌동, 미라클프라자)",37.7509344601611,126.7666402787,031-942-3989,아메리카노(HOT),3000원,카페라떼(HOT),4000원,가성비 아메리카노(HOT),3000,4000.0
P003055,착한가격업소,,식당,한마음한식뷔페,경기도 파주시 파주읍 우계로 17 1층 일부,37.8293245298994,126.813889532993,031-953-3650,한식뷔페(성인),7500원,한식뷔페(초등학생),5000원,가성비 한식뷔페(성인),7500,5000.0
P003056,착한가격업소,,미용,루즈헤어살롱,"경기도 파주시 동패로7번길 58, 1층 103호 (동패동)",37.7093334519604,126.734794864884,031-948-9788,여성커트,12000원,남성커트,10000원,가성비 여성커트,12000,10000.0
P003057,착한가격업소,,식당,연탄깡통,경기도 파주시 월롱면 엘씨디로8번길 15-22 1층 (라온빌),37.8107669028934,126.775998321889,031-945-1367,숙성삼겹살(200g),15000원,숙성목살(200g),15000원,가성비 숙성삼겹살(200g),15000,15000.0
P003058,착한가격업소,,식당,털레기수제비,경기도 파주시 금정12길 15 (금촌동) 1층,37.7596107484956,126.775779991726,0507-1353-2161,잔치국수,5000원,칼국수,7000원,가성비 잔치국수,5000,7000.0
P003059,착한가격업소,,식당,돈까스에쏙빠지다,경기도 파주시 청석로 334 (다율동) 상가동 207호,37.7315884983231,126.720410768063,,수제 생 돈까스,10500원,알프레도 크림 파스타,13000원,가성비 수제 생 돈까스,10500,13000.0
P003060,착한가격업소,,카페,카페위,경기도 파주시 후곡로 19 (금촌동) -,37.7557450829903,126.773901236163,031-945-1887,아메리카노,3000원,카페라떼,4000원,가성비 아메리카노,3000,4000.0
P003061,착한가격업소,,식당,맛있는청계천곱창막창,"경기도 파주시 송화로 11 (아동동), 팜스프링아파트 169동 B119호",37.7718884240314,126.77714308483,031-943-2242,야채곱창,12000원,,,가성비 야채곱창,12000,
P003062,착한가격업소,,식당,유명한튀김,경기도 파주시 조리읍 봉천로 38,37.7438392972817,126.807619471331,031-941-1622,떡볶이,3500원,튀김(3개),2000원,가성비 떡볶이,3500,2000.0
P003063,착한가격업소,,미용,더마블랑 에스테틱,"경기도 파주시 경의로 1114, 501호 (야당동, 에펠타워)",37.7166199046051,126.760396098447,031-8035-7275,수분관리 10회,500000원,탄력관리 10회,700000원,가성비 수분관리 10회,500000,700000.0
P003064,착한가격업소,,미용,아이순수뷰티,경기도 파주시 경의로 1108 (야당동) 월드타워7차 308호,37.7162643637915,126.760254451097,0507-1484-0206,플랫모(네추럴 스모키),30000원,마스카라 연장,35000원,가성비 플랫모(네추럴 스모키),30000,35000.0
P003065,착한가격업소,,식당,아띠공방,경기도 파주시 쇠재개울길 62-6 (금릉동) -,37.7516976917184,126.780245141759,031-949-2555,기본 마카롱,2000원,쿠키류,2500원,가성비 기본 마카롱,2000,2500.0
P003066,착한가격업소,,기타,어우러짐(GYM),경기도 파주시 파주로 266 (동패동) 4층 401호 (아이비타워),37.7261729297037,126.718241997855,031-949-5333,특공무술 수업(주 2~3회),140000원,특공무술 수업(주 4~5회),150000원,가성비 특공무술 수업(주 2~3회),140000,150000.0
P003067,착한가격업소,,식당,하랑쌀국수,"경기도 파주시 쇠재안길 40-4, 1층 (금릉동)",37.7522369347792,126.77852035801,031-949-4378,소고기쌀국수,8000원,분짜,8000원,가성비 소고기쌀국수,8000,8000.0
P003068,착한가격업소,,식당,선상매운탕칼제비,"경기도 파주시 가람로21번길 7-32, 101호 (와동동)",37.7339433868018,126.750536093195,031-942-1101,통우럭매운탕칼제비,9000원,,,가성비 통우럭매운탕칼제비,9000,
P003069,착한가격업소,,식당,심학산국수집,"경기도 파주시 탄현면 엘지로 694, 1층 일부호",37.8348754951847,126.736526148632,031-941-8828,양푼이잔치국수,5500원,양푼이비빔국수,5500원,가성비 양푼이잔치국수,5500,5500.0
P003070,착한가격업소,,미용,유미네미용실,"경기도 파주시 심학산로423번길 21-17, 102호 (목동동)",37.7192087639461,126.737591237121,031-949-3574,여성커트,15000원,남성커트,13000원,가성비 여성커트,15000,13000.0
P003071,착한가격업소,,미용,염색앤두피 파주점,"경기도 파주시 경의로1240번길 14-31, 609호 (와동동, 월드플러스)",37.7265038078199,126.762036827627,,새치검정염색(뿌리 2cm),25000원,멋내기염색(뿌리 2cm),35000원,가성비 새치검정염색(뿌리 2cm),25000,35000.0
P003072,착한가격업소,,기타,오엘에프씨,"경기도 파주시 초롱꽃로 109, 603, 604호 (동패동, 팜스타워)",37.7123988440704,126.716375923258,,축구수업(주 1회),77000원,축구수업(주 2회),132000원,가성비 축구수업(주 1회),77000,132000.0
P003073,착한가격업소,,기타,아지동 키즈카페,"경기도 파주시 탄현면 헤이리마을길 93-75, 에이동 201~206호 (헤이리더스텝)",37.7914065301831,126.696248788845,031-944-0677,키즈카페종일권(주말),18000원,키즈카페종일권(주중),15000원,가성비 키즈카페종일권(주말),18000,15000.0
P003074,착한가격업소,,식당,복향기,경기도 파주시 돌곶이길 98-3 (서패동),37.7145679535649,126.695261317326,031-959-8253,복매운탕,13000원,복맑은탕,13000원,가성비 복매운탕,13000,13000.0
P003075,착한가격업소,,카페,광탄커피,"경기도 파주시 광탄면 동거리길 28, 1층",37.7810593750421,126.849028137309,,아메리카노,3000원,카페라떼(HOT),3500원,가성비 아메리카노,3000,3500.0
P003076,착한가격업소,,미용,파주운정마사지 더편한풋앤바디,"경기도 파주시 경의로1240번길 14-31, 404, 405, 406호 (와동동)",37.7265038078199,126.762036827627,031-946-8613,수기테라피(90분),80000원,(조조할인)후면 수기테라피(70분),55000원,가성비 수기테라피(90분),80000,55000.0
P003077,착한가격업소,,식당,가월리손두부,경기도 파주시 적성면 감악산로 1473,37.9771757436382,126.920697301167,031-959-3974,순두부,9000원,두부전골(1인),10000원,가성비 순두부,9000,10000.0
P003078,착한가격업소,,세탁&목욕,골드스파사우나,"경기도 파주시 한마음1길 38, 지하1층 (금촌동)",37.7569628137858,126.771186507007,031-957-8445,목욕료(대인/주간),10000원,찜질요금(대인/주간),12000원,가성비 목욕료(대인/주간),10000,12000.0
P003079,착한가격업소,,식당,신설식당,경기도 파주시 금정24길 19 (금촌동),37.762853568919,126.773789035495,0507-1437-5145,신설칼국수,8000원,,,가성비 신설칼국수,8000,
P003080,착한가격업소,,미용,포레헤어,"경기도 파주시 와석순환로252번길 7-14, 102호 (목동동)",37.720158916548,126.737627016515,031-935-4563,남성커트,15000원,"남,녀 학생커트",12000원,가성비 남성커트,15000,12000.0
P003081,착한가격업소,,식당,옥희토끼과자점,"경기도 파주시 쇠재안길 29, 1층 104호 (금릉동)",37.7518880563179,126.778891202095,,개성주악(1구),2500원,,,가성비 개성주악(1구),2500,
P003082,착한가격업소,,식당,정곰탕,"경기도 파주시 와석순환로 511, 304호 (와동동)",37.7245183786695,126.762278773712,031-957-8808,곰탕,10000원,육개장,11000원,가성비 곰탕,10000,11000.0
P003083,착한가격업소,,미용,미스터블루컷,경기도 의정부시 가능로 80,37.746669338697,127.039753785112,031-876-0574,커트,7000원,염색,7000원,가성비 커트,7000,7000.0
P003084,착한가격업소,,미용,샘플남성컷,경기도 의정부시 충의로 52,37.7366374345553,127.087822940255,031-873-7080,커트,8000원,염색+커트,15000원,가성비 커트,8000,15000.0
P003085,착한가격업소,,세탁&목욕,삼진목욕탕,경기도 의정부시 태평로 198,37.7490361223044,127.047239709486,031-848-0157,목욕비,6000원,,,가성비 목욕비,6000,
P003086,착한가격업소,,식당,친구네,"경기도 의정부시 시민로19번길 22-7, 1층",37.7393490379668,127.03704561068,031-829-4566,김치/된장찌개,7000원,순두부찌개,7000원,가성비 김치/된장찌개,7000,7000.0
P003087,착한가격업소,,식당,사랑채보리밥,경기도 의정부시 의정로46번길 18,37.7367931933531,127.036090345813,031-836-7035,된장찌개,8000원,청국장,8000원,가성비 된장찌개,8000,8000.0
P003088,착한가격업소,,미용,헤어이벤트,경기도 의정부시 태평로 204,37.7493192102968,127.046778188334,031-844-9520,커트,7000원,파마,30000원,가성비 커트,7000,30000.0
P003089,착한가격업소,,미용,김순옥미용실,경기도 의정부시 비우로 98,37.7582173389952,127.037742715979,031-874-4328,커트,10000원,파마,25000원,가성비 커트,10000,25000.0
P003090,착한가격업소,,세탁&목욕,백양세탁,경기도 의정부시 안말로 88,37.7144054213627,127.048581639186,031-877-1957,바지단줄임,4000원,신사복상하,8000원,가성비 바지단줄임,4000,8000.0
P003091,착한가격업소,,식당,이레네칼국수,경기도 의정부시 오목로 99,37.7370970206248,127.092186969082,031-853-3321,해물칼국수,7000원,얼큰칼국수,8000원,가성비 해물칼국수,7000,8000.0
P003092,착한가격업소,,세탁&목욕,은하수세탁소,경기도 의정부시 신곡동 684,37.7419918420686,127.057877590454,031-846-6369,신사복상하,7000원,바지단줄임,4000원,가성비 신사복상하,7000,4000.0
P003093,착한가격업소,,세탁&목욕,토탈빨래방,경기도 의정부시 추동로19번길 17-14,37.743607738565,127.056747546715,031-844-8194,신사복상하,8000원,바지단줄임,4000원,가성비 신사복상하,8000,4000.0
P003094,착한가격업소,,식당,나드리분식,경기도 의정부시 흥선로16번길 91,37.7439411668313,127.026809972319,031-871-7983,김치찌개,8000원,돌솥알밥,8000원,가성비 김치찌개,8000,8000.0
P003095,착한가격업소,,식당,곰보냉면,"경기도 의정부시 태평로73번길 20, 나동 46호",37.7401266278419,127.050067899137,031-848-1755,물냉면,9000원,비빔냉면,9000원,가성비 물냉면,9000,9000.0
P003096,착한가격업소,,미용,헤어스테이션,경기도 의정부시 가능로118번길 5,37.7466582820695,127.044234695308,031-879-0641,남성커트,10000원,파마,25000원,가성비 남성커트,10000,25000.0
P003097,착한가격업소,,식당,참멸치국수,경기도 의정부시 녹양로 42,37.7550089018405,127.03229942685,031-874-1207,멸치국수,6000원,칼국수,7500원,가성비 멸치국수,6000,7500.0
P003098,착한가격업소,,식당,토담,경기도 의정부시 둔야로45번길 51,37.7398488099772,127.036744073422,031-851-1400,간장불고기,11000원,소불고기,16000원,가성비 간장불고기,11000,16000.0
P003099,착한가격업소,,식당,중화각,"경기도 의정부시 시민로158번길 28, 2층",37.7361330200664,127.052078114371,031-826-7890,짜장면,6000원,짬뽕,7000원,가성비 짜장면,6000,7000.0
P003100,착한가격업소,,세탁&목욕,동아세탁소,"경기도 의정부시 장곡로 248, 2층",37.7260665381781,127.053147652437,031-875-7779,신사복상하,6000원,바지단줄임,4000원,가성비 신사복상하,6000,4000.0
P003101,착한가격업소,,세탁&목욕,삼도세탁소,"경기도 의정부시 장금로 50, 1층",37.7418731151811,127.059998228441,031-841-1105,신사복상하,8000원,바지단줄임,3000원,가성비 신사복상하,8000,3000.0
P003102,착한가격업소,,식당,칼국수 고기만찬,경기도 의정부시 장곡로 54,37.7093312118763,127.051999360755,031-826-7788,칼국수,7000원,냉면,8000원,가성비 칼국수,7000,8000.0
P003103,착한가격업소,,식당,청담,"경기도 의정부시 신흥로 266-2, 1층",37.7397879884057,127.043388782544,031-826-8500,새우초밥,13000원,모듬초밥,14000원,가성비 새우초밥,13000,14000.0
P003104,착한가격업소,,식당,무도리순대국,경기도 의정부시 시민로 143번길 76,37.7411111277194,127.051092497434,031-842-3008,순대국,8000원,선지해장국,8000원,가성비 순대국,8000,8000.0
P003105,착한가격업소,,미용,멋찐남자,"경기도 의정부시 평화로 172-1, 1층",37.7071555184352,127.048453069611,031-836-0410,커트,11000원,파마,31000원,가성비 커트,11000,31000.0
P003106,착한가격업소,,식당,유양골 웰빙 보리밥한상,경기도 의정부시 용민로 120 (민락동),37.7398565117745,127.090673971806,031-853-5055,백반,6000원,,,가성비 백반,6000,
P003107,착한가격업소,,식당,또리네 꽃게랑 동태랑,"경기도 의정부시 신곡로 53, 1층 촤측 (신곡동)",37.7315551058316,127.056374883074,,동태탕,8000원,알곤이탕,8000원,가성비 동태탕,8000,8000.0
P003108,착한가격업소,,식당,영월 시골밥상,경기도 의정부시 부용로 213번길 16 (용현동),37.7501491762816,127.080759903591,031-852-9866,김치찌개,8000원,된장찌개,8000원,가성비 김치찌개,8000,8000.0
P003109,착한가격업소,,식당,황금감자탕불백,"경기도 의정부시 의정로 149, 1층 (가능동)",37.7462844206696,127.034388352426,031-875-6919,뼈해장국,8000원,돼지불백,8500원,가성비 뼈해장국,8000,8500.0
P003110,착한가격업소,,식당,소문난국수,경기도 의정부시 시민로53번길 11 (가능동),37.7389395931743,127.040990023171,,잔치국수,6000원,바지락국수,7000원,가성비 잔치국수,6000,7000.0
P003111,착한가격업소,,세탁&목욕,봉봉세탁소,경기도 의정부시 신촌로 5번길 20 (가능동),37.7510649010288,127.035188376604,031-875-0064,바지단줄임,3000원,신사복상하,8000원,가성비 바지단줄임,3000,8000.0
P003112,착한가격업소,,식당,전주식당,"경기도 의정부시 청사로 47번길 15, 골드피아 203호 (금오동)",37.7521619168927,127.069023724096,031-851-5178,김치찌개,7000원,비빔밥,7000원,가성비 김치찌개,7000,7000.0
P003113,착한가격업소,,식당,차가네 해장국,경기도 의정부시 경의로 66 (의정부동),37.7327762492197,127.042733983339,031-877-8882,선지해장국,6000원,콩나물해장국,5500원,가성비 선지해장국,6000,5500.0
P003114,착한가격업소,,식당,청우반점,경기도 의정부시 태평로 185-1 (의정부동),37.7481885558948,127.047972843344,031-841-7618,짜장면,5000원,짬뽕,6000원,가성비 짜장면,5000,6000.0
P003115,착한가격업소,,식당,착한짜장,경기도 의정부시 태평로 188 (의정부동),37.7485031285367,127.048084243787,031-821-8280,짜장면,5000원,짬뽕,6000원,가성비 짜장면,5000,6000.0
P003116,착한가격업소,,카페,하모니,경기도 의정부시 시민로 157번길 12 (의정부동),37.7380640050739,127.052424470826,031-848-1048,아메리카노,2000원,토스트,3000원,가성비 아메리카노,2000,3000.0
P003117,착한가격업소,,식당,풍림분식,"경기도 의정부시 동일로454번길 40, 103호 (신곡동)",37.7284045714165,127.061806534365,,김밥,3000원,떡볶이,4000원,가성비 김밥,3000,4000.0
P003118,착한가격업소,,식당,조원분식,"경기도 의정부시 태평로73번길 20, 나동 31호 (의정부동, 제일시장)",37.7401266278419,127.050067899137, 031-846-1340,칼국수,7000원,냉면,8000원,가성비 칼국수,7000,8000.0
P003119,착한가격업소,,식당,이모네맛집,경기도 의정부시 부용로210번길 10 (신곡동),37.7498159928511,127.079040377288, 031-852-7150,닭곰탕,7000원,닭개장,8000원,가성비 닭곰탕,7000,8000.0
P003120,착한가격업소,,식당,황주막,경기도 의정부시 회룡로137번길 9 (호원동),37.7263894117861,127.04885399184,031-875-1947,양념한돈갈비,9900원,양념돼지왕갈비,9900원,가성비 양념한돈갈비,9900,9900.0
P003121,착한가격업소,,식당,에이미미버터,"경기도 의정부시 평화로 324, 104호 (호원동)",37.7208134363164,127.04785582399,070-5103-4327,휘낭시에 2개,3000원,버터떡,1500원,가성비 휘낭시에 2개,3000,1500.0
P003122,착한가격업소,,미용,센스미용실,"경기도 의정부시 전좌로 204-13, 107호 (호원동)",37.7249062130705,127.042883159783,031-874-5462,커트,5000원,파마,15000원,가성비 커트,5000,15000.0
P003123,착한가격업소,,미용,천연머리염색방,"경기도 의정부시 오목로35번길 18-11, 105호 (용현동)",37.7343968799983,127.086881081266,031-852-1693,뿌리염색,22000원,전체염색,27000원,가성비 뿌리염색,22000,27000.0
P003124,착한가격업소,,미용,미화장품,"경기도 의정부시 시민로 지하100, 의정부지하상가 동부특F 106호 (의정부동)",37.7392461484102,127.047583715751,031-843-9007,네일원톤,29000원,네일그라데이션,29000원,가성비 네일원톤,29000,29000.0
P003125,착한가격업소,,미용,더바른네일,"경기도 의정부시 평화로 374, 127호 (호원동, 한승아파트)",37.7253432332242,127.048564508394,0507-1329-4177,네일젤원컬러,25000원,페디젤원컬러,35000원,가성비 네일젤원컬러,25000,35000.0
P003126,착한가격업소,,식당,윤식당,경기도 의정부시 경의로118번길 20 (의정부동),37.7322435853846,127.048575934734,031-855-3999,한식뷔페,7000원,,,가성비 한식뷔페,7000,
P003127,착한가격업소,,식당,에센브르제과,경기도 의정부시 평화로 224 (호원동),37.711850213412,127.047815808988,031-876-5857,단팥빵,1000원,소보로빵,1000원,가성비 단팥빵,1000,1000.0
P003128,착한가격업소,,식당,행복밥상,경기도 의정부시 흥선로 81 (가능동),37.7428109604243,127.036049699626,070-8800-0691,김치찌개,3000원,북엇국,5000원,가성비 김치찌개,3000,5000.0
P003129,착한가격업소,,식당,숟가락젓가락,경기도 의정부시 시민로27번길 25 (의정부동),37.7395316063302,127.03807630887,031-877-2455,제육볶음정식,7000원,오징어볶음정식,7000원,가성비 제육볶음정식,7000,7000.0
P003130,착한가격업소,,세탁&목욕,현대홈타운세탁소,"경기도 의정부시 녹양로62번길 12 (녹양동, 녹양힐스테이트) 1층",37.756377704814,127.033079280442,031-855-8285,신사복 상하의,7000원,,,가성비 신사복 상하의,7000,
P003131,착한가격업소,,식당,송프로피자 의정부점,경기도 의정부시 시민로131번길 17 (의정부동),37.7389156979846,127.04970596562,031-821-8215,불고기피자,11000원,콤비네이션 피자,11000원,가성비 불고기피자,11000,11000.0
P003132,착한가격업소,,식당,명동진칼국수,"경기도 의정부시 신흥로222번길 9, 2층 (의정부동)",37.7361556867901,127.043989751508,0507-1395-6672,칼국수,8000원,,,가성비 칼국수,8000,
P003133,착한가격업소,,카페,카페봄날,경기도 의정부시 호국로1142번길 57 (가능동),37.7406780828575,127.030686679431,0507-1424-5059,아메리카노,2500원,,,가성비 아메리카노,2500,
P003134,착한가격업소,,식당,자금성,경기도 의정부시 회룡로192번길 11 (장암동),37.7258235807425,127.055802583914,031-876-7177,짜장면,5500원,,,가성비 짜장면,5500,
P003135,착한가격업소,,카페,제이유커피로스터스,"경기도 의정부시 흥선로24번길 5, 1층",37.745857357009,127.030822363351,,핸드드립,2500원,아메리카노,2500원,가성비 핸드드립,2500,2500.0
P003136,착한가격업소,,식당,공씨김밥,"경기도 의정부시 회룡로105번길 12 (호원동, 진원빌라)",37.7263622839808,127.045731052255,031-837-1889,김밥,3500원,,,가성비 김밥,3500,
P003137,착한가격업소,,식당,김밥타운 녹양본점,경기도 의정부시 비우로 64 (녹양동),37.7579452744271,127.033793320842,031-855-7889,야채김밥,3500원,,,가성비 야채김밥,3500,
P003138,착한가격업소,,식당,대박정육식당,경기도 의정부시 신촌로 23 (가능동),37.7503953310279,127.037148473849,0507-1333-3528,삼겹살 200g,13000원,,,가성비 삼겹살 200g,13000,
P003139,착한가격업소,,식당,두레마을 우동집,경기도 의정부시 신흥로240번길 21 (의정부동),37.7378187488762,127.044570693995,031-871-3344,우동,6000원,,,가성비 우동,6000,
P003140,착한가격업소,,식당,뚱보할머니분식,경기도 의정부시 태평로194번길 6 (가능동),37.7488943343553,127.047849279189,,칼국수,5000원,떡볶이,5000원,가성비 칼국수,5000,5000.0
P003141,착한가격업소,,식당,바사카츠,"경기도 의정부시 망월로 10, 101호 (호원동)",37.7086099812381,127.046842632702,,등심돈까스,9900원,돈코츠라멘,7500원,가성비 등심돈까스,9900,7500.0
P003142,착한가격업소,,식당,발랑국수,경기도 의정부시 회룡로117번길 45-20 (호원동),37.72798879987,127.045750542379,0507-1368-3085,잔치국수,5000원,,,가성비 잔치국수,5000,
P003143,착한가격업소,,식당,버드나무,경기도 의정부시 발곡로23번길 14 (신곡동),37.7318963111019,127.057662814619,0507-1316-6377,순대국,9000원,,,가성비 순대국,9000,
P003144,착한가격업소,,식당,소풍간 김밥,경기도 의정부시 평화로 365 (호원동),37.724472231064,127.047984765904,031-875-0403,김밥,3000원,찌개류,6500원,가성비 김밥,3000,6500.0
P003145,착한가격업소,,식당,오늘도횟집,경기도 의정부시 민락로 389 (낙양동),37.7559571032992,127.112869046382,0507-1473-7864,모듬초밥,12000원,,,가성비 모듬초밥,12000,
P003146,착한가격업소,,미용,유경미용실,경기도 의정부시 용현로 188 (민락동),37.739015327968,127.09595845676,,커트,10000원,,,가성비 커트,10000,
P003147,착한가격업소,,미용,이선영헤어커커,"경기도 의정부시 장곡로 248, 2층 (장암동, 장암동아아파트)",37.7260665381781,127.053147652437,031-837-2267,커트,13000원,,,가성비 커트,13000,
P003148,착한가격업소,,식당,착한꼬마김밥,경기도 의정부시 시민로 80 (의정부동),37.7379768684042,127.044093275039,,꼬마김밥,1000원,,,가성비 꼬마김밥,1000,
P003149,착한가격업소,,식당,임영옥바지락칼국수,경기도 의정부시 오목로15번길 14 (용현동),37.7325382789217,127.084134399522,031-841-4664,바지락칼국수,9000원,,,가성비 바지락칼국수,9000,
P003150,착한가격업소,,식당,대일식당,경기도 의정부시 가능로135번길 21 (의정부동),37.7479071079518,127.045900208843,031-846-4036,된장찌개,7000원,비빔밥,7000원,가성비 된장찌개,7000,7000.0
P003151,착한가격업소,,식당,공주식당,경기도 의정부시 시민로 지하100 (의정부동),37.7392461484102,127.047583715751,031-872-8767,백반,7000원,,,가성비 백반,7000,
P003152,착한가격업소,,식당,일삼이사,경기도 의정부시 시민로132번길 4 (의정부동),37.7377820876921,127.049730620553,0507-1348-5744,까르보나라,13000원,,,가성비 까르보나라,13000,
P003153,착한가격업소,,식당,아국오국,경기도 의정부시 가능로125번길 28 (의정부동),37.7482990212255,127.044749107365,0507-1346-4682, 오후국,5000원,갈비탕,6000원,가성비  오후국,5000,6000.0
P003154,착한가격업소,,식당,카로꼬,경기도 의정부시 호국로1111번길 42 (가능동),37.7446843013617,127.026341419999,,가츠카레,8000원,가츠동,7500원,가성비 가츠카레,8000,7500.0
P003155,착한가격업소,,식당,사돈네,경기도 의정부시 용민로 35-4 (용현동),37.7359372657427,127.08275225756,0507-1405-6448,생삼겹살 200g,14000원,순대국,8000원,가성비 생삼겹살 200g,14000,8000.0
P003156,착한가격업소,,미용,비비헤어,"경기도 의정부시 평화로290번길 11 (호원동, 한주1차아파트)",37.7195017517188,127.047754601307,031-877-1591,전체염색,20000원,,,가성비 전체염색,20000,
P003157,착한가격업소,,식당,명동닭한마리,"경기도 의정부시 충의로37번길 10, 1층 (용현동)",37.7350211092675,127.087318351315,031-877-8895,닭칼국수,7000원,닭곰탕,8000원,가성비 닭칼국수,7000,8000.0
P003158,착한가격업소,,식당,옛맛손칼국수,경기도 의정부시 태평로 96-7 (의정부동),37.7412066399525,127.052099935074,031-846-7231,칼국수,7000원,,,가성비 칼국수,7000,
P003159,착한가격업소,,식당,아빠손칼국수,경기도 의정부시 가능로119번길 17 (가능동),37.7477163499146,127.043830593615,031-823-6323,칼국수,5000원,수제비,6000원,가성비 칼국수,5000,6000.0
P003160,착한가격업소,,식당,명가약초능이백숙,경기도 의정부시 충의로 43 (용현동),37.735702839866,127.087606059798,031-852-0540,삼계탕,13000원,,,가성비 삼계탕,13000,
P003161,착한가격업소,,식당,멸치칼국수 만둣국,경기도 의정부시 용민로 46 (용현동),37.7360089977009,127.083751924359,0507-1434-1917,칼국수,6000원,만둣국,7000원,가성비 칼국수,6000,7000.0
P003162,착한가격업소,,식당,행복한만원,경기도 의정부시 태평로 99 (의정부동),37.7412803312172,127.051296493592,031-847-5004,앞다리족발 600g,10000원,숯불고기 400g,10000원,가성비 앞다리족발 600g,10000,10000.0
P003163,착한가격업소,,미용,원미용실,경기도 의정부시 동일로506번길 64 9신곡동),37.7341692145635,127.062048425649,031-821-0459,커트,10000원,파마,20000원,가성비 커트,10000,20000.0
P003164,착한가격업소,,카페,지아이엠,경기도 의정부시 호국로1111번길 39,37.7445058422604,127.026239242199,,아메리카노,2000원,,,가성비 아메리카노,2000,
P003165,착한가격업소,,식당,빵야숯불고기집,"경기도 의정부시 신흥로207번길 7, 1층",37.7346219343166,127.04285143924,0507-1368-3616,삼겹살 200g,10900원,목살 200g,10900원,가성비 삼겹살 200g,10900,10900.0
P003166,착한가격업소,,식당,애경밥상,"경기도 의정부시 흥선로 93, 101호",37.7426193150319,127.037238870608,070-8680-8028,비빔밥,7000원,,,가성비 비빔밥,7000,
P003167,착한가격업소,,미용,남성컷이야기,"경기도 의정부시 수암로 24, 2층 207호",37.7293834382313,127.108897639189,0507-1388-3628,커트,11000원,,,가성비 커트,11000,
P003168,착한가격업소,,미용,석까네살롱,"경기도 의정부시 시민로 123, 3층",37.7385126706327,127.048900984956,0507-1386-6555,속눈썹펌,12900원,,,가성비 속눈썹펌,12900,
P003169,착한가격업소,,미용,멋진남자,경기도 의정부시 범골로 39,37.7283762750772,127.039079609858,031-928-5554,커트,8000원,,,가성비 커트,8000,
P003170,착한가격업소,,세탁&목욕,동호사우나,경기도 의정부시 태평로 196,37.7489360558143,127.047386813054,070-7313-6860,목욕비,6000원,,,가성비 목욕비,6000,
P003171,착한가격업소,,미용,새마을이용원,경기도 의정부시 범골로86번길 59,37.7321176633995,127.041405542829,,커트(시니어),8000원,커트(일반),9000원,가성비 커트(시니어),8000,9000.0
P003172,착한가격업소,,기타,작은기록실 사진관,"경기도 의정부시 둔야로49번길 15, 1층",37.7402607506011,127.038661311477,0507-1365-2867,가족사진 기본촬영료,20000원,흑백1장 인화,5000원,가성비 가족사진 기본촬영료,20000,5000.0
P003173,착한가격업소,,식당,백세시대,"경기도 의정부시 배꽃길 63, B116호~B120호 (민락동, 의정부 더리브 센텀스퀘어Ⅲ 지식산업센터)",37.7470273192544,127.120276282181,031-824-2233,한식,8000원,,,가성비 한식,8000,
P003174,착한가격업소,,식당,일미족발,"경기도 의정부시 시민로143번길 72, 1층 (의정부동)",37.7409122836432,127.051092928037,031-840-3269,미니족발,7000원,왕족발(대),33000원,가성비 미니족발,7000,33000.0
P003175,착한가격업소,,미용,에스텔헤어,경기도 김포시 고촌읍 장차로 13번길 18,37.6037412872284,126.769894521279,031-986-5092,여성펌,40000원,,,가성비 여성펌,40000,
P003176,착한가격업소,,식당,황가네소머리국밥,경기도 김포시 양촌읍 양곡1로56번길 7,37.6559770224885,126.623405564894,031-981-7715,갈비탕,12000원,,,가성비 갈비탕,12000,
P003177,착한가격업소,,식당,한양생고기,경기도 김포시 양촌읍 양곡1로 22,37.6524576374395,126.62428570242,031-981-2158,삼겹살(200g),15000원,,,가성비 삼겹살(200g),15000,
P003178,착한가격업소,,식당,청수숯불갈비,경기도 김포시 봉화로 167번길 7 (북변동),37.6268317039214,126.702735175255,031-982-8292,돼지갈비(300g),16000원,버섯불고기(200g),16000원,가성비 돼지갈비(300g),16000,16000.0
P003179,착한가격업소,,식당,먹거리식당,"경기도 김포시 풍무로 25, 가동 128호",37.5980423954884,126.720196710312,031-996-2037,김치찌개,6000원,된장찌개,6000원,가성비 김치찌개,6000,6000.0
P003180,착한가격업소,,식당,갈비촌,경기도 김포시 하성면 애기봉로806번길 41,37.7194015917907,126.62911308393,031-983-3200,갈비탕,10000원,돼지갈비(250g),14000원,가성비 갈비탕,10000,14000.0
P003181,착한가격업소,,식당,지혜추어탕,경기도 김포시 월곶면 군하로 123,37.7048589291767,126.559549581486,031-987-0986,추어탕,8000원,,,가성비 추어탕,8000,
P003182,착한가격업소,,식당,김포고깃집,경기도 김포시 하성면 하성로 499,37.7190256067124,126.634940495508,031-989-5135,한우등심(200g),38000원,,,가성비 한우등심(200g),38000,
P003183,착한가격업소,,식당,김포한우곱창,"경기도 김포시 김포한강9로 90, 1층 115호(구래동, 성현프라자)",37.6446468436951,126.626147605823,031-985-6254,한우곱창모듬(1인분/200g),18000원,,,가성비 한우곱창모듬(1인분/200g),18000,
P003184,착한가격업소,,식당,그때그집,경기도 김포시 승가로76번길 140,37.6114927875747,126.716836024267,031-983-3209,제육볶음,8000원,삼겹살(180g),12000원,가성비 제육볶음,8000,12000.0
P003185,착한가격업소,,식당,송씨네 돈가,"경기도 김포시 돌문로86번길 5-12, 1층",37.6219459809549,126.713868934009,031-987-3771,김치찌개,8000원,,,가성비 김치찌개,8000,
P003186,착한가격업소,,식당,태금강,경기도 김포시 김포한강1로 51번길 28 레드클로버 110호,37.6441443537542,126.667048031405,031-998-5777,뼈해장국(3인분),15000원,,,가성비 뼈해장국(3인분),15000,
P003187,착한가격업소,,식당,쭈꾸미일번지,경기도 김포시 중봉1로 77 (북변동) 쭈꾸미일번지,37.6262776012094,126.705033799697,031-987-5200,황태콩나물해장국,8000원,쭈꾸미비빔밥,9000원,가성비 황태콩나물해장국,8000,9000.0
P003188,착한가격업소,,식당,청풍정육식당,경기도 김포시 관순로 28 (사우동) 청풍정육식당,37.6197845011014,126.714047576663,031-983-8030,된장찌개,7000원,두루치기,9000원,가성비 된장찌개,7000,9000.0
P003189,착한가격업소,,세탁&목욕,월드VIP 세탁,경기도 김포시 고촌읍 신곡로 46 월드메르디앙@단지내상가 203호,37.6067420410735,126.774711120698,031-985-0288,양복상·하(드라이크리닝),8000원,,,가성비 양복상·하(드라이크리닝),8000,
P003190,착한가격업소,,식당,국보두루치기,경기도 김포시 김포한강2로24번길 78-86,37.6464110727249,126.676450637929,031-985-9805,두루치기,11000원,,,가성비 두루치기,11000,
P003191,착한가격업소,,미용,미씨헤어클럽,경기도 김포시 김포대로 926번길 88-45,37.6225890931317,126.717040426387,031-985-9884,학생컷,10000원,,,가성비 학생컷,10000,
P003192,착한가격업소,,식당,박가네 칼국수,경기도 김포시 돌문로86번길 6 1층,37.6215508411025,126.714514519461,031-977-8747,바지락칼국수,9000원,,,가성비 바지락칼국수,9000,
P003193,착한가격업소,,식당,삼육구이(3692),경기도 김포시 초당로16번길 102-7,37.6397557847603,126.67369717814,031-997-3692,생삼겹(180g),13900원,고추장구이(150g),9900원,가성비 생삼겹(180g),13900,9900.0
P003194,착한가격업소,,식당,석수골,경기도 김포시 북변1로 16번길 19-7,37.627719491051,126.703936851616,031-984-4965,만두국,10000원,,,가성비 만두국,10000,
P003195,착한가격업소,,식당,엄지분식,경기도 김포시 북변1로 16번길 45,37.6287197404463,126.703461509296,031-982-4763,떡볶이,4000원,,,가성비 떡볶이,4000,
P003196,착한가격업소,,식당,풍성갈비,경기도 김포시 풍무로57번길 11,37.6007127464459,126.720768318513,031-984-8599,갈비탕,10000원,,,가성비 갈비탕,10000,
P003197,착한가격업소,,식당,황씨네 식당,경기도 김포시 북변1로 11,37.627755607377,126.705768599991,031-982-0045,열무국수,7000원,비빔냉면,7000원,가성비 열무국수,7000,7000.0
P003198,착한가격업소,,식당,감동국수집,경기도 김포시 봉화로 26,37.6188709857262,126.715050448316,031-996-0553,잔치국수,6000원,,,가성비 잔치국수,6000,
P003199,착한가격업소,,식당,막창애 삼겹,경기도 김포시 양촌읍 양곡2로60번길 28-31 1층,37.6560977872996,126.629505031107,031-997-2720,열무냉국수,5000원,숙성삼겹살(200g),14000원,가성비 열무냉국수,5000,14000.0
P003200,착한가격업소,,식당,명품멸치국수,경기도 김포시 김포한강8로 398,37.6431986018021,126.624697865578,031-981-3227,멸치국수,6000원,,,가성비 멸치국수,6000,
P003201,착한가격업소,,식당,김경삼겹살김치찌개,경기도 김포시 승가로 13,37.6064727298161,126.720984273758,031-998-9287,갈비탕,10000원,,,가성비 갈비탕,10000,
P003202,착한가격업소,,식당,뚝방국수,경기도 김포시 금포로 1117-12,37.6458620207642,126.70700184302,031-998-8377,콩국수,9000원,,,가성비 콩국수,9000,
P003203,착한가격업소,,식당,명해루,경기도 김포시 양촌읍 양곡3로1번길 108 1층,37.6543591298113,126.628775485938,031-984-1990,짜장면(매장식사),5000원,,,가성비 짜장면(매장식사),5000,
P003204,착한가격업소,,미용,수자인헤어,경기도 김포시 김포한강3로 290-13,37.6433640489502,126.659203253712,031-989-7475,남성컷,14000원,여성펌,50000원,가성비 남성컷,14000,50000.0
P003205,착한가격업소,,카페,카페그남자,경기도 김포시 초당로16번길 130-3,37.639419050849,126.672513078216,070-7393-2793,아메리카노(테이크아웃),"3,000(테이크아웃 2,000원)(2,000)",,,가성비 아메리카노(테이크아웃),2000,
P003206,착한가격업소,,식당,마루국수,경기도 김포시 고촌읍 장곡로 16 101동 101호,37.6060937104555,126.753534004519,031-998-4757,보리밥,6500원,,,가성비 보리밥,6500,
P003207,착한가격업소,,미용,헤어라고,경기도 김포시 고촌읍 태리로 289 206호 (예담프라자),37.5929282100546,126.764351022292,0507-1472-6770,학생컷,13000원,,,가성비 학생컷,13000,
P003208,착한가격업소,,카페,보라떼,경기도 김포시 양촌읍 양곡2로30번길 51-15 1층,37.6546411008346,126.629882609029,031-984-6530,아메리카노,2500원,,,가성비 아메리카노,2500,
P003209,착한가격업소,,식당,이도령양념치킨,경기도 김포시 돌문로61번길 23 (사우동) 105호,37.6189576771329,126.715841982417,031-984-7132,후라이드,18000원,,,가성비 후라이드,18000,
P003210,착한가격업소,,미용,수나헤어,경기도 김포시 고촌읍 수기로 136 캐슬앤파밀리에시티2단지 상가501동 118호,37.5948258734782,126.759216615366,031-998-5694,학생컷,12000원,,,가성비 학생컷,12000,
P003211,착한가격업소,,식당,전주웰빙새알팥죽,경기도 김포시 김포한강1로78번길 32-25 (장기동) 1층,37.6429884889971,126.672294138725,031-994-4565,보리비빔밥,8000원,,,가성비 보리비빔밥,8000,
P003212,착한가격업소,,식당,유정원한강오리,경기도 김포시 김포한강11로331번길 139 2동 1층 (운양동),37.6609087359965,126.68048731522,0507-1492-5088,오리주물럭(중),35000원,오리로스(중),35000원,가성비 오리주물럭(중),35000,35000.0
P003213,착한가격업소,,식당,곤지암소머리국밥,경기도 김포시 월곶면 군하로 265-1 1층,37.7153569641135,126.553052485357,031-989-7719,소머리국밥,10000원,,,가성비 소머리국밥,10000,
P003214,착한가격업소,,식당,생선나라,경기도 김포시 풍무로238번길 71-2 (풍무동),37.6139275673828,126.727962557837,031-985-5005,묵은지고등어조림,11000원,가자미,10000원,가성비 묵은지고등어조림,11000,10000.0
P003215,착한가격업소,,식당,로컬푸드집밥 양곡,경기도 김포시 양촌읍 양곡2로80번길 33 LH2단지상가 2층 9호,37.6597730237313,126.627807089709,,백반정식,7000원,,,가성비 백반정식,7000,
P003216,착한가격업소,,식당,보람갈비,경기도 김포시 장릉로 80 (풍무동),37.612454423361,126.717066938187,031-983-0805,장릉갈비(200g),15000원,,,가성비 장릉갈비(200g),15000,
P003217,착한가격업소,,식당,짬뽕천하,경기도 김포시 김포한강8로148번길 50 (마산동) 101호,37.6351811424147,126.645138290487,031-983-5528,짜장면,6000원,,,가성비 짜장면,6000,
P003218,착한가격업소,,식당,국수네달구지막창,경기도 김포시 김포한강9로75번길 10 (구래동) 105호,37.6437250386719,126.625092922928, 031-997-8218,삼겹살(200g),12000원,,,가성비 삼겹살(200g),12000,
P003219,착한가격업소,,카페,준커피(JUN coffee),경기도 김포시 돌문로 92-1 (사우동) 1층,37.6217352406623,126.713757487767, 070-7543-2652,아메리카노,2500원,,,가성비 아메리카노,2500,
P003220,착한가격업소,,식당,짬뽕만세,경기도 김포시 고촌읍 장차로5번길 14 102호 (다보빌딩),37.603288460227,126.769622428044,031-986-8484,짜장면,5000원,,,가성비 짜장면,5000,
P003221,착한가격업소,,식당,김포곱창&소머리국밥,경기도 김포시 사우중로 7-1 (사우동) 1층,37.6163980772733,126.716295157034,031-984-4637,선지해장국,8000원,,,가성비 선지해장국,8000,
P003222,착한가격업소,,식당, 갈비본질 프리미엄,경기도 김포시 양촌읍 김포한강4로 317 1층,37.6507958617244,126.648031557932,031-986-1223,한돈수제갈비(250g),14000원,,,가성비 한돈수제갈비(250g),14000,
P003223,착한가격업소,,식당, 인생화로,경기도 김포시 김포한강9로12번길 7-15 (구래동) 1층,37.6388390570249,126.627007078839,031-981-6227,깍둑목살(180g),14000원,,,가성비 깍둑목살(180g),14000,
P003224,착한가격업소,,식당,김포야채통닭,경기도 김포시 김포한강11로140번길 14 (운양동) 1층,37.6466754160557,126.681581807805,031-988-8343,야채후라이드(포장),14000원,야채후라이드(매장),16000원,가성비 야채후라이드(포장),14000,16000.0
P003225,착한가격업소,,식당,서초겹 운양동 맛집 본점,경기도 김포시 김포한강11로 328 (운양동) 더리버뷰 1층 106호,37.6554979178821,126.685519222934,0507-1391-1381,한돈냉삼겹(100g),6900원,한돈생삼겹(100g),7900원,가성비 한돈냉삼겹(100g),6900,7900.0
P003226,착한가격업소,,식당,김포 엄마는 닭갈비 아빠는 부대찌개,경기도 김포시 돌문로86번길 5-6 (사우동) 1층,37.621745549258,126.714181770485,031-998-4948,닭갈비(470g),19000원,,,가성비 닭갈비(470g),19000,
P003227,착한가격업소,,식당,대관령곱창본가,경기도 김포시 돌문로86번길 6-15 (사우동) 1층,37.6211972632997,126.715172626034,031-997-6292,한우곱창(250g),20000원,곱창전골(중),32000원,가성비 한우곱창(250g),20000,32000.0
P003228,착한가격업소,,미용,도로시헤어,경기도 김포시 북변1로16번길 23 (북변동) 1층,37.6280293070573,126.704139531974,,여성컷트,15000원,,,가성비 여성컷트,15000,
P003229,착한가격업소,,기타,러블리앤스튜디오운양점,경기도 김포시 김포한강11로 288-19 (운양동) 3층 304호,37.6546871453018,126.682431974182,031-983-0211,신분증 사진,20000원,,,가성비 신분증 사진,20000,
P003230,착한가격업소,,식당,삼촌네떡볶이,"경기도 김포시 풍무로69번길 30 (풍무동, 그린씨티) 1층",37.6023997832935,126.720133168589,031-981-3372,김밥,3500원,탕수육(대),9000원,가성비 김밥,3500,9000.0
P003231,착한가격업소,,미용,샴푸헤어,"경기도 김포시 김포한강11로 37 (운양동, 김포한강신도시 2차 KCC 스위첸) KCC2차 상가 117호",37.6440258826376,126.692891203267,031-989-0245,여성펌 ,55000원,남성컷,19000원,가성비 여성펌 ,55000,19000.0
P003232,착한가격업소,,미용,착한머리,경기도 김포시 김포한강7로 93 (구래동) 1층 148호,37.6457072203675,126.627804882194,0507-1361-6590,커트(남자),8000원,,,가성비 커트(남자),8000,
P003233,착한가격업소,,미용,컷트클럽,경기도 김포시 김포한강4로 118 (장기동) 107호,37.6446971923028,126.668518796242,031-987-7654,남자컷트,10000원,여자컷트,13000원,가성비 남자컷트,10000,13000.0
P003234,착한가격업소,,기타,포토준,경기도 김포시 태장로 741 (장기동) 245호 (경동미르웰시티),37.6412239811458,126.683941382999,070-8800-4773,증명사진,15000원,,,가성비 증명사진,15000,
P003235,착한가격업소,,식당,풍무동솥뚜껑,경기도 김포시 풍무로 81 (풍무동) 1층,37.6029321774247,126.721046759206,,꽃목살(200g),16000원,,,가성비 꽃목살(200g),16000,
P003236,착한가격업소,,식당,햇빵,"경기도 김포시 김포한강4로 487 (구래동, 한강신도시 반도유보라 4차) 1층 1068호",37.646397891817,126.629516278447,031-987-0809,탕종식빵,4300원,,,가성비 탕종식빵,4300,
P003237,착한가격업소,,식당,국아저씨,경기도 김포시 초당로16번길 122 (장기동) 102호,37.6391601589647,126.672985881449,,육개장,9000원,갈비탕,13000원,가성비 육개장,9000,13000.0
P003238,착한가격업소,,미용,송창숙헤어코디,경기도 김포시 하성면 애기봉로 863 1층,37.7198639796363,126.633582684596,031-988-6576,커트(여),13000원,,,가성비 커트(여),13000,
P003239,착한가격업소,,미용,스타트남성전문헤어샵,경기도 김포시 김포한강9로76번길 63 (구래동) 118호,37.645382077786,126.626813237418,070-7867-5478,커트(남),10000원,펌(남),30000원,가성비 커트(남),10000,30000.0
P003240,착한가격업소,,식당,앵무101,"경기도 김포시 김포한강7로22번길 174-116 (마산동) 101호, 103호",37.6425327590002,126.642236824658,070-4647-2799,수제쌀소금빵,3000원,,,가성비 수제쌀소금빵,3000,
P003241,착한가격업소,,식당,찐대박집,경기도 김포시 김포한강8로174번길 8 (마산동) 1층,37.637261546743,126.644762221083,0507-1369-7180,대패삼겹살(100g),4500원,,,가성비 대패삼겹살(100g),4500,
P003242,착한가격업소,,카페,플로리안카페,경기도 김포시 사우중로 8 (사우동) 쌍둥이빌딩 1층,37.6161756713265,126.716727428357,031-981-3858,복숭아아이스티,2500원,레몬아이스티,2500원,가성비 복숭아아이스티,2500,2500.0
P003243,착한가격업소,,카페,해버커피(haver coffee),경기도 김포시 양촌읍 양곡2로 80번길 33,37.6597730237313,126.627807089709,031-989-0310,아메리카노,3300원,아메리카노(take out),2800원,가성비 아메리카노,3300,2800.0
P003244,착한가격업소,,식당,울산돼지국밥,경기도 김포시 조강로 29 1층,37.6891101342381,126.601564198958,031-8049-8837,내장국밥,10000원,,,가성비 내장국밥,10000,
P003245,착한가격업소,,식당,본토푸줏간,경기도 김포시 승가로 75,37.6057010343916,126.714504664626,031-997-0689,항정살 100g,8000원,,,가성비 항정살 100g,8000,
P003246,착한가격업소,,식당,태능한식뷔페,경기도 광주시 곤지암읍 대석동길 51,37.353352320177,127.342084508393,031-766-4547,냉면,7000원,된장찌개,7000원,가성비 냉면,7000,7000.0
P003247,착한가격업소,,식당,정가네식당,경기도 광주시 도척면 노곡로 7,37.3056020251772,127.332106601445,031-763-8536,백반,6000원,,,가성비 백반,6000,
P003248,착한가격업소,,식당,고구려,경기도 광주시 퇴촌면 천진암로364,37.4717139181857,127.312652414678,031-767-3207,돼지갈비(270g),14000원,물냉면,8000원,가성비 돼지갈비(270g),14000,8000.0
P003249,착한가격업소,,식당,고향손칼국수,경기도 광주시 경충대로 1462 (쌍령동),37.4004122687347,127.272776560512,031-764-4235,칼국수,6000원,수제비,6500원,가성비 칼국수,6000,6500.0
P003250,착한가격업소,,식당,이조칼국수,경기도 광주시 오포읍 양벌로 122,37.3855806173909,127.253569574408,031-765-8515,칼국수,7000원,된장찌개,7000원,가성비 칼국수,7000,7000.0
P003251,착한가격업소,,식당,솥뚜껑 삼겹살,"경기도 광주시 곤지암읍 곤지암로 37, 1층",37.3493116059894,127.342388848554,031-762-6437,냉면,8000원,된장찌개,8000원,가성비 냉면,8000,8000.0
P003252,착한가격업소,,미용,모아미용실,경기도 광주시 경안안길 34 (경안동),37.4125839075487,127.253982500546,031-763-3677,커트,6000원,파마,40000원,가성비 커트,6000,40000.0
P003253,착한가격업소,,식당,삼시세끼,경기도 광주시 광주대로 11-23 (역동),37.4080535497237,127.259396985094,031-768-2778,된장찌개,8000원,백반,8000원,가성비 된장찌개,8000,8000.0
P003254,착한가격업소,,식당,삐에로치킨호프,경기도 광주시 경충대로 1422번길 42 (쌍령동) 상가동 104호,37.3986760836471,127.280066213886,031-766-3787,치킨(후라이드),16000원,치킨(양념),18000원,가성비 치킨(후라이드),16000,18000.0
P003255,착한가격업소,,식당,은가비밥상,경기도 광주시 탄벌길 50 (탄벌동),37.4211313880265,127.242400809725,031-767-9695,불고기덮밥,8000원,낙지덮밥,8000원,가성비 불고기덮밥,8000,8000.0
P003256,착한가격업소,,식당,돼지한마리,경기도 광주시 통미로64번길9-1,37.4164595021504,127.254000783549,031-797-9724,돼지고기(모듬600g),32000원,,,가성비 돼지고기(모듬600g),32000,
P003257,착한가격업소,,식당,자매국수 & 돈까스,경기도 광주시 경안로25번길 29 한일빌딩 1층,37.4071895786549,127.256748273344,031-764-3422,칼국수,6500원,물냉면,7000원,가성비 칼국수,6500,7000.0
P003258,착한가격업소,,식당,옥이네,경기도 광주시 경안로25번길 14 (경안시장 먹거리로드),37.4087454479414,127.257166648387,,물냉면,5000원,칼국수,5000원,가성비 물냉면,5000,5000.0
P003259,착한가격업소,,식당,동해춘,경기도 광주시 경안로25번길 3-1 (경안시장 내),37.4095186769091,127.257757099782,031-761-2351,자장면,7000원,짬뽕,8000원,가성비 자장면,7000,8000.0
P003260,착한가격업소,,식당,국빈관,경기도 광주시 역동로 39,37.4045458539895,127.257267499368,031-763-0576,자장면,5000원,짬뽕,6000원,가성비 자장면,5000,6000.0
P003261,착한가격업소,,식당,시골칼국수 손수제비,경기도 광주시 초월읍 경충대로 1274,37.3881243415204,127.286977810577,031-764-5279,칼국수,6000원,수제비,7000원,가성비 칼국수,6000,7000.0
P003262,착한가격업소,,식당,클린턴바베큐,"경기도 광주시 초월읍 무들로47번길 44, 클린턴빌딩 1층",37.3886649962931,127.289474088003,031-797-8878,등심(100g),18000원,냉면,8000원,가성비 등심(100g),18000,8000.0
P003263,착한가격업소,,식당,또바기 부대찌개,경기도 광주시 초월읍 무들로 47번길 65 1층,37.3900970416707,127.28742020024,031-763-2296,부대찌개,9000원,돼지 김치찌개,9000원,가성비 부대찌개,9000,9000.0
P003264,착한가격업소,,식당,초월흑염소명가,경기도 광주시 초월읍 경충대로 1016,37.3702787788674,127.304007987292,031-765-2002,흑염소탕,15000원,흑염소탕(점심특선),13000원,가성비 흑염소탕,15000,13000.0
P003265,착한가격업소,,식당,이모네 손만두,경기도 광주시 중앙로 320-1,37.4279871947564,127.258280124216,031-8028-0299,손만두국,9000원,떡손만두국,9000원,가성비 손만두국,9000,9000.0
P003266,착한가격업소,,식당,흥샤브,경기도 광주시 광주대로 208 105호,37.4250240382755,127.258233679847,031-768-1195,소고기 샤브,10000원,,,가성비 소고기 샤브,10000,
P003267,착한가격업소,,식당,정목생고기 본점,경기도 광주시 파발로 167-1 1층 은혜빌딩,37.4144215558857,127.252245724283,031-767-6515,삼겹살(200g),10000원,냉면,8000원,가성비 삼겹살(200g),10000,8000.0
P003268,착한가격업소,,식당,정대박나주곰탕 & 바른곱창,경기도 광주시 통미로 92,37.4171851406381,127.250939631713,031-765-0011,곰탕,9000원,설렁탕,9000원,가성비 곰탕,9000,9000.0
P003269,착한가격업소,,식당,백리향,경기도 광주시 양벌로 195-30,37.3786318407861,127.258112468911,031-767-8252,자장면,6000원,탕수육(중),22000원,가성비 자장면,6000,22000.0
P003270,착한가격업소,,미용,가위나라,경기도 광주시 벌원길 75-4,37.4160304635138,127.249247434844,,남성컷,5000원,염색,20000원,가성비 남성컷,5000,20000.0
P003271,착한가격업소,,식당,감격시대,경기도 광주시 이배재로 388 (목현동) .,37.4351146778055,127.216998477267,031-763-4225,자장면,4000원,짬뽕,4500원,가성비 자장면,4000,4500.0
P003272,착한가격업소,,식당,푸짐한분식,경기도 광주시 중앙로145번길 17 (경안동) .,37.412560591429,127.25527002711,031-761-4462,콩국수,6000원,,,가성비 콩국수,6000,
P003273,착한가격업소,,식당,삼본식당,경기도 광주시 경안안길 36,37.4124529007246,127.254065872745,070-7585-2209,등갈비,15000원,메밀전,4000원,가성비 등갈비,15000,4000.0
P003274,착한가격업소,,식당,고궁한정식부페,경기도 광주시 회안대로 645 1층,37.4102507167483,127.239122376564,031-761-1701,한식뷔페,8000원,,,가성비 한식뷔페,8000,
P003275,착한가격업소,,식당,장지골메기매운탕,경기도 광주시 장지7길 9-21,37.3940038829909,127.239042862333,031-769-9935,메기매운탕,10000원,,,가성비 메기매운탕,10000,
P003276,착한가격업소,,식당,올바름 정육식당,경기도 광주시 퇴촌면 천진암로 548 (퇴촌면),37.4618381825834,127.327511010158,031-762-6330,돼지불백(2인),15000원,한우국밥,9000원,가성비 돼지불백(2인),15000,9000.0
P003277,착한가격업소,,식당,김밥집,경기도 광주시 회안대로 104 (매산동) .,37.364465041578,127.244547577003,0507-1355-5314,아메리카노,3000원,어린이 김밥,4000원,가성비 아메리카노,3000,4000.0
P003278,착한가격업소,,식당,더큰터 제빵소,경기도 광주시 고불로 73-91 (태전동) .,37.391093700433,127.229943564926,031-8027-0777,슈크림빵,2500원,태봉빵,2500원,가성비 슈크림빵,2500,2500.0
P003279,착한가격업소,,식당,돌쇠해장국,경기도 광주시 이배재로 116 (회덕동) .,37.4270776525841,127.242394898267,031-765-8549,떡만두국,8000원,,,가성비 떡만두국,8000,
P003280,착한가격업소,,식당,공리 중국요리,경기도 광주시 경안천로 27 (송정동) .,37.4140828400783,127.263209504545,031-798-9997,자장면,7000원,고기짬뽕,9000원,가성비 자장면,7000,9000.0
P003281,착한가격업소,,식당,중대리국수,경기도 광주시 순암로 176 (중대동) .,37.3970193362234,127.230783716896,031-797-5346,잔치국수,4900원,콩국수,6900원,가성비 잔치국수,4900,6900.0
P003282,착한가격업소,,식당,소정김밥,경기도 광주시 오포로 687 (추자동),37.3583514577119,127.217681531936,031-8027-9594,만두,5000원,쫄면,6000원,가성비 만두,5000,6000.0
P003283,착한가격업소,,식당,무무빵집,경기도 광주시 이배재로451번길 11-5 (목현동),37.4326851881114,127.211829265036,,순수단팥빵,2200원,바게트,3500원,가성비 순수단팥빵,2200,3500.0
P003284,착한가격업소,,미용,금비녀 머리방,경기도 광주시 장지3길 17 (장지동),37.3960733891624,127.242868490696,031-766-7276,여성커트,12000원,,,가성비 여성커트,12000,
P003285,착한가격업소,,식당,이화옥 명품 한우소머리국밥,"경기도 광주시 오포로 277, 1층 (문형동)",37.3480470032111,127.192553835669,031-766-1320,우거지 소뼈탕,10000원,,,가성비 우거지 소뼈탕,10000,
P003286,착한가격업소,,미용,쓰리 헤어샵,경기도 군포시 고산로185번길 41 (당정동),37.3437166979417,126.951415318059,031-427-1681,커트(일반),9000원,커트(학생),7000원,가성비 커트(일반),9000,7000.0
P003287,착한가격업소,,식당,국수집,"경기도 군포시 산본천로183번길 36-4, 1층 (산본동)",37.3710017485559,126.938517685271,031-393-0058,잔치국수,5000원,손칼국수,6000원,가성비 잔치국수,5000,6000.0
P003288,착한가격업소,,식당,미창갈비,경기도 군포시 당산로 153 (금정동),37.3644840326641,126.943280918918,031-459-9292,백반,8000원,된장찌개,8500원,가성비 백반,8000,8500.0
P003289,착한가격업소,,식당,금정숯불갈비,경기도 군포시 번영로610번길 7 (금정동),37.3630460468221,126.943391498479,031-455-2746,돼지갈비,16000원,제육볶음,10000원,가성비 돼지갈비,16000,10000.0
P003290,착한가격업소,,미용,빨강머리,경기도 군포시 쟁골2길 22 (금정동),37.3603035147404,126.942672934772,031-391-6834,커트(75세이상),7000원,파마(75세이상),25000원,가성비 커트(75세이상),7000,25000.0
P003291,착한가격업소,,식당,갯벌,경기도 군포시 오금로134번안길 23 (금정동),37.3600229937208,126.9427946062,031-397-4466,물회,15000원,회초밥,18000원,가성비 물회,15000,18000.0
P003292,착한가격업소,,미용,정철헤어뉴스,경기도 군포시 수리산로 100 설악아파트상가 104 (산본동),37.3581281496342,126.916852084187,031-396-6682,커트(여),12000원,커트(남),10000원,가성비 커트(여),12000,10000.0
P003293,착한가격업소,,식당,홍두깨손칼국수,"경기도 군포시 광정로 70, 105호 (산본동, 유공빌딩)",37.3594605745275,126.930209883168,031-396-1500,잔치국수,4500원,손칼국수,5500원,가성비 잔치국수,4500,5500.0
P003294,착한가격업소,,카페,카페4호선,"경기도 군포시 대야1로22번길 3, 106호 (대야미동, 현대프라자)",37.3276900930447,126.917487137881,031-502-2880,아메리카노,2500원,카페라떼,3500원,가성비 아메리카노,2500,3500.0
P003295,착한가격업소,,미용,잉꼬헤어,"경기도 군포시 산본로204번길 5, 101호 (당동)",37.3557992803409,126.945149744506,,커트(일반),10000원,커트(어르신),8000원,가성비 커트(일반),10000,8000.0
P003296,착한가격업소,,식당,더고기집,"경기도 군포시 군포로 109-5, 1층 2호 (대야미동)",37.3251023311471,126.918140302065,031-501-3336,돼지갈비,11000원,삼겹살,12000원,가성비 돼지갈비,11000,12000.0
P003297,착한가격업소,,식당,추억집 산본점,"경기도 군포시 광정로 78, 1층 (산본동)",37.3600094906621,126.929770500531,031-395-3392,냉동삼겹살(성인무한리필),16500원,냉동삼겹살(유아무한리필),7900원,가성비 냉동삼겹살(성인무한리필),16500,7900.0
P003298,착한가격업소,,식당,중화요리 미향,"경기도 군포시 산본천로 191, 2층 (산본동)",37.3701797715366,126.938921050551,031-399-2111,짜장면,6000원,짬뽕,8000원,가성비 짜장면,6000,8000.0
P003299,착한가격업소,,식당,한림이푸드,"경기도 군포시 엘에스로91번길 69, 1층 (금정동)",37.3683533257766,126.948225824254,031-427-2460,한식뷔페,6500원,,,가성비 한식뷔페,6500,
P003300,착한가격업소,,식당,소담푸드,"경기도 군포시 엘에스로182번길 18, 1층 (산본동)",37.3772830032645,126.943637094757,,한식뷔페,6500원,,,가성비 한식뷔페,6500,
P003301,착한가격업소,,식당,민성베이커리,"경기도 군포시 용호2로 34, 당동주공4단지상가 101호 (당동)",37.3432117234732,126.942676111646,031-388-8508,팥빵,1000원,소보루빵,900원,가성비 팥빵,1000,900.0
P003302,착한가격업소,,식당,만원족발,"경기도 군포시 산본천로179번길 21, 1층 (산본동)",37.3705804940344,126.937268958264,031-399-4624,족발(1팩),10000원,불족발,13000원,가성비 족발(1팩),10000,13000.0
P003303,착한가격업소,,식당,누리반찬,"경기도 군포시 산본천로179번길 21, 1층 (산본동)",37.3705804940344,126.937268958264,031-393-5454,"도라지, 고사리, 시금치",5000원,두부조림,3000원,"가성비 도라지, 고사리, 시금치",5000,3000.0
P003304,착한가격업소,,식당,짜신,경기도 군포시 광정로 70 (산본동) 지하1층 지03호,37.3594605745275,126.930209883168,031-396-3615,짜장면,3000원,짜장밥,4000원,가성비 짜장면,3000,4000.0
P003305,착한가격업소,,카페,구름상상 커피숍,"경기도 군포시 산본천로199번길 5, 1층 (산본동)",37.370758047594,126.939442270969,,아메리카노,2500원,,,가성비 아메리카노,2500,
P003306,착한가격업소,,식당,천하수산,"경기도 군포시 대야1로15번길 3, 1층 (대야미동)",37.3268005443957,126.917804258855,031-438-0304,광어 소,30000원,우럭 소,30000원,가성비 광어 소,30000,30000.0
P003307,착한가격업소,,미용,가드살롱드,"경기도 군포시 금당로 59-6 (당동, 원촌 수리산 힐 하우스) 1층",37.3533122006033,126.939833496853,,남자커트,5000원,여자커트,15000원,가성비 남자커트,5000,15000.0
P003308,착한가격업소,,식당,군포정육식당,경기도 군포시 당산로125번길 2 (금정동) 1층,37.3626630854571,126.944864798857,031-456-2700,진 사골 설렁탕,6000원,장터국밥,6000원,가성비 진 사골 설렁탕,6000,6000.0
P003309,착한가격업소,,식당,김밥고을,경기도 군포시 당산로 114 (금정동) 1층,37.3616854300676,126.945947259666,031-459-5081,김밥,2000원,,,가성비 김밥,2000,
P003310,착한가격업소,,식당,남원골 추어탕,"경기도 군포시 당산로 5 (당동, 군포당동한신시티하우스) 1층",37.3521674333006,126.944224616403,031-427-5890,추어탕,8000원,추어탕(포장),7000원,가성비 추어탕,8000,7000.0
P003311,착한가격업소,,식당,무진장갈비,경기도 군포시 당산로 119 (금정동) 1층,37.3619697222163,126.94539810987,031-459-5639,순두부찌개,7000원,된장찌개,7000원,가성비 순두부찌개,7000,7000.0
P003312,착한가격업소,,식당,서해매운탕,경기도 군포시 군포역1길 38 (당동) 1층,37.3528137905275,126.947685587464,031-451-1869,추어탕,8000원,메기매운탕,28000원,가성비 추어탕,8000,28000.0
P003313,착한가격업소,,식당,정가삼겹,경기도 군포시 삼성로 5 (부곡동) 1층,37.3360352432693,126.934115177586,0507-1378-4180,국내산 생삼걉살,12000원,국내산 생목살,11000원,가성비 국내산 생삼걉살,12000,11000.0
P003314,착한가격업소,,식당,삼촌스토리,경기도 군포시 산본천로179번길 21 (산본동) 1층,37.3705804940344,126.937268958264,031-395-6055,만원세트(떡볶이 순대 튀김5개),10000원,,,가성비 만원세트(떡볶이 순대 튀김5개),10000,
P003315,착한가격업소,,기타,파란꿈 피아노 교습소,경기도 군포시 오금로 142 (금정동) 103호,37.3591655549622,126.941280660697,031-398-9223,바이엘(주5회),130000원,,,가성비 바이엘(주5회),130000,
P003316,착한가격업소,,식당,소문난 가마솥 순대국,경기도 군포시 산본천로179번길 25 (산본동) 1층,37.3707501005349,126.937162243877,031-391-0079,순대국,8000원,내장탕,8000원,가성비 순대국,8000,8000.0
P003317,착한가격업소,,식당,아라그집 생고기 전문점,경기도 군포시 삼성로20번길 16-16,37.3376537880075,126.934970940131,0507-1344-8277,김치두루치기(쌈밥),12000원,제육볶음(쌈밥),12000원,가성비 김치두루치기(쌈밥),12000,12000.0
P003318,착한가격업소,,식당,즉석떡볶이,경기도 군포시 오금로18 주공3단지 상가,37.3520180572967,126.931087657098,031-391-3200,즉석떡볶이,5000원,즉석라볶이,6000원,가성비 즉석떡볶이,5000,6000.0
P003319,착한가격업소,,미용,헤어창조,경기도 군포시 금산로7번길 15,37.3629201949362,126.940319353746,,커트,10000원,파마,35000원,가성비 커트,10000,35000.0
P003320,착한가격업소,,식당,즉떡즉떡,경기도 군포시 산본로372번길 17,37.3645599890955,126.930604664265,031-393-0119,국물떡볶이(1인),5000원,국물떡볶이(2인),10000원,가성비 국물떡볶이(1인),5000,10000.0
P003321,착한가격업소,,식당,현주식당,경기도 군포시 광정로 70,37.3594605745275,126.930209883168,031-391-7577,북어국,7000원,청국장,7000원,가성비 북어국,7000,7000.0
P003322,착한가격업소,,식당,빵가득한집,경기도 군포시 당동로18번길 2,37.3510985542015,126.942553525054,031-453-4685,소보루,1000원,단팥빵,1000원,가성비 소보루,1000,1000.0
P003323,착한가격업소,,식당,덕이네식당,경기도 군포시 당동로18번길 2,37.3510985542015,126.942553525054,031-399-8585,청국장,8000원,된장찌개,8000원,가성비 청국장,8000,8000.0
P003324,착한가격업소,,식당,산본 손만두 콩국수,"경기도 군포시 광정로 119-1 상가1동 113, 114호",37.3632074085564,126.926206256187,031-392-0222,짜장면,6500원,우동,6500원,가성비 짜장면,6500,6500.0
P003325,착한가격업소,,식당,팔미원,경기도 하남시 신장1로15번길 74,37.5394272213471,127.206151962481,031-796-5655,짜장면,5000원,간짜장,6000원,가성비 짜장면,5000,6000.0
P003326,착한가격업소,,식당,맘대로 싸닭 덕풍시장 본점 ,"경기도 하남시 하남대로 847, 2층",37.5429042076923,127.203901054359,031-792-8255,후라이드치킨,13000원,양념치킨,14000원,가성비 후라이드치킨,13000,14000.0
P003327,착한가격업소,,식당,홍가갈비,경기도 하남시 신장로136번길 10,37.5388796398408,127.203685409862,031-795-2644,돼지왕갈비구이(300g),15000원,왕갈비찜(300g),17000원,가성비 돼지왕갈비구이(300g),15000,17000.0
P003328,착한가격업소,,식당,숯불구이근고기,경기도 하남시 대청로59번길 46,37.5426326352945,127.219584673972,031-793-5889,삼겹살(600g),35000원,목살(600g),35000원,가성비 삼겹살(600g),35000,35000.0
P003329,착한가격업소,,식당,아리수숯불갈비,경기도 하남시 대청로22번길 9-17 형림빌딩,37.5402640110191,127.215075481256,031-792-8900,삼겹살(200g),18000원,항정살(200g),19000원,가성비 삼겹살(200g),18000,19000.0
P003330,착한가격업소,,미용,젠틀맨,경기도 하남시 대청로116번길 59,37.5355941643526,127.225492960742,031-796-8266,남성컷,13000원,여성컷,15000원,가성비 남성컷,13000,15000.0
P003331,착한가격업소,,식당,왕솥뚜껑삼겹살,경기도 하남시 신평로 69,37.5397754215147,127.205655742331,031-791-6525,청국장,8000원,된장찌개,8000원,가성비 청국장,8000,8000.0
P003332,착한가격업소,,식당,갈비총회,"경기도 하남시 미사대로 520 한강미사 2차 C동 227, 228호",37.5588264366331,127.204686431376,031-792-1351,삼겹살(250g),15900원,냉면,7000원,가성비 삼겹살(250g),15900,7000.0
P003333,착한가격업소,,식당,더우개생포갈비,경기도 하남시 하남대로776번길 59,37.5407832861939,127.213420216126,031-791-2544,돼지생갈비(200g),18000원,항정살(200g),20000원,가성비 돼지생갈비(200g),18000,20000.0
P003334,착한가격업소,,식당,하남반찬,경기도 하남시 미사강변한강로334번길 8,37.5609783536268,127.200179204293,031-794-4677,계란찜,3000원,부대찌개,6000원,가성비 계란찜,3000,6000.0
P003335,착한가격업소,,식당,장가짜장24시,경기도 하남시 신장로 156,37.5399258139391,127.201939866363,031-793-7747,짜장면,5000원,짬뽕밥,8000원,가성비 짜장면,5000,8000.0
P003336,착한가격업소,,식당,양파네 분식,"경기도 하남시 천현로39번길 7, 1층",37.5373263818951,127.215823649489,031-792-0239,떡볶이,3500원,야채김밥,3500원,가성비 떡볶이,3500,3500.0
P003337,착한가격업소,,식당,신바람떡볶이,"경기도 하남시 미사강변대로 208, 112호",37.5682607156293,127.185002135336,031-794-0455,떡볶이,3500원,어묵,900원,가성비 떡볶이,3500,900.0
P003338,착한가격업소,,카페,빵실빵실,"경기도 하남시 하남대로 747, 140호",37.5379964797931,127.212631107944,031-791-1880,아메리카노,1500원,단팥빵,1500원,가성비 아메리카노,1500,1500.0
P003339,착한가격업소,,미용,컷트 염색 전문점,경기도 하남시 신평로 87,37.5412934857117,127.206549398009,031-792-0227,남성컷,9000원,일반염색,17000원,가성비 남성컷,9000,17000.0
P003340,착한가격업소,,미용,더맨,경기도 하남시 신평로 75,37.5402520237074,127.206032483717,031-791-0678,남성컷,8000원,남성염색,15000원,가성비 남성컷,8000,15000.0
P003341,착한가격업소,,기타,하남동물병원,경기도 하남시 신평로 37,37.5371559441294,127.204047765424,031-793-7802,중성화수술(수컷),50000원,광견병예방접종,5000원,가성비 중성화수술(수컷),50000,5000.0
P003342,착한가격업소,,식당,꽈배기와 동그리,"경기도 하남시 하남대로783번길 28, 1층 일부호 (신장동)",37.5401635158364,127.208819352483,,꽈배기,500원,도너츠,500원,가성비 꽈배기,500,500.0
P003343,착한가격업소,,식당,하남해장국,"경기도 하남시 미사강변중앙로185, 103호",37.5629356638718,127.189821606582,031-8027-8687,소고기해장국,8900원,나주곰탕,8900원,가성비 소고기해장국,8900,8900.0
P003344,착한가격업소,,식당,사계명가한돈한우No9,"경기도 하남시 미사강변중앙로 226, 1층 111호",37.5667953666808,127.189247451324,0507-1459-7846,삼겹살(200g),12900원,등심덧살(180g),13900원,가성비 삼겹살(200g),12900,13900.0
P003345,착한가격업소,,식당,산사랑,경기도 하남시 학암로 13,37.4896675243445,127.158809838809,02-404-9354,청국장,8000원,보리비빕밥(+된장찌개),8000원,가성비 청국장,8000,8000.0
P003346,착한가격업소,,식당,친구야,경기도 하남시 학암로 10번길 6,37.4900469028129,127.15823192669,02-400-5957,코다리조림(大),30000원,닭볶음탕,30000원,가성비 코다리조림(大),30000,30000.0
P003347,착한가격업소,,식당,이은각칼국수,경기도 하남시 미사강변남로 131 (망월동) 1층,37.5625390251736,127.195684093179,031-794-8990,칼국수,6000원,수제비,6500원,가성비 칼국수,6000,6500.0
P003348,착한가격업소,,식당,교산맛집,경기도 하남시 신장1로15번길 76,37.539474241418,127.206003979864,0507-1480-1127,삼겹살(200g),15000원,,,가성비 삼겹살(200g),15000,
P003349,착한가격업소,,기타,베이비세븐 하남위례점,"경기도 하남시 안터로 40-39, B3동 2층",37.5482383215539,127.185640326391,031-795-8021,유모차,30만원대~150만원대,카시트,20만원대~130만원대,가성비 유모차,300000,200000.0
P003350,착한가격업소,,식당,태양식당,"경기도 광명시 광명로 837, A동 1호 (광명동)",37.4740969171462,126.850856482571,,삼계탕,15000원,오징어볶음,15000원,가성비 삼계탕,15000,15000.0
P003351,착한가격업소,,미용,유미미용실,경기도 광명시 오리로 942번길 8-1 (광명동),37.478933589486,126.858898505856,02-2686-0338,커트,10000원,파마,30000원,가성비 커트,10000,30000.0
P003352,착한가격업소,,미용,꽁지머리,경기도 광명시 오리로 995번길 10 (광명동),37.4791046170064,126.852204922767,02-2066-1619,커트,14000원,파마,40000원,가성비 커트,14000,40000.0
P003353,착한가격업소,,세탁&목욕,한진세탁,"경기도 광명시 광명로 877 (광명동, 한진상가A동)",37.4779125008652,126.853151063959,02-2689-5856,양복드라이,7000원,와이셔츠,2000원,가성비 양복드라이,7000,2000.0
P003354,착한가격업소,,미용,우미헤어,경기도 광명시 안재로10번길 30-1 (하안동),37.460779305467,126.874715179966,02-899-0363,커트,12000원,파마,30000원,가성비 커트,12000,30000.0
P003355,착한가격업소,,미용,선미용실,경기도 광명시 철산로 62 (철산동),37.4771571903218,126.873064598553,02-2684-7833,커트,8000원,파마,30000원,가성비 커트,8000,30000.0
P003356,착한가격업소,,세탁&목욕,청운세탁소,경기도 광명시 금하로527번길 10-6 (소하동),37.4519852248612,126.890475861661,02-804-3366,양복드라이,7000원,와이셔츠,3000원,가성비 양복드라이,7000,3000.0
P003357,착한가격업소,,식당,우리식당,경기도 광명시 충현로 1 (소하동),37.4361707680511,126.880488595199,02-897-7012,청국장,8000원,김치찌개,8000원,가성비 청국장,8000,8000.0
P003358,착한가격업소,,식당,돈미정숯불갈비,경기도 광명시 광복로 70 (철산동),37.4900479183147,126.866131220222,02-2687-9220,생삼겹살,15000원,돼지갈비,16000원,가성비 생삼겹살,15000,16000.0
P003359,착한가격업소,,미용,김정아헤어갤러리,경기도 광명시 광명로848번길 32-2 팰리스필3차 1층,37.4728988580527,126.852229465307,02-2688-3922,커트,9000원,파마,35000원,가성비 커트,9000,35000.0
P003360,착한가격업소,,미용,물빛헤어칼라,경기도 광명시 덕단이로9번길 38 (광명동),37.468172301969,126.852993095764,,커트,10000원,파마,35000원,가성비 커트,10000,35000.0
P003361,착한가격업소,,식당,옛날뚱보냉면,"경기도 광명시 오리로 966, 1층 (광명동)",37.4794353205076,126.856100607454,02-2619-9056,물냉면,7000원,비빔냉면,7000원,가성비 물냉면,7000,7000.0
P003362,착한가격업소,,세탁&목욕,세탁마을,경기도 광명시 철산로 62 (철산동),37.4771571903218,126.873064598553,02-2617-4508,양복드라이,8000원,와이셔츠,1800원,가성비 양복드라이,8000,1800.0
P003363,착한가격업소,,식당,대박집,경기도 광명시 기아로 19 (소하동),37.436573654297,126.881875182536,02-897-8833,생삼겹,15000원,우삼겹,7000원,가성비 생삼겹,15000,7000.0
P003364,착한가격업소,,미용,이레미용실,"경기도 광명시 안재로6번길 21, 1층 101호 (하안동)",37.4601394864702,126.8740271066,,커트,8000원,파마,30000원,가성비 커트,8000,30000.0
P003365,착한가격업소,,식당,김밥짱,"경기도 광명시 광명로 837, B동 104호 (광명동)",37.4740969171462,126.850856482571,,참치김밥,4000원,칼국수,6000원,가성비 참치김밥,4000,6000.0
P003366,착한가격업소,,식당,장터추어탕,"경기도 광명시 광명로 837, A동 105호 (광명동)",37.4740969171462,126.850856482571,02-2625-1824,추어탕,10000원,추어만두,6000원,가성비 추어탕,10000,6000.0
P003367,착한가격업소,,미용,배민지미용실,경기도 광명시 광명로 832번길 19-1 (광명동),37.472855030739,126.853865025873,,커트,12000원,파마,40000원,가성비 커트,12000,40000.0
P003368,착한가격업소,,식당,짬뽕클럽,"경기도 광명시 영우로 14, 라이프 다B01호 (소하동)",37.4327150769969,126.877732204864,02-899-2355,짜장면,5500원,간짜장,7000원,가성비 짜장면,5500,7000.0
P003369,착한가격업소,,식당,국시가,"경기도 광명시 광화로 14-7, 1층 (광명동)",37.4734134484558,126.849676926103,02-2688-1310,진주국수,4000원,비빔국수,5000원,가성비 진주국수,4000,5000.0
P003370,착한가격업소,,식당,고기나라순대국,"경기도 광명시 오리로 992 광명리더스빌딩 2층 206호, 207호 (광명동)",37.4800263276287,126.853272423386,02-2688-7300,순대국,8000원,편육,6000원,가성비 순대국,8000,6000.0
P003371,착한가격업소,,기타,네비가,경기도 광명시 광명로 472 (노온사동),37.4426256911966,126.847421862563,02-2611-5956,일반업그레이드,5000원,순정업그레이드,15000원,가성비 일반업그레이드,5000,15000.0
P003372,착한가격업소,,식당,월매식당,경기도 광명시 광명로 837 B동 109호 (광명동),37.4740969171462,126.850856482571,,김치두루치기,8000원,제육볶음,14000원,가성비 김치두루치기,8000,14000.0
P003373,착한가격업소,,식당,민들레영토,경기도 광명시 광명로 837 B동 112호 (광명동),37.4740969171462,126.850856482571,,즉석떡볶이,4500원,동태찌개,7500원,가성비 즉석떡볶이,4500,7500.0
P003374,착한가격업소,,미용,뷰티헤어라인,경기도 광명시 너부대로 37-1 (광명동),37.4779314936563,126.849555385584,02-2683-3321,커트,8000원,파마,30000원,가성비 커트,8000,30000.0
P003375,착한가격업소,,미용,혜림미용실,"경기도 광명시 광오로 16, 1층 (광명동)",37.4754967572609,126.850596732335,,커트,10000원,파마,20000원,가성비 커트,10000,20000.0
P003376,착한가격업소,,식당,한돈짜장면,경기도 광명시 광명로 837 B동 113호 (광명동),37.4740969171462,126.850856482571,02-2625-1824,짜장면,6000원,간짜장,8000원,가성비 짜장면,6000,8000.0
P003377,착한가격업소,,식당,마을회관,경기도 광명시 충현로 4번길 10 동곡빌딩 C동 201호 (소하동),37.4352678680242,126.880317943918,02-898-2351,생삼겹살,15000원,닭볶음탕,35000원,가성비 생삼겹살,15000,35000.0
P003378,착한가격업소,,식당,오늘은 소갈비살,"경기도 광명시 일직로 72, 광명무역센터 A동 211호 (일직동)",37.4200359072339,126.88918699963,02-899-7588,소갈비살200G,16000원,삼겹살200G,15000원,가성비 소갈비살200G,16000,15000.0
P003379,착한가격업소,,식당,군산아구찜,경기도 광명시 광명로837 B동 106호 (광명동),37.4740969171462,126.850856482571,,아구찜,45000원,조기매운탕,20000원,가성비 아구찜,45000,20000.0
P003380,착한가격업소,,식당,수목원정,경기도 광명시 광명로 837 B동 110호 (광명동),37.4740969171462,126.850856482571,,닭갈비,12000원,김치두루치기,8000원,가성비 닭갈비,12000,8000.0
P003381,착한가격업소,,식당,명품짜장,"경기도 광명시 오리로964번길 14, 1층 (광명동)",37.4800047739998,126.856632703533,,짜장면,3000원,짬뽕,5000원,가성비 짜장면,3000,5000.0
P003382,착한가격업소,,미용,개명헤어뱅크,"경기도 광명시 시청로138번길 32, 2층 (철산동)",37.4857945034202,126.86706257668,02-2685-8695,커트(75세이상),7000원,커트(75세미만),9000원,가성비 커트(75세이상),7000,9000.0
P003383,착한가격업소,,카페,풀하우스,"경기도 광명시 시청로 139, 14동 205호 (철산동, 우성아파트)",37.4878996126735,126.868345823925,02-2614-2833,아메리카노,2500원,카페라떼,3000원,가성비 아메리카노,2500,3000.0
P003384,착한가격업소,,식당,광명도담돈가스,경기도 광명시 새터로 45-1 (광명동) 1층,37.4722992862257,126.853936423564,02-2066-7772,치즈2장+치킨6개,12000원,등심1+치즈2+치킨3,13000원,가성비 치즈2장+치킨6개,12000,13000.0
P003385,착한가격업소,,카페,커피파는빵집,경기도 광명시 광명로832번길 14 (광명동) 1층 3호,37.4729237665671,126.853129284049,,베이비슈,600원,도넛(6종),1600원,가성비 베이비슈,600,1600.0
P003386,착한가격업소,,카페,지금커피,"경기도 광명시 오리로 952, 1층 (광명동)",37.478752557193,126.857455893329,,아메리카노,1900원,카페라떼,2900원,가성비 아메리카노,1900,2900.0
P003387,착한가격업소,,식당,김밥장군,경기도 광명시 오리로366번길 3 (소하동),37.4352645284765,126.879868127756,,장군김밥,2500원,치즈김밥,4000원,가성비 장군김밥,2500,4000.0
P003388,착한가격업소,,식당,옛날칼국수,"경기도 광명시 오리로964번길 14-1, 1층 (광명동)",37.480131702901,126.856687860223,,칼국수,4500원,콩국수,7000원,가성비 칼국수,4500,7000.0
P003389,착한가격업소,,식당,장터해장국,경기도 광명시 광이로13번길 21-5 (광명동),37.4800511780536,126.855819943497,,백반,7000원,선지해장국,8000원,가성비 백반,7000,8000.0
P003390,착한가격업소,,식당,짜장마을,경기도 광명시 시청로 53 (철산동),37.4814883758984,126.864812591249,,짜장면,6000원,짬뽕,7000원,가성비 짜장면,6000,7000.0
P003391,착한가격업소,,세탁&목욕,은하수세탁,"경기도 광명시 양지로 9, B동 114호 (일직동)",37.4179027828993,126.881332905543,,하의,4000원,와이셔츠,3000원,가성비 하의,4000,3000.0
P003392,착한가격업소,,식당,누이실내포차,"경기도 광명시 광명로 837, B동 제1층 제7호 (광명동)",37.4740969171462,126.850856482571,,오겹살(300G),15000원,목살(300G),15000원,가성비 오겹살(300G),15000,15000.0
P003393,착한가격업소,,식당,땅끝회센타,"경기도 광명시 광명로 837, A동 101호 (광명동)",37.4740969171462,126.850856482571,,회덮밥,8000원,초밥(10p),10000원,가성비 회덮밥,8000,10000.0
P003394,착한가격업소,,식당,우주중식,"경기도 광명시 일직로 43, 지하2층 (GIDC, 일직동)",37.4227699960931,126.886946212034,,짜장면,6000원,간짜장,7000원,가성비 짜장면,6000,7000.0
P003395,착한가격업소,,식당,장수분식,"경기도 광명시 광명로 837, A동 102호 (광명동)",37.4740969171462,126.850856482571,02-830-8802,칼국수,7000원,냉면,7000원,가성비 칼국수,7000,7000.0
P003396,착한가격업소,,식당,상상초월,경기도 광명시 영당로 14 (소하동),37.434963008076,126.878068540049,,돼지갈비(200g),9000원,삼겹살(200g),11000원,가성비 돼지갈비(200g),9000,11000.0
P003397,착한가격업소,,식당,밥이랑국수랑,"경기도 광명시 가림일로 23, 110호 (하안동)",37.4651826308211,126.866800436636,,제육덮밥,7500원,돌솥비빔밥,8000원,가성비 제육덮밥,7500,8000.0
P003398,착한가격업소,,식당,옥이네삼겹,"경기도 광명시 도덕로 41, 101호 (광명동)",37.4688169137755,126.852366030013,,삽겸살(200g),15000원,목살(200g),14000원,가성비 삽겸살(200g),15000,14000.0
P003399,착한가격업소,,미용,예뻐지는멀티샵케이,"경기도 광명시 일직로 72, C동 205호 (일직동)",37.4200359072339,126.88918699963,,염색(단발),55000원,여성커트,18000원,가성비 염색(단발),55000,18000.0
P003400,착한가격업소,,식당,국대장어,경기도 광명시 광명로918번길 10-1 (광명동),37.480414266585,126.856174932635,,장어탕,9000원,,,가성비 장어탕,9000,
P003401,착한가격업소,,식당,친구네,"경기도 광명시 광명로 837, B동 114호 (광명동)",37.4740969171462,126.850856482571,,생삼겹살(200G),13000원,순두부(밥 포함),7000원,가성비 생삼겹살(200G),13000,7000.0
P003402,착한가격업소,,식당,아름다은제빵소,"경기도 광명시 시청로 50, 상가A동 104호 (철산동)",37.4807350060176,126.865332670084,,플레인 베이글,1500원,블루베리 베이글,2000원,가성비 플레인 베이글,1500,2000.0
P003403,착한가격업소,,식당,시골흑역소,"경기도 광명시 광명로 956-1, 1층 (광명동)",37.4839166172867,126.856728683816,,염소탕,10000원,갈치조림,10000원,가성비 염소탕,10000,10000.0
P003404,착한가격업소,,미용,아쿠아헤어,경기도 오산시 대원로 68 (원동),37.1460786702118,127.07605308012,031-377-7346,일반펌,30000원,컷트,10000원,가성비 일반펌,30000,10000.0
P003405,착한가격업소,,미용,명동미용실,경기도 오산시 은여울로7번길 21 (궐동),37.158532770831,127.06800827855,031-374-8619,일반펌,30000원,컷트,10000원,가성비 일반펌,30000,10000.0
P003406,착한가격업소,,식당,그곳에가면 가정식백반,경기도 오산시 시장길 10 (오산동),37.149764536919,127.069460518907,031-372-8786,백반,7000원,,,가성비 백반,7000,
P003407,착한가격업소,,식당,서울곱창,경기도 오산시 오산로300번길 10-10 (오산동),37.1532439438673,127.069670156888,031-373-4709,삼겹살,15000원,,,가성비 삼겹살,15000,
P003408,착한가격업소,,식당,정옥숯불갈비,경기도 오산시 대원로38번길 7 (원동),37.1458315611054,127.07281414035,031-373-0820,삼겹살,14000원,냉면,6000원,가성비 삼겹살,14000,6000.0
P003409,착한가격업소,,미용,뽀뽀헤어샵,경기도 오산시 원동로7번동길 12 (원동),37.1433078956702,127.070539432988,031-373-5560,일반펌,40000원,컷트,15000원,가성비 일반펌,40000,15000.0
P003410,착한가격업소,,미용,미림헤어샵,경기도 오산시 성호대로 25 (오산동),37.1495981161608,127.064177320337,031-375-3594,일반펌,30000원,여성컷트,10000원,가성비 일반펌,30000,10000.0
P003411,착한가격업소,,미용,더컷,경기도 오산시 청학로173번길 22 (수청동),37.1640774936984,127.061630115995,031-372-7277,일반펌,25000원,컷트,8000원,가성비 일반펌,25000,8000.0
P003412,착한가격업소,,식당,니맘대로하세요,경기도 오산시 청학로43번길 4 (청학동),37.1531593217874,127.062757432656,031-372-3455,돈가스,7500원,라면,3500원,가성비 돈가스,7500,3500.0
P003413,착한가격업소,,미용,권혜경 헤어샵,"경기도 오산시 매홀로77번길 18, 1층 (수청동)",37.1642921260409,127.060404099817,031-376-9092,일반펌,28000원,컷트,10000원,가성비 일반펌,28000,10000.0
P003414,착한가격업소,,식당,삼호복집,"경기도 오산시 운암로 33, 2층 (오산동)",37.149297622232,127.076043133312,031-372-5700,복탕,11000원,복칼국수,9000원,가성비 복탕,11000,9000.0
P003415,착한가격업소,,기타,SG골드스크린골프,"경기도 오산시 대원로 59, 2층 (원동)",37.1465781733341,127.07513384249,031-375-1069,1게임(12:00전),12000원,1게임(15:00전),14000원,가성비 1게임(12:00전),12000,14000.0
P003416,착한가격업소,,미용,조아미용실,경기도 오산시 밀머리로1번길 33 (원동),37.141865895179,127.077380266533,031-374-1839,일반펌,20000원,컷트,6000원,가성비 일반펌,20000,6000.0
P003417,착한가격업소,,미용,제이비헤어앤메이크업,경기도 오산시 세마역로19번길 29,37.1831276434441,127.04299557052,031-374-6442,주니어컷,15000원,일반펌(s),60000원,가성비 주니어컷,15000,60000.0
P003418,착한가격업소,,식당,물향기만두,"경기도 오산시 성호새싹길 41, 1층",37.1525866567689,127.070220922372,,표고고기만두,5000원,표고김치만두,5000원,가성비 표고고기만두,5000,5000.0
P003419,착한가격업소,,식당,고기로1982,"경기도 오산시 수목원로468번길 12, 103호",37.1755936634816,127.050924834951,,목살 180g,15000원,돼지양념갈비 350g,19000원,가성비 목살 180g,15000,19000.0
P003420,착한가격업소,,식당,만복분식,"경기도 오산시 박동길 10, 107호",37.1654630603825,127.068968681295,,떡볶이,3000원,순대,3000원,가성비 떡볶이,3000,3000.0
P003421,착한가격업소,,미용,두래헤어코디,경기도 오산시 대원로 27,37.1465724716443,127.07138385983,,성인컷트,12000~20000원,염색,25000~95000원,가성비 성인컷트,12000,25000.0
P003422,착한가격업소,,미용,네일하고 노랑,"경기도 오산시 세마역로 53, 101호",37.1841979951157,127.044728565266,,셀프네일,7000원,젤네일아트 2개 포함,40000원,가성비 셀프네일,7000,40000.0
P003423,착한가격업소,,미용,까까뽀까,"경기도 오산시 남부대로 464-31, 1층 14호",37.1314818950274,127.083216873645,,남성컷,10000원,여성컷,13000원,가성비 남성컷,10000,13000.0
P003424,착한가격업소,,식당,가마통옛날닭강정,경기도 오산시 성호새싹길 37,37.1523112563052,127.070130949634,,꽃게튀김,5000원,닭강정(소),8000원,가성비 꽃게튀김,5000,8000.0
P003425,착한가격업소,,식당,거성반점,경기도 오산시 오산로272번길 5 (오산동) 거성반점,37.151435209167,127.069429402134,031-374-5236,짜장면,5000원,짬뽕,6000원,가성비 짜장면,5000,6000.0
P003426,착한가격업소,,식당,또바기 동태탕,경기도 오산시 시장길 8 (오산동) 또바기 동태탕,37.1496272858114,127.069186183211,031-377-3878,생고기 김치전골,9000원,,,가성비 생고기 김치전골,9000,
P003427,착한가격업소,,식당,보리밭,경기도 오산시 시장길 39 (오산동) 보리밭,37.1523541340694,127.069078461685,031-376-5777,보리밥,7000원,청국장,8000원,가성비 보리밥,7000,8000.0
P003428,착한가격업소,,미용,스텔리안,경기도 오산시 성호대로 124 (원동) 602호,37.1484863938641,127.075202818358,,착한 마사지,30000원,,,가성비 착한 마사지,30000,
P003429,착한가격업소,,식당,시장국시,경기도 오산시 성호새싹길 37 (오산동) 뻥튀기플러스 뒷편,37.1523112563052,127.070130949634,,잔치국수,4500원,비빔국수,5500원,가성비 잔치국수,4500,5500.0
P003430,착한가격업소,,식당,일품군계 오산점,경기도 오산시 내삼미로 25 (수청동) 1층,37.1647337779008,127.067660757648,0507-1378-2492,대인(초등학교 4학년 이상),19900원,,,가성비 대인(초등학교 4학년 이상),19900,
P003431,착한가격업소,,식당,행복한 면이야기,경기도 오산시 오산로290번길 6 (오산동) 행복한 면이야기,37.152649736909,127.069137829957,031-378-2799,수제비,6000원,수제만두,5000원,가성비 수제비,6000,5000.0
P003432,착한가격업소,,식당,수상한감자탕,경기도 오산시 원동 771-7,37.1448742147541,127.071432127341,,뼈해장국,9000원,순살뼈해장국,9000원,가성비 뼈해장국,9000,9000.0
P003433,착한가격업소,,식당,찌개동아리,경기도 오산시 한신대133번길4,37.1947655316391,127.023520421142,,김치찌개,9000원,곱창전골,24000원,가성비 김치찌개,9000,24000.0
P003434,착한가격업소,,식당,우리반점,경기도 오산시 한신대길134-3,37.1946936054323,127.022710570146,031-372-7551,짜장면,5000원,짬뽕,6500원,가성비 짜장면,5000,6500.0
P003435,착한가격업소,,식당,아이러브(ILOVE)고트치킨,경기도 오산시 궐리사로 29번길6 103호 (궐동),37.1606863646446,127.056190095289,070-8211-0475,옛날통닭,7500원,,,가성비 옛날통닭,7500,
P003436,착한가격업소,,식당,양심콩마당,경기도 오산시 시장길 10 (오산동),37.149764536919,127.069460518907,031-372-3334,자연순두부,6000원,,,가성비 자연순두부,6000,
P003437,착한가격업소,,식당,3대넙적칼국수,경기도 오산시 오산동 116-5번지 1층,37.1546585173986,127.074411574753,031-374-2232,칼국수,6000원,넙적칼국수,6500원,가성비 칼국수,6000,6500.0
P003438,착한가격업소,,식당,구사정육식당,"경기도 오산시 오산로 164 1층 111호, 112호 (원동 양우프라자)",37.14144185757,127.069063360416,031-373-2002,생고기김치찌개,9000원,,,가성비 생고기김치찌개,9000,
P003439,착한가격업소,,식당,신사동해장국,경기도 오산시 오산로 278번길 10,37.1515007026446,127.069606082029,031-377-4482,순대국밥,9000원,뼈해장국,9000원,가성비 순대국밥,9000,9000.0
P003440,착한가격업소,,카페,카페삼미,경기도 오산시 외삼미로 35-1,37.191383906655,127.055373870007,0507-1394-3941,아메리카노,3300원,팥빙수,5500원,가성비 아메리카노,3300,5500.0
P003441,착한가격업소,,미용,가위소리,경기도 양주시 백석읍 양주산성로 545,37.7864808701867,126.993480046013,031-855-7288,파마,35000원,커트 ,14000원,가성비 파마,35000,14000.0
P003442,착한가격업소,,식당,쌈마루,경기도 양주시 백석읍 양주산성로 565,37.7868310210831,126.991267293727,031-878-7879,부대찌개,8000원,우렁쌈밥,9000원,가성비 부대찌개,8000,9000.0
P003443,착한가격업소,,식당,맛드림,경기도 양주시 백석읍 권율로 1345-1,37.8051138443063,126.974039563789,031-876-3535,육개장(밥포함),7500원,차돌육개장해물짬뽕,9500원,가성비 육개장(밥포함),7500,9500.0
P003444,착한가격업소,,식당,최가네양구시래기,경기도 양주시 백석읍 호명로 51,37.7887872987803,126.99288643101,031-855-6002,시래기해장국,10000원,,,가성비 시래기해장국,10000,
P003445,착한가격업소,,식당,봉달이네,경기도 양주시 은현면 은현로 477,37.9052678426839,127.008082294134,031-857-1661,백반,9000원,,,가성비 백반,9000,
P003446,착한가격업소,,식당,오현리두부집,경기도 양주시 광적면 광적로 332-1,37.84363294259,126.96642563122,031-829-1811,순두부+보리밥,8000원,두부전골(소),16000원,가성비 순두부+보리밥,8000,16000.0
P003447,착한가격업소,,식당,마실,경기도 양주시 부흥로1374번길 12,37.7844708915635,127.027354071428,031-841-1567,잔치국수,7000원,비빔국수,8000원,가성비 잔치국수,7000,8000.0
P003448,착한가격업소,,식당,늘푸른칼국수,경기도 양주시 어하고개로 94,37.8137221202971,127.105465521826,,해물칼국수,6000원,보리비빔밥,6000원,가성비 해물칼국수,6000,6000.0
P003449,착한가격업소,,미용,상희미용실,경기도 양주시 화합로 1361번길 13,37.8437744887297,127.063002347254,031-859-1642,파마,30000원,커트 ,10000원,가성비 파마,30000,10000.0
P003450,착한가격업소,,식당,어수정 국수,경기도 양주시 독바위로10,37.840277849002,127.062227980365,031-859-2005,잔치국수,5000원,김밥,3000원,가성비 잔치국수,5000,3000.0
P003451,착한가격업소,,미용,까까보까,경기도 양주시 고암길 305-44,37.8327505939986,127.068643784945,031-857-5667,파마,25000원,커트 ,10000원,가성비 파마,25000,10000.0
P003452,착한가격업소,,기타,킹덤골프아카데미,경기도 양주시 옥정동로8길 10,37.8315099637064,127.099574764704,031-863-1679,월이용료,150000원,,,가성비 월이용료,150000,
P003453,착한가격업소,,식당,맷돌집,경기도 양주시 율정로 199번길 4,37.8234233457595,127.104565904851,031-866-3946,두부전골,9000원,들기름두부구이,6000원,가성비 두부전골,9000,6000.0
P003454,착한가격업소,,식당,대명엄나무닭곰탕,경기도 양주시 삼숭로58번길 10,37.7991366812862,127.102086601383,0507-1373-5134,엄나무닭곰탕,7000원,엄나무삼계탕,15000원,가성비 엄나무닭곰탕,7000,15000.0
P003455,착한가격업소,,식당,피자명장,경기도 양주시 고읍로35번길 29-21,37.8005686079784,127.081849174695,031-847-4900,콤비네이션피자,15000원,포테이토피자,18000원,가성비 콤비네이션피자,15000,18000.0
P003456,착한가격업소,,식당,덕정한방순대국,경기도 양주시 덕정4길 3,37.8439132078539,127.063556895355,031-858-1588,갈비탕,10000원,순대국,10000원,가성비 갈비탕,10000,10000.0
P003457,착한가격업소,,식당,늘봄식당,경기도 양주시 덕정1길 4,37.8444465598933,127.06290861976,,김치찌개,8000원,부대찌개,9000원,가성비 김치찌개,8000,9000.0
P003458,착한가격업소,,식당,엄상궁 연잎밥과 칼국수,경기도 양주시 엄상동길 22-10,37.8309637314023,127.067235054692,031-858-4100,연잎밥백반,13000원,김치찌개,9000원,가성비 연잎밥백반,13000,9000.0
P003459,착한가격업소,,식당,꼬소꼬소,경기도 양주시 덕정길 16,37.8440095012419,127.063088665739,031-862-2376,제육덮밥,8000원,해물된장찌개,8000원,가성비 제육덮밥,8000,8000.0
P003460,착한가격업소,,식당,1231 구뜰순대국,"경기도 양주시 회정로 101 (덕정동) 101, 102호",37.8375740256854,127.064351675457,031-863-5962,순대국,9000원,,,가성비 순대국,9000,
P003461,착한가격업소,,식당,웰빙 칼국수,경기도 양주시 부흥로1398번길 26-8 (유양동) .,37.7828088197864,127.029852582722,,칼국수,6000원,,,가성비 칼국수,6000,
P003462,착한가격업소,,식당,홈실가마솥추어탕,경기도 양주시 부흥로 1401 (유양동) .,37.7845902989613,127.031221124209,031-840-3282,추어탕,12000원,,,가성비 추어탕,12000,
P003463,착한가격업소,,식당,서진한식뷔페,경기도 양주시 평화로1435번길 18 (덕계동) .,37.8197331538512,127.046242672906,031-861-0143,한식뷔페,8000원,,,가성비 한식뷔페,8000,
P003464,착한가격업소,,식당,제주고사리육개장 오름,경기도 양주시 옥정동로7다길 40 (옥정동) 2층 208호,37.8190880562105,127.092816966349,031-928-5374,고사리육개장,10000원,돼지국밥,9000원,가성비 고사리육개장,10000,9000.0
P003465,착한가격업소,,식당,별빛포차,"경기도 양주시 평화로1416번길 34-5, 1층",37.8171687018551,127.04818383115,031-866-8444,옛날통닭(7호),10000원,닭강정(中),10500원,가성비 옛날통닭(7호),10000,10500.0
P003466,착한가격업소,,식당,치킨가격안정화 프로젝트 치킹,"경기도 양주시 옥정동로7가길 36, 109호, 110호",37.8198372639068,127.094101424507,031-868-5430,바삭크리스피치킨,13900원,오트밀크리스피치킨,13900원,가성비 바삭크리스피치킨,13900,13900.0
P003467,착한가격업소,,식당,J청담반점,경기도 양주시 엄상동길 50-7 (고암동) 1층,37.8311056892846,127.069005077274,031-859-3993,옛날짜장,5000원,,,가성비 옛날짜장,5000,
P003468,착한가격업소,,식당,뜰안채밥상,경기도 양주시 동일로 880-46 (마전동) 1층,37.7648598232009,127.048075197435,031-856-8886,뜰안채솥밥정식,12000원,뜰안채밥상,10000원,가성비 뜰안채솥밥정식,12000,10000.0
P003469,착한가격업소,,식당,송우리칼국수,경기도 양주시 평화로 1203 1층,37.7987700317719,127.045949716737,031-821-4066,칼국수,6000원,,,가성비 칼국수,6000,
P003470,착한가격업소,,식당,팔군한식뷔페,경기도 양주시 광적면 광적로 186 1층,37.8343995920841,126.976852786837,0507-1347-4569,한식뷔페,8000원,,,가성비 한식뷔페,8000,
P003471,착한가격업소,,식당,회천순대국,경기도 양주시 화합로 1331-1 (덕정동) 1층,37.8462782787693,127.062247110775,031-858-2748,순대국밥,8000원,,,가성비 순대국밥,8000,
P003472,착한가격업소,,식당,효동얼큰샤브손칼국수,경기도 양주시 고읍로 152 (광사동) 1층,37.7923156142932,127.086289907747,031-848-2446,샤브손칼국수,12000원,,,가성비 샤브손칼국수,12000,
P003473,착한가격업소,,미용,백궁헤어미용실,"경기도 양주시 장흥면 권율로 94, 2층",37.7230611723326,126.948077361046,031-855-0529,커트,10000원,염색(커트포함),30000원,가성비 커트,10000,30000.0
P003474,착한가격업소,,기타,공간와글,경기도 양주시 옥정동로7다길 12-21,37.8198200766858,127.093395756468,,공간대여(평일오전),8000원,공간대여(오후/주말),10000원,가성비 공간대여(평일오전),8000,10000.0
P003475,착한가격업소,,식당,덕계리 육회방앗간,경기도 양주시 평화로 1489번길 12,37.8241158937199,127.04926567636,,육회비빔밥,10000원,들기름막국수,10000원,가성비 육회비빔밥,10000,10000.0
P003476,착한가격업소,,식당,브레드타임,경기도 양주시 옥정로 148 (옥정동) 1층,37.8147873568926,127.090825957846,0507-1471-1683,소프트바게트,1800원,반미쌀바게트,3300원,가성비 소프트바게트,1800,3300.0
P003477,착한가격업소,,식당,맛있는 햄 부대찌개,경기도 양주시 은현면 은현로 458 1층,37.9040258866562,127.010431191891,,부대찌개(포장),7000원,잔치국수,5000원,가성비 부대찌개(포장),7000,5000.0
P003478,착한가격업소,,식당,구들장 생고기,경기도 양주시 엄상동길 66 (고암동) 1층,37.8313866895627,127.069782659364,031-858-7892,제육볶음,10000원,갈비탕,8000원,가성비 제육볶음,10000,8000.0
P003479,착한가격업소,,식당,장마당빈대떡,경기도 양주시 화합로1361번길 5 (덕정동) 1층,37.8437645570815,127.062534936998,031-862-9245,해물파전,15000원,,,가성비 해물파전,15000,
P003480,착한가격업소,,식당,찌개가 맛있는집,경기도 양주시 평화로 1723 (회정동) 1층,37.8430776321828,127.054253332416,031-866-9030,순두부찌개,9000원,동태찌개 ,10000원,가성비 순두부찌개,9000,10000.0
P003481,착한가격업소,,식당,뚜가리국밥,"경기도 양주시 백석읍 부흥로 1050번길 9, 1층",37.8035032323762,127.002829118434,031-873-7772,내장국밥,9000원,모둠국밥,9000원,가성비 내장국밥,9000,9000.0
P003482,착한가격업소,,식당,이천원칼국수,경기도 이천시 부발읍 대산로 524,37.2632295207245,127.481916896434,031-636-4385,손칼국수,5000원,수제비,6000원,가성비 손칼국수,5000,6000.0
P003483,착한가격업소,,식당,단월식당,경기도 이천시 단월로 32,37.2214179736282,127.450466700777,031-633-0425,백반,7000원,삼겹살,14000원,가성비 백반,7000,14000.0
P003484,착한가격업소,,식당,송정정육점식당,경기도 이천시 증신로291번길 137,37.2952653749009,127.433093965209,031-634-8565,삼겹살,13000원,육회,25000원,가성비 삼겹살,13000,25000.0
P003485,착한가격업소,,미용,비엔나미용실,경기도 이천시 중리천로21번길 21,37.2814562280343,127.440524363439,,파마,25000원,커트,7000원,가성비 파마,25000,7000.0
P003486,착한가격업소,,식당,봉구네축산정육식당,경기도 이천시 영창로 138,37.2818224904547,127.437879310143,031-635-9288,삼겹살,11000원,뒷고기,12000원,가성비 삼겹살,11000,12000.0
P003487,착한가격업소,,식당,엄마분식,경기도 이천시 영창로 158,37.2815891032271,127.440071387199,031-635-0120,비빔밥,6000원,냉면,6000원,가성비 비빔밥,6000,6000.0
P003488,착한가격업소,,식당,바로구운빵,경기도 이천시 설봉로58번길 25,37.2813873095117,127.439891599141,031-637-6113,옛날빵(3개입),4000원,,,가성비 옛날빵(3개입),4000,
P003489,착한가격업소,,식당,골목길,경기도 이천시 향교로 31,37.2850156481913,127.441012865486,031-637-9870,수제돈까스,7000원,김밥,3000원,가성비 수제돈까스,7000,3000.0
P003490,착한가격업소,,세탁&목욕,스마일크리닝,경기도 이천시 장호원읍 샘재로147번길 18,37.1179860074229,127.629593612222,031-642-8285,코트,8000원,바지,3000원,가성비 코트,8000,3000.0
P003491,착한가격업소,,카페,카페이오이,경기도 이천시 부악로 72-3 르네빌딩 1층,37.2701189842777,127.435358891768,,아메리카노,3000원,에스프레소,3000원,가성비 아메리카노,3000,3000.0
P003492,착한가격업소,,카페,카페구락부,경기도 이천시 중리천로21번길 18,37.2812811040345,127.440829149616,031-635-6864,아메리카노,3000원,에스프레소,2500원,가성비 아메리카노,3000,2500.0
P003493,착한가격업소,,미용,아리따미용실,경기도 이천시 중리천로21번길 18,37.2812811040345,127.440829149616,031-637-6634,파마,35000원,커트,13000원,가성비 파마,35000,13000.0
P003494,착한가격업소,,식당,신아띠마라탕,"경기도 이천시 부발읍 대산로 511, 1층",37.2628434276185,127.480675726341,031-635-3353,마라탕(1인),8000원,,,가성비 마라탕(1인),8000,
P003495,착한가격업소,,식당,워낭소리,경기도 이천시 중리천로 127,37.275920555443,127.449369456485,031-637-1616,꽃삼겹(200g),15000원,돼지갈비(250g),15000원,가성비 꽃삼겹(200g),15000,15000.0
P003496,착한가격업소,,식당,오모가리해물순두부,경기도 이천시 신둔면 원적로 4 1층,37.3109124014717,127.401664977916,031-633-1150,해물순두부,10000원,초당백순두부,9000원,가성비 해물순두부,10000,9000.0
P003497,착한가격업소,,식당,소문난 잔치국수,경기도 이천시 서희로 29 (중리동) 1층,37.2782115816518,127.442006349657,,잔치국수,6000원,비빔국수,6500원,가성비 잔치국수,6000,6500.0
P003498,착한가격업소,,식당,유림구만리,경기도 이천시 구만리로 229 (안흥동) -,37.2761021772246,127.457864886171,031-632-1100,삼겹살(200g),13000원,돼지갈비(200g),13000원,가성비 삼겹살(200g),13000,13000.0
P003499,착한가격업소,,카페,해랑,경기도 이천시 부악로 74 (증일동) -,37.2697931063542,127.435474268737,031-631-6564,아메리카노,3000원,카페라떼,4000원,가성비 아메리카노,3000,4000.0
P003500,착한가격업소,,세탁&목욕,인덕 맞춤옷수선,경기도 이천시 영창로159번길 7 (관고동) -,37.2821547215882,127.440181691649,,바지단수선,4000원,소매수선,8000원,가성비 바지단수선,4000,8000.0
P003501,착한가격업소,,세탁&목욕,거평세탁소,경기도 이천시 부발읍 경충대로 2223 201호,37.2591170619975,127.479287593107,031-636-9864,양복드라이,5000원,셔츠,2000원,가성비 양복드라이,5000,2000.0
P003502,착한가격업소,,미용,김미영 헤어샵,경기도 이천시 남천로 53 (중리동) -,37.2773773196141,127.443306382991,031-631-9475,펌,30000원,,,가성비 펌,30000,
P003503,착한가격업소,,식당,기동이랑만두랑,경기도 이천시 부발읍 무촌로 95,37.282368750128,127.48448888979,031-633-5440,"찐만두(왕,5개)",7000원,,,"가성비 찐만두(왕,5개)",7000,
P003504,착한가격업소,,식당,길모퉁이,경기도 이천시 중리천로22번길 17,37.2795510809335,127.440307476416,031-637-8765,떡만둣국,8000원,만두전골(대),32000원,가성비 떡만둣국,8000,32000.0
P003505,착한가격업소,,식당,해동기사식당,경기도 이천시 설성면 진상미로 702,37.1349269898784,127.514334390464,031-642-7858,부대찌개,10000원,동태찌개,10000원,가성비 부대찌개,10000,10000.0
P003506,착한가격업소,,식당,흥남식당,경기도 이천시 설성면 설장로16번길 13,37.1317170171785,127.520747135683,031-641-6741,떡만둣국,9000원,닭볶음탕(대),35000원,가성비 떡만둣국,9000,35000.0
P003507,착한가격업소,,식당,아리묵밥집(보말칼국수),경기도 이천시 아리역로 88-10,37.2928436937266,127.444895373041,031-634-6674,보말황태칼국수,9000원,,,가성비 보말황태칼국수,9000,
P003508,착한가격업소,,식당,천안문,경기도 이천시 백사면 이여로 269,37.3210477849133,127.470787235252,031-638-8511,짜장면,5000원,,,가성비 짜장면,5000,
P003509,착한가격업소,,카페,카페꼬꼬동,경기도 이천시 영창로163번길 34,37.2830513870895,127.440362486454,031-8011-2039,아메리카노,2500원,꼬꼬랩,5000원,가성비 아메리카노,2500,5000.0
P003510,착한가격업소,,카페,카페이룸,"경기도 이천시 설봉로81번길 50, 지하1층",37.2867777499819,127.436919152006,031-635-2034,아메리카노,2500원,카페라떼,3000원,가성비 아메리카노,2500,3000.0
P003511,착한가격업소,,미용,조은피부관리,"경기도 이천시 설봉로 27-1, 2층",37.2790222289624,127.43742502577,031-636-0706,기본관리(10회),270000원,여드름·미백·MTS(10회),450000원,가성비 기본관리(10회),270000,450000.0
P003512,착한가격업소,,식당,제일칼국수와 전골,경기도 이천시 설봉로29번길 5,37.2790459006122,127.437261213605,031-638-3026,칼국수,6000원,김밥,2500원,가성비 칼국수,6000,2500.0
P003513,착한가격업소,,식당,꼬맛,경기도 이천시 영창로 121,37.2827540714443,127.436512157897,031-631-4533,꽈배기,700원,,,가성비 꽈배기,700,
P003514,착한가격업소,,식당,현대식당 이천신하점,경기도 이천시 신아로 1,37.2590080517878,127.481504585891,031-694-9482,순댓국,9000원,뼈해장국,9000원,가성비 순댓국,9000,9000.0
P003515,착한가격업소,,식당,팔남매,경기도 이천시 서희로59번길 21,37.2808855350354,127.441582785909,,만두(10개),5000원,"도넛, 꽈배기, 찐빵(3개)",2000원,가성비 만두(10개),5000,2000.0
P003516,착한가격업소,,미용,깨비네 헤어샵,경기도 이천시 장호원읍 장감로65번길 39,37.1187869003897,127.629721764078,031-641-5417,남자커트,10000원,여성커트,10000원,가성비 남자커트,10000,10000.0
P003517,착한가격업소,,식당,덕분분식,경기도 이천시 백사면 청백리로58,37.3026783365097,127.468616946191,,김밥,3000원,덮밥,7000원,가성비 김밥,3000,7000.0
P003518,착한가격업소,,식당,총각와플,경기도 이천시 중리천로22번길 17,37.2795510809335,127.440307476416,031-635-8535,와플,2500원,젤라또,3000원,가성비 와플,2500,3000.0
P003519,착한가격업소,,카페,카페웃음,경기도 이천시 호법면 이섭대천로691번길 15,37.2350085323449,127.43391516058,0507-1319-4191,아이스아메리카노,2500원,현미강정바,1000원,가성비 아이스아메리카노,2500,1000.0
P003520,착한가격업소,,식당,이음베이커리,"경기도 이천시 중리천로134-16, 105호",37.2755628317232,127.448184673481,,베이글,1800원,소금빵,1800원,가성비 베이글,1800,1800.0
P003521,착한가격업소,,식당,설봉산냉면,경기도 이천시 경충대로2709번길 19-16 (관고동),37.2788406155648,127.433963799913,031-637-6333,냉면(물/비빔),8000원,,,가성비 냉면(물/비빔),8000,
P003522,착한가격업소,,식당,배블리콩나물국밥,"경기도 이천시 신둔면 경충대로 3229, 1층",37.3131253044044,127.397536233343,031-8011-0050,콩나물국밥,5000원,김치콩나물국밥,6000원,가성비 콩나물국밥,5000,6000.0
P003523,착한가격업소,,미용,승현헤어샾,경기도 구리시 원수택로52번길 25 (수택동),37.5957922083431,127.142717697581,없음,성인파마(짧은머리),30000원,성인파마(긴머리),35000원,가성비 성인파마(짧은머리),30000,35000.0
P003524,착한가격업소,,미용,우성이용원,경기도 구리시 경춘로227번길 6-15 (인창동),37.6016925274553,127.140006373025,없음,성인커트,9000원,,,가성비 성인커트,9000,
P003525,착한가격업소,,식당,두메골,경기도 구리시 동구릉로 335 (사노동),37.6278887388073,127.14016742013,031-573-5558,한정식,14000원,,,가성비 한정식,14000,
P003526,착한가격업소,,세탁&목욕,세탁전문점크린업,경기도 구리시 벌말로 123 (토평동),37.5875937863897,127.148154244252,031-554-0544,남성정장 일반드라이,7000원,,,가성비 남성정장 일반드라이,7000,
P003527,착한가격업소,,식당,수택골목냉면,경기도 구리시 검배로84번길 29 (수택동),37.594018266014,127.146743771286,031-566-8286,비빔냉면,8500원,,,가성비 비빔냉면,8500,
P003528,착한가격업소,,식당,이대감화로숯불구이,경기도 구리시 장자대로13번길 71 (교문동),37.5909840751607,127.132832398321,031-563-7576,돼지갈비(250g),15000원,뚝배기불고기,10000원,가성비 돼지갈비(250g),15000,10000.0
P003529,착한가격업소,,식당,오씨네냉면만두,경기도 구리시 장자대로13번길 53-30 (교문동),37.5912008198198,127.132702345577,031-563-1882,물냉면,7000원,비빔냉면,8000원,가성비 물냉면,7000,8000.0
P003530,착한가격업소,,식당,산짓골,"경기도 구리시 검배로84번길 29, 1층 (수택동)",37.594018266014,127.146743771286,031-554-6001,백반,6000원,,,가성비 백반,6000,
P003531,착한가격업소,,식당,어죽나라,경기도 구리시 체육관로171번길 21-4 (교문동),37.5997893407868,127.134843800177,031-554-9595,추어탕,9000원,,,가성비 추어탕,9000,
P003532,착한가격업소,,식당,찌개상회,경기도 구리시 체육관로171번길 20 (교문동),37.6000531728119,127.134824459195,031-558-1506,"통돼지김치찌개(中,2~3인분)",16000원,,,"가성비 통돼지김치찌개(中,2~3인분)",16000,
P003533,착한가격업소,,카페,교문커피,경기도 구리시 경춘로162번길 36-4 (교문동),37.5990900419087,127.132893462413,031-558-8588,아메리카노(HOT),3000원,,,가성비 아메리카노(HOT),3000,
P003534,착한가격업소,,카페,따세비어,"경기도 구리시 안골로8번길 67, 1층 (교문동)",37.5945858830167,127.132907985392,031-555-0242,아메리카노(HOT),2000원,아메리카노(ICE),2000원,가성비 아메리카노(HOT),2000,2000.0
P003535,착한가격업소,,식당,황금어장,"경기도 구리시 원수택로 32, 1층 (수택동)",37.5948991487921,127.140235057152,031-552-6733,회덮밥,6000원,,,가성비 회덮밥,6000,
P003536,착한가격업소,,식당,구리장군집,경기도 구리시 벌말로147번길 28 (토평동),37.5901476408667,127.147512107842,031-555-1555,갈매기살(500g),30000원,,,가성비 갈매기살(500g),30000,
P003537,착한가격업소,,식당,승희네집밥,경기도 구리시 아차산로500번길 29 (교문동),37.5996529161897,127.132148437089,031-568-0845,자율식백반,7000원,,,가성비 자율식백반,7000,
P003538,착한가격업소,,식당,원유황오리,"경기도 구리시 검배로48번길 10, 1층 (수택동)",37.5974054467676,127.143448778096,031-556-6886,오리백숙(3-4인분),65000원,,,가성비 오리백숙(3-4인분),65000,
P003539,착한가격업소,,식당,간고등어와 콩비지,"경기도 구리시 검배로29번길 53, 1층 (수택동)",37.6007701884564,127.144340789722,031-551-6465,콩비지,8000원,,,가성비 콩비지,8000,
P003540,착한가격업소,,식당,왕곱창마을,경기도 구리시 검배로72번길 11-11 (수택동),37.5953786718223,127.146308567949,031-554-4243,야채곱창,11000원,,,가성비 야채곱창,11000,
P003541,착한가격업소,,식당,양푼이저팔개,경기도 구리시 검배로72번길 11-20 (수택동),37.5949262103275,127.14665859123,031-552-4928,돼지갈비찜(2~3인분),28000원,,,가성비 돼지갈비찜(2~3인분),28000,
P003542,착한가격업소,,카페,카페매일봄,"경기도 구리시 검배로60번길 4, 1층 (수택동)",37.5966295374178,127.144977894289,031-563-2798,아메리카노(HOT),2000원,아메리카노(ICE),2000원,가성비 아메리카노(HOT),2000,2000.0
P003543,착한가격업소,,식당,대동냉면,경기도 구리시 원수택로 58 (수택동),37.5967480556788,127.142056867324,031-516-6171,물냉면,8000원,비빔냉면,8000원,가성비 물냉면,8000,8000.0
P003544,착한가격업소,,식당,아몬드빵집,경기도 구리시 안골로103번길 30 (수택동),37.5988024438749,127.142023744,031-562-3413,빵(소보로등),800원,,,가성비 빵(소보로등),800,
P003545,착한가격업소,,식당,옛날짜장,경기도 구리시 원수택로 5-14 (수택동),37.5930166434065,127.138688537486,031-566-7478,짜장면,5000원,짬뽕,7000원,가성비 짜장면,5000,7000.0
P003546,착한가격업소,,미용,김금숙헤어샵,"경기도 구리시 수택천로 62, 상가동 103호 (수택동)",37.5988896951411,127.149864353983,031-553-7166,성인커트,14000원,,,가성비 성인커트,14000,
P003547,착한가격업소,,식당,누이랑칼국수,"경기도 구리시 아차산로500번길 41, 1층 (교문동)",37.5996522244258,127.132924923951,031-556-8989,칼국수,7000원,칼제비,8000원,가성비 칼국수,7000,8000.0
P003548,착한가격업소,,미용,조이헤어클럽,"경기도 구리시 장자대로37번길 24, 101호 (교문동)",37.5888470383625,127.134796770265,031-568-3275,학생커트,12000원,뿌리염색,30000원,가성비 학생커트,12000,30000.0
P003549,착한가격업소,,식당,차이나타운 토평점,"경기도 구리시 검배로 128, 101호 (토평동)",37.593902804436,127.151976650228,031-553-1312,짜장면,6000원,,,가성비 짜장면,6000,
P003550,착한가격업소,,식당,청궁중화요리,"경기도 구리시 검배로60번길 11-8, 1층 (수택동)",37.5959672106971,127.14505813819,031-551-8755,짜장면,5000원,,,가성비 짜장면,5000,
P003551,착한가격업소,,기타,진명당구장,"경기도 구리시 검배로 82, 301호 (수택동)",37.5952399742845,127.147061752108,없음,당구장이용료(1시간),5000원,,,가성비 당구장이용료(1시간),5000,
P003552,착한가격업소,,식당,옹기종기동태탕,"경기도 구리시 경춘로242번길 31-13, 1층 (수택동)",37.6009858944911,127.144038396782,031-566-3655,동태애탕,12000원,,,가성비 동태애탕,12000,
P003553,착한가격업소,,식당,교문각,경기도 구리시 장자대로1번길 38-29 (교문동) 1층,37.5902797399953,127.131733646891,031-553-3218,짜장면,5000원,,,가성비 짜장면,5000,
P003554,착한가격업소,,식당,대림각 찐짬뽕,경기도 구리시 체육관로 169 (교문동) 1층,37.599802813248,127.135901943068,031-555-2211,짬뽕,7000원,,,가성비 짬뽕,7000,
P003555,착한가격업소,,식당,담양칼국수,"경기도 구리시 장자대로1번길 44, 1층 101호 (교문동)",37.5896552370279,127.131271380538,031-555-8228,웰빙시골밥상(보리밥정식),9000원,,,가성비 웰빙시골밥상(보리밥정식),9000,
P003556,착한가격업소,,기타,필라테스혜요,"경기도 구리시 벌말로 186, 5층 (토평동)",37.5928604516015,127.150567762364,,"1:1개인레슨(1회, 50분)",40000원,,,"가성비 1:1개인레슨(1회, 50분)",40000,
P003557,착한가격업소,,식당,청호식당,"경기도 구리시 검배로 65, 1층 (수택동)",37.5965345504835,127.145946552627,031-552-5938,해물아구찜(소),28000원,해물아구찜(중),38000원,가성비 해물아구찜(소),28000,38000.0
P003558,착한가격업소,,카페,토평다방,"경기도 구리시 이문안로 140, 102호 (토평동)",37.5909044919175,127.146919613137,031-564-7778,아메리카노(HOT),3000원,카페라떼(HOT),3500원,가성비 아메리카노(HOT),3000,3500.0
P003559,착한가격업소,,식당,대양화로숯불구이,"경기도 구리시 벌말로 186, 101호 (토평동)",37.5928604516015,127.150567762364,031-568-6029,생삼겹살(200g),14000원,생목살(200g),13000원,가성비 생삼겹살(200g),14000,13000.0
P003560,착한가격업소,,식당,왕숙손칼국수,"경기도 구리시 이문안로99번길 12, 1층 (수택동)",37.5924275032202,127.142530671295,031-555-1232,칼국수수제비,59006500원,얼큰칼국수얼큰수제비,65007000원,가성비 칼국수수제비,5900,6500.0
P003561,착한가격업소,,식당,으리으리염소탕,"경기도 구리시 검배로13번길 21, 1층 (수택동)",37.6006236526205,127.142814122239,031-557-8096,흑염소전골,13000원,,,가성비 흑염소전골,13000,
P003562,착한가격업소,,미용,이지(ez)뷰티연구소,"경기도 구리시 안골로63번길 28-8, 2층 좌측호 (수택동)",37.5985442520391,127.138662900265,,속눈썹펌,27500원,,,가성비 속눈썹펌,27500,
P003563,착한가격업소,,식당,맛기찬,"경기도 구리시 이문안로 128, 102호 (토평동, 새롬프라자)",37.5911024715677,127.14558505325,031-567-6800,닭볶음탕(1.2kg),22000원,돼지고기김치찌개,6000원,가성비 닭볶음탕(1.2kg),22000,6000.0
P003564,착한가격업소,,식당,곱슐랭곱창,경기도 구리시 안골로103번길 54 (수택동),37.5997419978758,127.141347107129,031-567-4797,야채곱창,12000원,,,가성비 야채곱창,12000,
P003565,착한가격업소,,식당,장자정육점식당,경기도 구리시 건원대로99번길 70 (인창동),37.6072366524011,127.138191713064,031-551-3830,삼겹살(200g),15000원,,,가성비 삼겹살(200g),15000,
P003566,착한가격업소,,기타,정성을다하는짐,"경기도 구리시 벌말로 186, 301호 (토평동, S.M BLD)",37.5928604516015,127.150567762364,,PT(12회),552000원,,,가성비 PT(12회),552000,
P003567,착한가격업소,,식당,딱되지 닭갈비 구리본점,경기도 구리시 장자대로86번길 14-14 1층,37.5871033017374,127.139184569739,031-555-0955,닭갈비,13000원,,,가성비 닭갈비,13000,
P003568,착한가격업소,,식당,고목나무집,경기도 구리시 안골로 12-1 (교문동),37.5970369635691,127.132404706894,031-567-7000,삼계탕,14000원,,,가성비 삼계탕,14000,
P003569,착한가격업소,,식당,알지더푸드,경기도 구리시 안골로30번길 6 1층,37.5969060778494,127.13421443987,031-567-4959,김치찌개,8000원,,,가성비 김치찌개,8000,
P003570,착한가격업소,,식당,백두산 가든,경기도 안성시 안성맞춤대로 945 (도기동 73-1),36.9981314967223,127.26903954346,031-675-7779,갈비탕(국내산),12000원,한우육회(250g),25000원,가성비 갈비탕(국내산),12000,25000.0
P003571,착한가격업소,,식당,영천칡냉면,경기도 안성시 공도읍 서동대로 4410,37.0070730475622,127.19255327304,031-692-0340,물냉면,8000원,비빔냉면,8500원,가성비 물냉면,8000,8500.0
P003572,착한가격업소,,식당,은주네킬국수,경기도 안성시 시장길 37 (서인동 13),37.0066257144524,127.270263014189,031-677-0706,칼국수,7000원,잔치국수,6000원,가성비 칼국수,7000,6000.0
P003573,착한가격업소,,식당,주공정육점숯불구이,경기도 안성시 중앙로 214 (옥산동 105),37.0129556650874,127.252945032961,031-676-9277,삼겹살(200g),16000원,목살(200g),15000원,가성비 삼겹살(200g),16000,15000.0
P003574,착한가격업소,,식당,중앙식당,경기도 안성시 양성면 읍내길 13 (동항리),37.0592989111164,127.194789899053,031-672-2867,삼겹살(200g),14000원,두루치기,10000원,가성비 삼겹살(200g),14000,10000.0
P003575,착한가격업소,,식당,한돈회관,경기도 안성시 일죽면 주래본죽로 16 (송천리 23-6),37.0939522171584,127.476350805962,031-672-8722,삼겹살(200g),13666.7원,생목살(200g),13666.7원,가성비 삼겹살(200g),13667,13667.0
P003576,착한가격업소,,식당,일죽회관,경기도 안성시 일죽면 금일로 476 (송천리 5-22),37.0939763586165,127.478925227576,031-672-8721,삼겹살(200g),14000원,생목살(200g),14000원,가성비 삼겹살(200g),14000,14000.0
P003577,착한가격업소,,미용,성신미용실,경기도 안성시 중앙로367번길 72-3 (금산동),37.0109074897492,127.269377154959,031-675-7995,커트,10000원,드라이,10000원,가성비 커트,10000,10000.0
P003578,착한가격업소,,식당,마로니에,경기도 안성시 장기로45번길 22-3 (2층),37.0061753444387,127.268680268195,031-674-9993,돈가스,12000원,오징어덮밥,13000원,가성비 돈가스,12000,13000.0
P003579,착한가격업소,,카페,카페세시,경기도 안성시 시장길 37 (서인동),37.0066257144524,127.270263014189,031-673-9080,아메리카노,3000원,에스프레소,3000원,가성비 아메리카노,3000,3000.0
P003580,착한가격업소,,카페,영삼삼사,경기도 안성시 장기로74번길 16 (성남동) 1층,37.0034844386783,127.270748367281,,아메리카노,3500원,라떼,4000원,가성비 아메리카노,3500,4000.0
P003581,착한가격업소,,카페,풍사니랑 추억의거리점,경기도 안성시 장기로74번길 24 (성남동) 1층,37.0030929212763,127.270708218516,0507-1316-4348,수제미숫가루,5500원,샌드위치,7500원,가성비 수제미숫가루,5500,7500.0
P003582,착한가격업소,,식당,세컨드코너,경기도 안성시 시장길 38 (서인동) b13호,37.0064835149165,127.269910730375,0507-1372-3669,아메리칸 치즈버거,8700원,,,가성비 아메리칸 치즈버거,8700,
P003583,착한가격업소,,식당,더푸짐한밥상,경기도 안성시 낙원길 112 (낙원동) 1층,37.0053429968162,127.275334438986,031-672-7725,나물비빔밥,8500원,열무국수,8500원,가성비 나물비빔밥,8500,8500.0
P003584,착한가격업소,,식당,영스분식,경기도 안성시 장기로74번길 48 (신흥동) 1층,37.0020571488295,127.270502657787,0507-1462-0382,김밥,3500원,제육덮밥,800원,가성비 김밥,3500,800.0
P003585,착한가격업소,,기타,갤러리 헬스,경기도 안성시 중앙대학로 333 (옥산동) 3층,37.0024309166906,127.24480750495,031-675-6660,이용료(3개월),150000원,,,가성비 이용료(3개월),150000,
P003586,착한가격업소,,기타,갤러리골프 아카데미,경기도 안성시 중앙대학로 333 (옥산동) 2층,37.0024309166906,127.24480750495,,이용료(1개월),120000원,이용료(3개월),300000원,가성비 이용료(1개월),120000,300000.0
P003587,착한가격업소,,기타,머슬팩토리 easy점,경기도 안성시 대덕면 대학6길 24 2층,37.003060212825,127.225343588044,031-674-7999,이용료(1개월),70000원,이용료(3개월),150000원,가성비 이용료(1개월),70000,150000.0
P003588,착한가격업소,,기타,머슬팩토리 hard점,경기도 안성시 대덕면 대학6길 26 2층,37.0032017217432,127.225512641971,,이용료(1개월),70000원,이용료(3개월),150000원,가성비 이용료(1개월),70000,150000.0
P003589,착한가격업소,,기타,머슬팩토리 공도점,경기도 안성시 공도읍 서동대로 4459-7 2층,37.0090625178353,127.196852163585,,이용료(1개월),80000원,이용료(3개월),180000원,가성비 이용료(1개월),80000,180000.0
P003590,착한가격업소,,식당,백가네,경기도 안성시 시장길 37 (서인동) 안성맞춤시장 내,37.0066257144524,127.270263014189,031-677-2323,수제비,7000원,황태해장국,7000원,가성비 수제비,7000,7000.0
P003591,착한가격업소,,기타,상아탑 당구장,경기도 안성시 학자로 52 (금산동) 1층,37.0121430720086,127.266893588536,,이용료(10분),1200원,,,가성비 이용료(10분),1200,
P003592,착한가격업소,,식당,시장칼국수,경기도 안성시 시장길 38 (서인동) 안성맞춤시장 내,37.0064835149165,127.269910730375,0507-1490-0174,칼국수,7000원,얼큰칼국수,8000원,가성비 칼국수,7000,8000.0
P003593,착한가격업소,,식당,단골칼국수,경기도 안성시 시장길 37 (서인동) B21호,37.0066257144524,127.270263014189,031-675-0965,손칼국수,7000원,비빔칼국수,8000원,가성비 손칼국수,7000,8000.0
P003594,착한가격업소,,식당,돼지생각 연탄구이,경기도 안성시 개내교1길 2 (신건지동) 1층,37.0137239987869,127.254637769282,031-677-0892,삼겹살(국내산 200g),15000원,생목살(국내산 200g),15000원,가성비 삼겹살(국내산 200g),15000,15000.0
P003595,착한가격업소,,카페,나의 오후,경기도 안성시 시장길 38 (서인동) A16호,37.0064835149165,127.269910730375,,아메리카노,3500원,마늘빵,1200원,가성비 아메리카노,3500,1200.0
P003596,착한가격업소,,식당,삼거리닭집,경기도 안성시 죽산면 죽주로 257-5 109호,37.075649154826,127.423395758994,031-676-6641,후라이드치킨,18000원,양념치킨,20000원,가성비 후라이드치킨,18000,20000.0
P003597,착한가격업소,,식당,쎄미양념통닭,경기도 안성시 일죽면 금일로 467 1층,37.0933689119353,127.47842232459,031-672-5010,후라이드치킨,18000원,양념치킨,18000원,가성비 후라이드치킨,18000,18000.0
P003598,착한가격업소,,식당,선향칼국수,경기도 안성시 일죽면 송천길 70 1층,37.0918660432354,127.476607585502,031-677-6420,바지락칼국수,9000원,얼큰수제비,9000원,가성비 바지락칼국수,9000,9000.0
P003599,착한가격업소,,미용,한사랑미용실,경기도 안성시 양성면 읍내길 27 1층,37.0604001369938,127.194938653199,031-674-5915,커트,10000원,파마,25000원,가성비 커트,10000,25000.0
P003600,착한가격업소,,식당,현씨네 꼬마김밥,경기도 안성시 양성면 양성로 16 1층,37.0594950342207,127.196235830037,031-673-3361,모둠김밥,4000원,오뎅탕,3500원,가성비 모둠김밥,4000,3500.0
P003601,착한가격업소,,식당,안성집,경기도 안성시 시장길 37 (서인동) 안성맞춤시장 내,37.0066257144524,127.270263014189,,선지국밥,6000원,돼지껍데기,5000원,가성비 선지국밥,6000,5000.0
P003602,착한가격업소,,식당,한경식당,경기도 안성시 중앙로372번길 21 (서인동) 1층 (안성중앙시장 내),37.0067990306441,127.267940811296,031-676-7377,한우국밥,7000원,선지국밥,7000원,가성비 한우국밥,7000,7000.0
P003603,착한가격업소,,식당,풍년상회,경기도 안성시 시장길 17 (서인동) 1층 (안성중앙시장 내),37.0068685984479,127.268815511172,031-675-3734,칼국수,7000원,수제비,7000원,가성비 칼국수,7000,7000.0
P003604,착한가격업소,,식당,좋은친구들,경기도 안성시 시장길 12 (서인동) 1층 (안성중앙시장 내),37.0067275248373,127.268481434286,031-671-3521,사골만둣국,9000원,김치손만두,10000원,가성비 사골만둣국,9000,10000.0
P003605,착한가격업소,,미용,영광미용실,경기도 안성시 시장길 12 (서인동) 1층 (안성중앙시장 내),37.0067275248373,127.268481434286,031-676-3486,커트,9000원,드라이,13000원,가성비 커트,9000,13000.0
P003606,착한가격업소,,식당,만복닭집,경기도 안성시 시장길 13 (서인동) 1층 (안성중앙시장 내),37.0069119970371,127.268551630574,031-675-1749,후라이드치킨,15000원,통파닭,16000원,가성비 후라이드치킨,15000,16000.0
P003607,착한가격업소,,식당,장터칼국수,경기도 안성시 시장길 37 (서인동) 1층,37.0066257144524,127.270263014189,031-674-4645,칼국수,7000원,수제비,7000원,가성비 칼국수,7000,7000.0
P003608,착한가격업소,,카페,빵내음,경기도 안성시 시장길 37 (서인동) 1층,37.0066257144524,127.270263014189,031-677-2118,아메리카노,3000원,에스프레소,3000원,가성비 아메리카노,3000,3000.0
P003609,착한가격업소,,미용,착한남성컷,경기도 안성시 중앙로372번길 18 (석정동) 1층,37.0071261045048,127.267709047423,031-527-4096,커트,9000원,염색,13000원,가성비 커트,9000,13000.0
P003610,착한가격업소,,미용,굿보이 남성커트,경기도 포천시 중앙로 145 (신읍동),37.899028006542,127.204665231748,031-532-5053,커트,10000원,,,가성비 커트,10000,
P003611,착한가격업소,,식당,대신정육점식당,경기도 포천시 영북면 운천로 21,38.0911373412338,127.271988889684,031-531-4288,삼겹살,10000원,김치찌개,8000원,가성비 삼겹살,10000,8000.0
P003612,착한가격업소,,식당,황소잔치국수,경기도 포천시 학동로 20 (신읍동),37.9018770503622,127.205032987146,031-534-8259,잔치국수,6000원,비빔국수,7000원,가성비 잔치국수,6000,7000.0
P003613,착한가격업소,,식당,전주콩나물국밥,경기도 포천시 중앙로119번길 15-3 (신읍동),37.8974134563189,127.201250828235,031-534-6999,콩나물국밥,7000원,따로국밥,7500원,가성비 콩나물국밥,7000,7500.0
P003614,착한가격업소,,식당,모정추어탕,경기도 포천시 가산면 가산로318번길 6,37.8454012955343,127.18475294581,031-542-2804,추어탕,9000원,삼계탕,14000원,가성비 추어탕,9000,14000.0
P003615,착한가격업소,,식당,칼뽕,경기도 포천시 호국로 910 (설운동),37.8468781111613,127.161217427137,031-544-1122,짜장면,7000원,탕수육,10000원,가성비 짜장면,7000,10000.0
P003616,착한가격업소,,식당,팔공짬뽕&수제돈가스,경기도 포천시 호국로 1193 (자작동),37.8691540670314,127.177052239745,031-536-0353,짜장면,6000원,,,가성비 짜장면,6000,
P003617,착한가격업소,,식당,옹기종기,경기도 포천시 영북면 산정호수로 836,38.0766745209422,127.323482239713,,잔치국수,5000원,비빔국수,6000원,가성비 잔치국수,5000,6000.0
P003618,착한가격업소,,식당,홍원,경기도 포천시 영중면 영일로 203,37.9568523125354,127.259614802285,031-531-0177,백반,7000원,김치찌개,8000원,가성비 백반,7000,8000.0
P003619,착한가격업소,,미용,장스헤어,경기도 포천시 왕방로 130 (신읍동),37.8949750319402,127.192536481527,031-535-0177,커트(성인),10000원,"커트(학생, 경로우대)",8000원,가성비 커트(성인),10000,8000.0
P003620,착한가격업소,,식당,은혜식당,경기도 포천시 내촌면 내촌로 82,37.7868106624925,127.229073167592,031-532-3898,뷔페,8000원,,,가성비 뷔페,8000,
P003621,착한가격업소,,식당,포천 신서방,경기도 포천시 호국로 1355 (어룡동),37.8807649260701,127.186513323306,070-4403-8085,닭볶음탕,38000원,짜글이,11000원,가성비 닭볶음탕,38000,11000.0
P003622,착한가격업소,,식당,우리두리,경기도 포천시 화현면 봉화로 597,37.9015823951211,127.27503690658,031-534-3524,백반,7000원,김치찌개,10000원,가성비 백반,7000,10000.0
P003623,착한가격업소,,식당,감지부대,"경기도 포천시 삼육사로 2215, 1층 102호",37.852515275805,127.162266878265,031-544-1192,부대찌개,10000원,해물된장찌개,9000원,가성비 부대찌개,10000,9000.0
P003624,착한가격업소,,식당,맛있는 빵을 굽는 사람들,경기도 포천시 원앙로 13 (신읍동),37.8983208049582,127.200876850814,031-531-0694,소보로빵,1000원,크림빵,1000원,가성비 소보로빵,1000,1000.0
P003625,착한가격업소,,식당,개미와배짱이,경기도 포천시 왕방로 275 (신읍동),37.9041831299166,127.20372086034,,떡볶이,1000원,,,가성비 떡볶이,1000,
P003626,착한가격업소,,식당,용정식당,경기도 포천시 군내면 용정경제로1길 13-17,37.8836513636517,127.202551763409,031-536-1231,한식뷔페,6500원,,,가성비 한식뷔페,6500,
P003627,착한가격업소,,미용,써니헤어,경기도 포천시 신읍길 26 (신읍동),37.8960076142522,127.198870711816,031-532-1470,커트,10000원,,,가성비 커트,10000,
P003628,착한가격업소,,미용,비타민컷,"경기도 포천시 소흘읍 태봉로 162, 1층 102호",37.8316775923715,127.14136460005,031-542-3666,커트(남성),10000원,,,가성비 커트(남성),10000,
P003629,착한가격업소,,식당,외갓집,경기도 포천시 왕방로 222 (신읍동),37.9001784599229,127.200401521408,031-536-2525,돌솥비빔밥(떡갈비 포함),10000원,야채비빔밥(떡갈비포함),9000원,가성비 돌솥비빔밥(떡갈비 포함),10000,9000.0
P003630,착한가격업소,,식당,일동해물국밥,경기도 포천시 일동면 수입로 70 1층 우측호,37.9743303180583,127.325895768141,031-532-2232,해물국밥(하얀국밥/빨간국밥),10000원,,,가성비 해물국밥(하얀국밥/빨간국밥),10000,
P003631,착한가격업소,,식당,동교리손두부,경기도 포천시 원동교길 110 (동교동),37.8460464841548,127.137145175621,031-541-8980,청국장,9000원,,,가성비 청국장,9000,
P003632,착한가격업소,,식당,샛별반점,경기도 포천시 소흘읍 광릉수목원로 639,37.7699815085612,127.164295961312,031-541-5656,짜장면,6000원,,,가성비 짜장면,6000,
P003633,착한가격업소,,식당,정담,경기도 포천시 신읍길 14 (신읍동),37.8957417262509,127.200369710049,070-4187-4649,부대찌개,10000원,,,가성비 부대찌개,10000,
P003634,착한가격업소,,미용,누나커트,"경기도 포천시 소흘읍 송우로 23, 2층",37.8276453918767,127.146071024375,031-542-6454,커트,9000원,,,가성비 커트,9000,
P003635,착한가격업소,,미용,태양남성컷,"경기도 포천시 소흘읍 솔모루로 21, 1층",37.8247617193139,127.142528356955,031-542-3816,커트,9000원,,,가성비 커트,9000,
P003636,착한가격업소,,미용,수컷,"경기도 포천시 소흘읍 솔모루로 27, 1동 1층",37.8251087253881,127.143009029542,031-542-0522,커트,10000원,,,가성비 커트,10000,
P003637,착한가격업소,,미용,핸썸,"경기도 포천시 소흘읍 봉솔로 18, 1층",37.8254173063312,127.140309158471,031-543-5433,커트,10000원,,,가성비 커트,10000,
P003638,착한가격업소,,식당,민속설렁탕,경기도 포천시 소흘읍 죽엽산로 20,37.826591638754,127.150856714267,031-542-9525,설렁탕,9000원,육개장,9000원,가성비 설렁탕,9000,9000.0
P003639,착한가격업소,,식당,넝쿨식당,경기도 포천시 내촌면 내촌로 80,37.786606982067,127.228641939599,031-535-6325,청국장,8000원,순두부,8000원,가성비 청국장,8000,8000.0
P003640,착한가격업소,,식당,빵굽는 마을,경기도 포천시 내촌면 내촌로 55,37.7852652938808,127.226531392841,031-532-4217,소보로빵,1000원,팥빵,1000원,가성비 소보로빵,1000,1000.0
P003641,착한가격업소,,미용,모던헤어,경기도 포천시 신읍길 21-1 (신읍동) 1층,37.8956897055118,127.19932974108,031-535-7593,커트,12000원,,,가성비 커트,12000,
P003642,착한가격업소,,식당,오인돈,경기도 포천시 일동면 기산서길 4-1,37.9581448786371,127.317505760797,070-4115-1300,삼겹살,14000원,,,가성비 삼겹살,14000,
P003643,착한가격업소,,식당,골든볼9,경기도 포천시 소흘읍 호국로 241,37.7959033937483,127.12610180698,031-542-8788,한식뷔페,9000원,,,가성비 한식뷔페,9000,
P003644,착한가격업소,,식당,한탄강식당,경기도 포천시 관인면 찬우물길 63,38.171716453668,127.273918048125,031-532-1578,육회비빔밥,9500원,가지찜덮밥,8500원,가성비 육회비빔밥,9500,8500.0
P003645,착한가격업소,,식당,담은정,"경기도 포천시 영중면 호국로 3134, 가동 1층",38.0210193790199,127.252487218395,,소불고기+동치미메밀국수,13000원,소불고기+비빔메밀국수,13000원,가성비 소불고기+동치미메밀국수,13000,13000.0
P003646,착한가격업소,,식당,구 옛장터 식당,"경기도 포천시 중앙로141번길 13-3, 1층 (신읍동)",37.8992834373025,127.203253700895,,삼겹살(1인분),14000원,김치찌개,8000원,가성비 삼겹살(1인분),14000,8000.0
P003647,착한가격업소,,식당,계륵장군 일동점,"경기도 포천시 일동면 화동로 1080-2, 1층",37.9595697231378,127.319129992294,0507-1384-0933,숯불닭갈비,14000원,,,가성비 숯불닭갈비,14000,
P003648,착한가격업소,,식당,파주골토박이순두부,경기도 포천시 영중면 성장로166번길 11,38.0271140457582,127.276742777533,031-532-6566,순두부정식,9000원,,,가성비 순두부정식,9000,
P003649,착한가격업소,,식당,엄마손칼국수,"경기도 의왕시 오전로 156, 206호",37.3556035604153,126.971419521997,031-427-8869,손칼국수,8000원,김치볶음밥,8000원,가성비 손칼국수,8000,8000.0
P003650,착한가격업소,,미용,채미용실,경기도 의왕시 찬우물2길 10,37.3538330289603,126.971749434983,031-453-9667,커트,12000원,펌,30000원,가성비 커트,12000,30000.0
P003651,착한가격업소,,식당,한우리식당,"경기도 의왕시 경수대로 209, 104호(고천동, 월드비전)",37.3454099313694,126.974913838563,031-453-9667,비빔밥,6500원,갈비탕,9000원,가성비 비빔밥,6500,9000.0
P003652,착한가격업소,,미용,목련이용원,경기도 의왕시 찬우물길 33 (오전동),37.3538491888095,126.972650018644,031-457-7273,커트,12000원,,,가성비 커트,12000,
P003653,착한가격업소,,미용,현스헤어,"경기도 의왕시 계원대학로 25, 203호(내손1동, 팬텀프라자)",37.3799200596712,126.974399451186,0507-1383-4724,일반파마,20000원,,,가성비 일반파마,20000,
P003654,착한가격업소,,식당,유가네김밥,경기도 의왕시 복지로 96 (내손2동),37.3862417282808,126.981069093827,031-425-4333,김밥,3000원,돈가스,8000원,가성비 김밥,3000,8000.0
P003655,착한가격업소,,식당,아이비,"경기도 의왕시 봇들3길 6, 101호 (포일동, 조안빌딩)",37.3982041090607,126.982529177509,031-424-5944,떡만두국,6000원,,,가성비 떡만두국,6000,
P003656,착한가격업소,,식당,농군의 집,경기도 의왕시 오매기백운산길 54-13 (오전동),37.3560967054782,126.998030698363,031-429-2838,소불고기전골&솥밥,14000원,,,가성비 소불고기전골&솥밥,14000,
P003657,착한가격업소,,식당,만나국수,"경기도 의왕시 위인로8, 지하4호 (왕곡동, 원효선경아파트 상가)",37.3450899155612,126.977766854276,0507-1308-0606,멸치국수,6000원,비빔국수,6000원,가성비 멸치국수,6000,6000.0
P003658,착한가격업소,,식당,만수쌈밥,"경기도 의왕시 왕곡로20, 1층 (왕곡동)",37.346559898055,126.976587043393,031-459-2111,백반,8000원,,,가성비 백반,8000,
P003659,착한가격업소,,식당,시장잔치국수,"경기도 의왕시 부곡시장길 24, 1층 (삼동)",37.3191163555743,126.951386481313,,잔치국수,5000원,비빔국수,6000원,가성비 잔치국수,5000,6000.0
P003660,착한가격업소,,미용,이시마헤어,"경기도 의왕시 오전로206 (오전동, 104, 105호)",37.3590800152928,126.967976220089,031-455-5587,남자커트,10000원,,,가성비 남자커트,10000,
P003661,착한가격업소,,식당,샤르망과자점,경기도 의왕시 부곡초등1길 23 (삼동),37.3170309553448,126.952154176086,031-461-7534,소보로빵,600원,단팥빵,600원,가성비 소보로빵,600,600.0
P003662,착한가격업소,,식당,정통춘천닭갈비,"경기도 의왕시 부곡중학길 31, 1층 (삼동)",37.3161400708491,126.954353815954,031-461-1171,닭곰탕,8000원,비빔막국수,8000원,가성비 닭곰탕,8000,8000.0
P003663,착한가격업소,,카페,윌시커피,"경기도 의왕시 성고개로 53, 112호 (포일동)",37.3976156431246,126.987425524173,1566-2161,아메리카노(HOT/ICE),1500원,,,가성비 아메리카노(HOT/ICE),1500,
P003664,착한가격업소,,식당,콩깍지분식,"경기도 의왕시 보식골로 11, 103호 (오전동, 성원2차이화아파트상가동)",37.3589688349345,126.969361276262,031-429-6220,칼국수,7500원,청국장,8000원,가성비 칼국수,7500,8000.0
P003665,착한가격업소,,식당,계정횟집,경기도 양평군 양동면 양서북로 666-13,37.4689560139423,127.774671855569,031-773-1556,송어회,18000원,,,가성비 송어회,18000,
P003666,착한가격업소,,식당,고향집,경기도 양평군 양동면 양동로 1844,37.4157164666243,127.753615582554,031-772-9810,손수제비,9000원,사골 김치만두국,9000원,가성비 손수제비,9000,9000.0
P003667,착한가격업소,,식당,국수한우(현방),경기도 양평군 양서면 경강로 1055-14,37.5127457686529,127.401696964412,031-771-7714,연잎 한우탕,9000원,한우불고기,18000원,가성비 연잎 한우탕,9000,18000.0
P003668,착한가격업소,,식당,단월식당,경기도 양평군 단월면 보룡길 61,37.5390685898278,127.673639048527,031-773-0219,우렁된장찌개,8000원,육개장,9000원,가성비 우렁된장찌개,8000,9000.0
P003669,착한가격업소,,식당,대박식당,경기도 양평군 양서면 양수로150번길 3,37.5446276326874,127.319619438608,031-771-8068,선지해장국,8000원,우거지해장국,8000원,가성비 선지해장국,8000,8000.0
P003670,착한가격업소,,식당,대포항횟집,"경기도 양평군 양평읍 양평시장길 39, 1층",37.4914921188665,127.489585334957,031-775-8282,물회,17000원,대구탕,9000원,가성비 물회,17000,9000.0
P003671,착한가격업소,,식당,동현식당,경기도 양평군 양평읍 양근로 170-6,37.4910186004693,127.488420398624,031-773-5760,김치찌개,9000원,청국장,9000원,가성비 김치찌개,9000,9000.0
P003672,착한가격업소,,식당,두머리부엌,"경기도 양평군 양서면 용담5길 23, 101호",37.5460359568834,127.326966053772,031-771-9091,제철밥상백반,11000원,감자전,13000원,가성비 제철밥상백반,11000,13000.0
P003673,착한가격업소,,식당,먹어바바,"경기도 양평군 용문면 용문시장2길 3, 1층",37.4844305630309,127.594274925404,031-772-2623,돼지갈비,16000원,,,가성비 돼지갈비,16000,
P003674,착한가격업소,,식당,메밀촌두부마을,경기도 양평군 용문면 용문산로 514,37.5369473571611,127.591590857471,031-773-4247,메밀부침,7000원,메밀찐만두,7000원,가성비 메밀부침,7000,7000.0
P003675,착한가격업소,,식당,명진식당,경기도 양평군 용문면 용문역길 8,37.4834244608583,127.593460364572,031-773-7693,선지해장국,8000원,황태해장국,8000원,가성비 선지해장국,8000,8000.0
P003676,착한가격업소,,식당,몽실식당,경기도 양평군 양평읍 양평장터길 9-1,37.4902752498062,127.49300375691,031-771-9296,불고기+된장찌개,12000원,참가브리살(180g),18000원,가성비 불고기+된장찌개,12000,18000.0
P003677,착한가격업소,,식당,백운정육점식당,경기도 양평군 양평읍 양평시장1길 6-2,37.4896067871472,127.492163755131,031-774-0788,김치찌개,9000원,냉면,9000원,가성비 김치찌개,9000,9000.0
P003678,착한가격업소,,식당,부산돼지국밥,경기도 양평군 강상면 강남로 753,37.4933742728597,127.462378129442,031-775-0701,돼지국밥,9000원,수육,25000원,가성비 돼지국밥,9000,25000.0
P003679,착한가격업소,,식당,삼공팔공식당,경기도 양평군 용문면 용문시장5길 14,37.484455074385,127.5952584423,031-771-3080,손두부찌개,10000원,,,가성비 손두부찌개,10000,
P003680,착한가격업소,,식당,삿갓봉뽕잎해물칼국수,경기도 양평군 양평읍 경강로 2335-12,37.4922417062409,127.534855411953,031-774-1259,뽕잎해물칼국수,9000원,녹두전,10000원,가성비 뽕잎해물칼국수,9000,10000.0
P003681,착한가격업소,,식당,서라벌식당,경기도 양평군 양서면 북한강로 15-2,37.5454169181416,127.320412423068,031-773-0062,부대찌개,10000원,닭볶음탕,50000원,가성비 부대찌개,10000,50000.0
P003682,착한가격업소,,카페,소나무,"경기도 양평군 양평읍 양근로 182, 1층",37.4900819644866,127.489629049406,031-773-6565,아메리카노,3000원,카페라떼,4500원,가성비 아메리카노,3000,4500.0
P003683,착한가격업소,,식당,솔잎칼국수,"경기도 양평군 양평읍 양근로 170-4, 1층",37.4910052879904,127.488567535568,031-774-3851,솔잎칼국수,10000원,콩국수,12000원,가성비 솔잎칼국수,10000,12000.0
P003684,착한가격업소,,식당,순흥식당,"경기도 양평군 청운면 용두로139번길 14, 1층",37.5554537200548,127.70914279635,031-773-9036,백반,6000원,,,가성비 백반,6000,
P003685,착한가격업소,,식당,신명식당,경기도 양평군 양평읍 양평시장길8번길4-1,37.490176442665,127.492995983862,031-771-3416,백반,8000원,,,가성비 백반,8000,
P003686,착한가격업소,,세탁&목욕,심미세탁소,"경기도 양평군 용문면 연수로 7-6, 심미@ 상가 103호",37.4881397315731,127.592724492107,0507-1375-3901,상의,5000원,,,가성비 상의,5000,
P003687,착한가격업소,,식당,양서민물매운탕,경기도 양평군 양서면 북한강로 15-3,37.5454663309424,127.320431531912,031-773-5013,메기매운탕(대),65000원,어죽,10000원,가성비 메기매운탕(대),65000,10000.0
P003688,착한가격업소,,식당,양평해장국,경기도 양평군 용문면 용문역길 16,37.4829043849798,127.593912796328,031-773-6339,뼈다귀해장국,10000원,양평해장국,10000원,가성비 뼈다귀해장국,10000,10000.0
P003689,착한가격업소,,식당,영동식당,경기도 양평군 용문면 용문시장6길 1,37.4858861155997,127.595743094073,031-772-9229,뼈다귀해장국,10000원,,,가성비 뼈다귀해장국,10000,
P003690,착한가격업소,,식당,옹고집닭갈비,경기도 양평군 용문면 용문역길 7-5,37.4839691746183,127.593932192288,031-773-8592,닭갈비,13000원,,,가성비 닭갈비,13000,
P003691,착한가격업소,,식당,왕창아구찜강하본점,경기도 양평군 강하면 왕창로 17-12,37.478451801514,127.387801271364,031-774-1597,동태알탕,10000원,아구찜(대),60000원,가성비 동태알탕,10000,60000.0
P003692,착한가격업소,,식당,용문칼국수,"경기도 양평군 용문면 용문역길 26, 101호",37.4825859123508,127.593440729848,031-773-0388,칼국수,6000원,,,가성비 칼국수,6000,
P003693,착한가격업소,,식당,우리집 양평우동,경기도 양평군 양평읍 양평시장길 35,37.491279160535,127.489793586725,031-773-5058,우리집양평우동,6000원,비빔국수,7000원,가성비 우리집양평우동,6000,7000.0
P003694,착한가격업소,,식당,오일장 족발집,경기도 양평군 양평읍 양평시장길18번길 2,37.4905710398926,127.491881629263,031-771-8536,족발(대),35000원,,,가성비 족발(대),35000,
P003695,착한가격업소,,식당,장터영양탕,경기도 양평군 양서면 양수로150번길 13,37.545392221805,127.320150017826,031-774-9329,영양탕,15000원,수육,30000원,가성비 영양탕,15000,30000.0
P003696,착한가격업소,,식당,중앙식당,경기도 양평군 양평읍 양평시장길7번길 4-1,37.4896700866752,127.492195152436,031-771-2666,갈비탕,12000원,비빔밥,9000원,가성비 갈비탕,12000,9000.0
P003697,착한가격업소,,식당,지평보리밥집,경기도 양평군 지평면 지평로 396,37.4755733076645,127.63695539274,031-773-7423,보리밥,9000원,감자전,10000원,가성비 보리밥,9000,10000.0
P003698,착한가격업소,,식당,진가네김밥,경기도 양평군 양평읍 양평시장길 19,37.4904629341944,127.49157516785,031-771-2375,김밥,3000원,라면,4000원,가성비 김밥,3000,4000.0
P003699,착한가격업소,,식당,진고개집,경기도 양평군 양평읍 양평시장길8번길 6,37.4901175888279,127.492914070973,031-775-0878,소머리국밥,10000원,삼계탕(녹두),17000원,가성비 소머리국밥,10000,17000.0
P003700,착한가격업소,,식당,창범이네맛집,경기도 양평군 양서면 양수로150번길 3-11,37.544983377947,127.319773945788,031-773-2673,돼지국밥,8000원,삼겹살(200g),16000원,가성비 돼지국밥,8000,16000.0
P003701,착한가격업소,,식당,천호각,경기도 양평군 청운면 용두민속장터길 12-1,37.5535710257023,127.709593811954,031-771-4705,짜장면,7000원,짬뽕,9000원,가성비 짜장면,7000,9000.0
P003702,착한가격업소,,식당,청목장어,"경기도 양평군 양서면 양수로 111, 1층",37.5415475317997,127.322651433131,031-773-6668,연근제육쌈밥,11000원,돼지갈비(300g),16000원,가성비 연근제육쌈밥,11000,16000.0
P003703,착한가격업소,,카페,커피훈아제,"경기도 양평군 청운면 용두로 159, 1층",37.5557053193394,127.709689988236,0507-1332-9836,아메리카노,4000원,카페라떼,5000원,가성비 아메리카노,4000,5000.0
P003704,착한가격업소,,미용,컷트클럽,경기도 양평군 양평읍 관문길 59,37.4948520098374,127.491716789178,,컷트,10000원,염색,12000원,가성비 컷트,10000,12000.0
P003705,착한가격업소,,식당,콩타령,경기도 양평군 양평읍 중앙로 86,37.4940979191814,127.498136463636,031-771-3725,콩국수,10000원,찐만두,11000원,가성비 콩국수,10000,11000.0
P003706,착한가격업소,,식당,평창송어,경기도 양평군 용문면 지평로 1-6,37.5078209915304,127.632734724365,031-774-1711,송어회,18000원,회덮밥,10000원,가성비 송어회,18000,10000.0
P003707,착한가격업소,,식당,하늘촌보리밥,경기도 양평군 개군면 불곡부처울길 22,37.4509358985295,127.540341060201,031-774-2548,보리밥,11000원,청국장,11000원,가성비 보리밥,11000,11000.0
P003708,착한가격업소,,식당,한섬갈비,경기도 양평군 용문면 용문로 802,37.5068969211789,127.630648292325,031-773-3488,돼지갈비,16000원,해물된장찌개,6000원,가성비 돼지갈비,16000,6000.0
P003709,착한가격업소,,식당,후리지아,"경기도 양평군 양평읍 양근로 182, 2층",37.4900819644866,127.489629049406,031-774-4426,김치치즈볶음밥,7000원,오므라이스,7000원,가성비 김치치즈볶음밥,7000,7000.0
P003710,착한가격업소,,식당,힘찬갯벌낙지,경기도 양평군 양평읍 양평시장1길 15,37.4899355885151,127.491118061649,031-771-4733,굴해장국,6000원,알밥,8000원,가성비 굴해장국,6000,8000.0
P003711,착한가격업소,,식당,금호반점,경기도 양평군 양서면 양수로 150번길 3-1,37.5447205267627,127.319652198016,031-772-7188,짜장면,7000원,짬뽕,8000원,가성비 짜장면,7000,8000.0
P003712,착한가격업소,,식당,멸치국수전문점,경기도 양평군 용문면 다문중앙1길 6,37.4844495669338,127.592823665808,031-775-9776,잔치국수,7000원,,,가성비 잔치국수,7000,
P003713,착한가격업소,,식당,박금순특허청국장돌솥밥,경기도 양평군 용문면 용문산로 179,37.5135927138159,127.604368355057,031-775-9228,청국장,11000원,제육볶음정식,15000원,가성비 청국장,11000,15000.0
P003714,착한가격업소,,식당,산들에농원,경기도 양평군 양서면 목왕로 5,37.5423940238304,127.323899765759,031-774-9623,돼지갈비(270g),18000원,참게메기매운탕(소:2인),35000원,가성비 돼지갈비(270g),18000,35000.0
P003715,착한가격업소,,식당,왕창아구찜 용문점,경기도 양평군 용문면 다문북길 85번길 2,37.4874572137622,127.592619485486,031-775-7737,순살아구찜 도시락,12000원,동태알탕,9000원,가성비 순살아구찜 도시락,12000,9000.0
P003716,착한가격업소,,식당,왕창아구찜 양평점,경기도 양평군 양평읍 마유산로 30-2,37.4962825875271,127.488443823701,031-773-2597,순살아구찜 도시락,12000원,동태알탕,9000원,가성비 순살아구찜 도시락,12000,9000.0
P003717,착한가격업소,,식당,송림막창전골,경기도 양평군 양평읍 삼산길3,37.4996112394647,127.519713498738,031-775-1577,뼈해장국,11000원,,,가성비 뼈해장국,11000,
P003718,착한가격업소,,미용,수헤어샵,경기도 양평군 양서면 양수로150번길 3-7,37.5449063335902,127.31974408273,031-773-9216,컷트,20000원,펌,60000원,가성비 컷트,20000,60000.0
P003719,착한가격업소,,식당,구이네,경기도 양평군 양서면 양수로 150번길 11,37.5451264841338,127.320062881852,031-775-3125,생선모듬정식,18000원,생선백반,8000원,가성비 생선모듬정식,18000,8000.0
P003720,착한가격업소,,카페,헬로슈슈,경기도 양평군 지평면 지평의병로 116,37.4746650356498,127.638653941873,031-773-8986,아이스아메리카노,2500원,,,가성비 아이스아메리카노,2500,
P003721,착한가격업소,,식당,양평교자칼국수,"경기도 양평군 양평읍 마유산로 126-1, 1층",37.5029117161504,127.495121942489,031-773-3659,칼국수,8000원,,,가성비 칼국수,8000,
P003722,착한가격업소,,카페,스마일,"경기도 양평군 지평면 지평의병로6, 105호",37.4792841876924,127.628501654368,,아메리카노,2500원,,,가성비 아메리카노,2500,
P003723,착한가격업소,,카페,레굴루스,"경기도 양평군 양평읍 중앙로 167번길 31-2, 103호",37.4942864899487,127.507956214639,031-886-3887,소금빵,2500원,아메리카노,2600원,가성비 소금빵,2500,2600.0
P003724,착한가격업소,,식당,보광정,경기도 양평군 옥천면 용천로 149번길 27,37.5377995381257,127.488203426606,031-882-3392,토종닭볶음탕,60000원,토종닭백숙,65000원,가성비 토종닭볶음탕,60000,65000.0
P003725,착한가격업소,,미용,윤헤어,"경기도 양평군 양평읍 양근로 182, 1층",37.4900819644866,127.489629049406,031-881-1999,컷트,12000원,염색,40000원,가성비 컷트,12000,40000.0
P003726,착한가격업소,,식당,향원,경기도 여주시 여흥로 142,37.2953330811204,127.638974695358,031-886-3887,짜장면,6000원,,,가성비 짜장면,6000,
P003727,착한가격업소,,식당,착한갈비돈내코,경기도 여주시 세종로 79번길 17-3 (홍문동),37.2906630194397,127.636728893939,031-882-3392,돼지갈비,9000원,,,가성비 돼지갈비,9000,
P003728,착한가격업소,,식당,농민족발,경기도 여주시 세종로113번길 11-12,37.288740402811,127.635843003608,031-881-1999,족발/보쌈1인,16900원,족발/보쌈 중,24900원,가성비 족발/보쌈1인,16900,24900.0
P003729,착한가격업소,,식당,맛나분식,경기도 여주시 세종로113번길 11-12,37.288740402811,127.635843003608,031-885-5396,칼국수,7000원,찐만두,7000원,가성비 칼국수,7000,7000.0
P003730,착한가격업소,,식당,안면도대구뽈찜,경기도 여주시 청심로132번길 3,37.2981075089057,127.635007049339,031-885-9193,아구찜·뽈찜 小,30000원,아구찜·뽈찜 中 ,40000원,가성비 아구찜·뽈찜 小,30000,40000.0
P003731,착한가격업소,,식당,여주강변막국수,경기도 여주시 강변로 132,37.2975994942255,127.640045239586,031-886-1479,쭈꾸미정식1人,11000원,꼬막정식1人 ,11000원,가성비 쭈꾸미정식1人,11000,11000.0
P003732,착한가격업소,,식당,대성식당,경기도 여주시 세종로79번길 21-5,37.290478966394,127.637460595487,031-886-2228,삼겹살,14000원,목등심,14000원,가성비 삼겹살,14000,14000.0
P003733,착한가격업소,,식당,엄마손칼국수,경기도 여주시 웅골로 168,37.26629953982,127.628269068376,031-882-8553,칼국수,7000원,칼만두,8000원,가성비 칼국수,7000,8000.0
P003734,착한가격업소,,식당,옥천함흥냉면 여주면옥,경기도 여주시 세종로 300,37.2714856026235,127.637567629288,031-882-8250,칼국수,7000원,,,가성비 칼국수,7000,
P003735,착한가격업소,,식당,먼동이틀때,경기도 여주시 강천면 강문로 258 2층,37.2867150414736,127.683977969377,031-886-1447,백반,8000원,돈까스,9000원,가성비 백반,8000,9000.0
P003736,착한가격업소,,미용,비녀헤어샵,경기도 여주시 흥천면 군위실길 125-6,37.3354178470107,127.523517250758,,커트,10000원,염색,20000원,가성비 커트,10000,20000.0
P003737,착한가격업소,,식당,불타는 오리&닭,경기도 여주시 강변로 136 (상동) 1층,37.2974253142553,127.640480575154,0507-1317-9626,닭갈비,10000원,매운닭갈비,10000원,가성비 닭갈비,10000,10000.0
P003738,착한가격업소,,식당,팔삼정육식당,경기도 여주시 도예로 83-15,37.3106060662498,127.642344887115,031-882-8392,삼겹살,12800원,,,가성비 삼겹살,12800,
P003739,착한가격업소,,식당,팔삼정육식당 대신점,경기도 여주시 대신면 여양로 1445-4,37.3744319650759,127.587921245205,031-881-6789,삼겹살,10800원,,,가성비 삼겹살,10800,
P003740,착한가격업소,,미용,슈브헤어,경기도 여주시 여양로 231 (천송동) 103호,37.3030225486105,127.648242117673,0507-1303-0396,여성커트,17000원,남성커트,15000원,가성비 여성커트,17000,15000.0
P003741,착한가격업소,,식당,국민포차,"경기도 여주시 현암3길, 1층",37.3078831811244,127.641747461139,,곱창전골(소),25000원,,,가성비 곱창전골(소),25000,
P003742,착한가격업소,,식당,여주휴게소(강릉방향)-한식코너,경기도 여주시 가남읍 여주남로 722,37.2377222002659,127.568314638079,031-882-3120,실속참치김치찌개,7000원,실속똑순이된장찌개,7000원,가성비 실속참치김치찌개,7000,7000.0
P003743,착한가격업소,,식당,돈까스타운,경기도 여주시 세종로 276,37.2735955058405,127.637405701588,031-881-2011,등심돈까스,10900원,,,가성비 등심돈까스,10900,
P003744,착한가격업소,,카페,당우리 꽈배기커피점,경기도 여주시 북내면 여양2로 269,37.3271623841256,127.680353158097,,아메리카노,2000원,카페라떼,3000원,가성비 아메리카노,2000,3000.0
P003745,착한가격업소,,미용,블루헤어,경기도 여주시 여흥로11번길 50-1,37.2981610798467,127.631478122158,031-885-6012,남성커트,11000원,,,가성비 남성커트,11000,
P003746,착한가격업소,,식당,향미식당,경기도 동두천시 생연로 104 (생연동),37.9017809836039,127.050732648208,031-867-6579,삼겹살,15000원,,,가성비 삼겹살,15000,
P003747,착한가격업소,,식당,충남칼국수,경기도 동두천시 정장로 17 (생연동),37.9046642738071,127.052785430281,031-867-8863,칼국수,8000원,수제비,8000원,가성비 칼국수,8000,8000.0
P003748,착한가격업소,,식당,어수정국수집,"경기도 동두천시 생연로 31, 1층 (지행동)",37.8955878929446,127.048585073916,031-866-6005,잔치국수,5000원,비빔국수,6000원,가성비 잔치국수,5000,6000.0
P003749,착한가격업소,,식당,태화관,경기도 동두천시 생연로 171 (생연동),37.9078051844941,127.052493617682,031-865-2353,짜장면,4000원,짬뽕,6000원,가성비 짜장면,4000,6000.0
P003750,착한가격업소,,식당,소요산명품한우축산물판매장,경기도 동두천시 평화로2910번길 1 (상봉암동),37.946534596343,127.061850686727,031-866-8820,제육정식,13000원,,,가성비 제육정식,13000,
P003751,착한가격업소,,식당,통큰부대찌개,경기도 동두천시 생연로 39-60 (지행동),37.8964139535641,127.047965533188,031-868-4270,부대찌개,9000원,부대볶음,10000원,가성비 부대찌개,9000,10000.0
P003752,착한가격업소,,식당,거북이삼겹살,"경기도 동두천시 생연로 175, 1층 (생연동)",37.9081378355425,127.052644521638,031-864-3229,돼지갈비(300g),19000원,,,가성비 돼지갈비(300g),19000,
P003753,착한가격업소,,식당,원터식당,경기도 동두천시 생연로 173-1 (생연동),37.9079772210528,127.052591417797,031-867-6456,부대찌개,9000원,부대볶음,10000원,가성비 부대찌개,9000,10000.0
P003754,착한가격업소,,식당,털보네,경기도 동두천시 중앙로 432 (생연동),37.9138220658648,127.064583730389,,부대찌개,9000원,만두전골,10000원,가성비 부대찌개,9000,10000.0
P003755,착한가격업소,,식당,형제불고기,경기도 동두천시 정장로 12-18 (생연동),37.9039768924583,127.051682455502,031-865-2021,돼지불고기,14000원,한우등심(200g),34000원,가성비 돼지불고기,14000,34000.0
P003756,착한가격업소,,식당,못골장원순두부,경기도 동두천시 장고갯로 150 (생연동),37.908219698881,127.065782128525,031-862-4565,순두부,8000원,두부전골,9000원,가성비 순두부,8000,9000.0
P003757,착한가격업소,,식당,이성근김밥,경기도 동두천시 중앙로 389 (보산동),37.9132496952737,127.060167055618,031-864-0987,김밥,3500원,떡볶이,4500원,가성비 김밥,3500,4500.0
P003758,착한가격업소,,식당,가보자칼수만,경기도 동두천시 생연로9번길 25-16,37.8929127441985,127.047631860948,031-862-8971,칼국수,7000원,수제비,7500원,가성비 칼국수,7000,7500.0
P003759,착한가격업소,,식당,서울칼국수,"경기도 동두천시 중앙로 349, 1층",37.9125590116746,127.055630955791,031-868-2268,칼국수,7000원,수제비,8000원,가성비 칼국수,7000,8000.0
P003760,착한가격업소,,식당,우리칼국수,경기도 동두천시 중앙로298번길 6-9 (생연동),37.9075092996792,127.055281246452,031-865-3918,바지락칼국수,8000원,제육덮밥,10000원,가성비 바지락칼국수,8000,10000.0
P003761,착한가격업소,,식당,시장바지락칼국수,경기도 동두천시 큰시장로 59-5 (생연동),37.8999302754945,127.050703976406,031-862-1555,칼국수,8000원,칼만두,9000원,가성비 칼국수,8000,9000.0
P003762,착한가격업소,,식당,성연김밥,경기도 동두천시 동광로 150 (보산동) 1층,37.913432435975,127.060461055793,031-859-0987,라면,4000원,쫄면,7000원,가성비 라면,4000,7000.0
P003763,착한가격업소,,식당,소요산순대국추어탕,경기도 동두천시 평화로 2914-8 (상봉암동) 1층,37.9465498331164,127.062001104207,031-866-1666,순대국,9000원,순대찜,8000원,가성비 순대국,9000,8000.0
P003764,착한가격업소,,식당,보해보쌈족발,경기도 동두천시 평화로 2394-2 (생연동) 1층,37.9014542035761,127.058150853959,031-862-4501,족발(단품),19900원,냉면+새싹인삼,8000원,가성비 족발(단품),19900,8000.0
P003765,착한가격업소,,식당,눈보라식당,경기도 동두천시 생연로 105 (생연동),37.9020685959023,127.05045131931,031-863-8573,칼국수,8000원,제육볶음(2인),17000원,가성비 칼국수,8000,17000.0
P003766,착한가격업소,,식당,지행스낵,경기도 동두천시 행선로 39 (지행동),37.8919981612168,127.060633833581,,컵떡볶이,1500원,떡볶이,3000원,가성비 컵떡볶이,1500,3000.0
P003767,착한가격업소,,식당,복이네,경기도 동두천시 평화로 2397번길 7 (생연동),37.9016440156212,127.057451512187,031-859-8588,냉삼겹,13000원,베이컨,14000원,가성비 냉삼겹,13000,14000.0
P003768,착한가격업소,,식당,할매우동,경기도 동두천시 중앙로 274번길 12,37.9058018610454,127.054832073958,031-863-6869,우동,6000원,쫄면,7000원,가성비 우동,6000,7000.0
P003769,착한가격업소,,식당,깡통소금구이,경기도 동두천시 평화로 2313번길 8-12,37.8948624257431,127.057259674299,031-866-0348,삼겹살,15000원,목살,15000원,가성비 삼겹살,15000,15000.0
P003770,착한가격업소,,식당,이조참숯갈비,경기도 가평군 청평면 잠곡로 33-1,37.737325089844,127.422493717622,031-584-3939,갈비탕,10000원,육개장,10000원,가성비 갈비탕,10000,10000.0
P003771,착한가격업소,,식당,이조식당,경기도 가평군 북면 가화로 1008,37.8854815134551,127.549359175857,031-582-9789,된장찌개,8000원,두부전골,8000원,가성비 된장찌개,8000,8000.0
P003772,착한가격업소,,식당,복돼지 한판,"경기도 가평군 조종면 현창로 28-8, 1층",37.8173580322763,127.349652981461,031-584-0371,삼겹살(200g),8900원,,,가성비 삼겹살(200g),8900,
P003773,착한가격업소,,식당,가평토속메밀전,"경기도 가평군 가평읍 장터2길 12, 117호",37.8297171475946,127.515207941912,031-582-1088,잔치국수,6000원,도토리묵사발,7000원,가성비 잔치국수,6000,7000.0
P003774,착한가격업소,,식당,왕가네의정부부대찌개,경기도 가평군 설악면 신천중앙로35번길 55,37.6771502810518,127.488305613421,031-585-2177,부대찌개,10000원,머리고기,10000원,가성비 부대찌개,10000,10000.0
P003775,착한가격업소,,식당,차이나리,경기도 가평군 청평면 강변로 47 B동,37.7340516006499,127.417593398392,031-584-6778,탕수육,12900원,짜장면,6000원,가성비 탕수육,12900,6000.0
P003776,착한가격업소,,식당,도니우니 정육식당,경기도 가평군 청평면 경춘로 716,37.732159280633,127.410262081212,031-584-5720,돼지한마리(1kg),59000원,삼겹살(200g),14000원,가성비 돼지한마리(1kg),59000,14000.0
P003777,착한가격업소,,식당,99골해수순두부,경기도 가평군 청평면 시장중앙로 12,37.7351945455186,127.415712309228,0507-1374-1107,순두부(뚝배기),9000원,두부전골,10000원,가성비 순두부(뚝배기),9000,10000.0
P003778,착한가격업소,,식당,여흥닭갈비,경기도 가평군 가평읍 가화로 55-18,37.8249778378352,127.514665005809,031-582-3751,닭갈비,13000원,닭내장,13000원,가성비 닭갈비,13000,13000.0
P003779,착한가격업소,,미용,허밍헤어,경기도 가평군 청평면 잠곡로 18-1,37.7369167042374,127.420800223649,0507-1355-1305,커트,10000원,펌,30000원,가성비 커트,10000,30000.0
P003780,착한가격업소,,기타,BBMC헬스클럽,"경기도 가평군 가평읍 석봉로 209, 3층",37.8338172028953,127.509276860842,031-581-5694,이용료(1개월),66000원,이용료(3개월),165000원,가성비 이용료(1개월),66000,165000.0
P003781,착한가격업소,,식당,추억의 분식,"경기도 가평군 가평읍 장터2길 12, 103호",37.8297171475946,127.515207941912,,떡볶이,3000원,순대,4000원,가성비 떡볶이,3000,4000.0
P003782,착한가격업소,,식당,구이구이,경기도 가평군 가평읍 가화로 55-9 .,37.8246536640829,127.515080168551,031-8078-7788,고등어구이,10000원,,,가성비 고등어구이,10000,
P003783,착한가격업소,,식당,송현이네바지락칼국수,경기도 가평군 조종면 운악청계로 37 .,37.8254936739667,127.345395390716,,바지락+버섯칼국수,8000원,,,가성비 바지락+버섯칼국수,8000,
P003784,착한가격업소,,식당,시장통닭,경기도 가평군 청평면 시장중앙로 7 .,37.7354675619108,127.416241586865,031-584-2868,후라이드치킨,11000원,닭강정,13000원,가성비 후라이드치킨,11000,13000.0
P003785,착한가격업소,,식당,신흥식당,경기도 가평군 가평읍 향교로 3 .,37.8294416207643,127.510432090391,031-5175-9986,두루치기(2인분),20000원,가자미조림,12000원,가성비 두루치기(2인분),20000,12000.0
P003786,착한가격업소,,식당,우정잔치국수,경기도 가평군 가평읍 보납로 17 .,37.8310566404489,127.512386432982,031-581-2532,잔치국수,7000원,콩국수(여름만),9000원,가성비 잔치국수,7000,9000.0
P003787,착한가격업소,,식당,이모네추어탕,경기도 가평군 가평읍 가평천길 9-16 .,37.8257389809001,127.516717524927,031-581-4457,통추어탕,11000원,갈추어탕,10000원,가성비 통추어탕,11000,10000.0
P003788,착한가격업소,,식당,횃불식당,경기도 가평군 가평읍 용추로171번길 16 .,37.8427601194014,127.487966966456,031-581-8933,두루치기,13000원,된장찌개,9000원,가성비 두루치기,13000,9000.0
P003789,착한가격업소,,식당,돈까스가게,경기도 가평군 가평읍 석봉로 141,37.8277156721324,127.511284823576,031-581-8988,지효돈가스,9000원,생선콤보,8000원,가성비 지효돈가스,9000,8000.0
P003790,착한가격업소,,식당,청평K(숯불닭갈비·막국수),경기도 가평군 조종면 조종희망로 3,37.8184667188994,127.349054342406,031-584-0526,숯불닭갈비(300g),14000원,,,가성비 숯불닭갈비(300g),14000,
P003791,착한가격업소,,식당,달기춘천닭갈비,경기도 가평군 가평읍 가화로 54 1층,37.8247295061865,127.515825340417,031-581-5663,닭갈비(250g),13000원,막국수,8000원,가성비 닭갈비(250g),13000,8000.0
P003792,착한가격업소,,식당,피자랑쥬,경기도 가평군 청평면 청평중앙로 14,37.736106652882,127.4165881153,031-585-3354,불고기피자(L),10000원,콤비네이션피자(L),10000원,가성비 불고기피자(L),10000,10000.0
P003793,착한가격업소,,식당,승리 손칼국수,"경기도 가평군 가평읍 석봉로 193, B동",37.8323942177647,127.509596387936,031-581-7775,바지락칼국수,8000원,들깨칼국수,8000원,가성비 바지락칼국수,8000,8000.0
P003794,착한가격업소,,카페,키지(Kiji),"경기도 가평군 가평읍 석봉로 165, 1층",37.8298971291441,127.510642303148,0507-1379-8550,아메리카노,2400원,단팥빵,1900원,가성비 아메리카노,2400,1900.0
P003795,착한가격업소,,식당,잣고을곰탕,경기도 가평군 가평읍 향교로 8,37.8296005469878,127.509891476107,031-581-2966,곰탕,10000원,,,가성비 곰탕,10000,
P003796,착한가격업소,,식당,황태마을,경기도 과천시 별양상가2로 14 (제일쇼핑 지하),37.4273279433209,126.992998163923,02-3678-8989,백반,9000원,,,가성비 백반,9000,
P003797,착한가격업소,,식당,새서울손두부,경기도 과천시 별양상가2로 20 (새서울프라자 지하),37.4268274913199,126.992556121876,02-503-1740,김치찌개,7000원,돌솥비빔밥,8000원,가성비 김치찌개,7000,8000.0
P003798,착한가격업소,,식당,황가네분식,경기도 과천시 별양상가2로 20 (새서울프라자 지하),37.4268274913199,126.992556121876,02-507-1331,김치찌개,7000원,등심돈까스,7500원,가성비 김치찌개,7000,7500.0
P003799,착한가격업소,,식당,인성참치,경기도 과천시 별양상가1로 10 (과천타워 2층),37.4269581922525,126.99199482597,02-503-0235,참치초밥,8000원,알밥,5000원,가성비 참치초밥,8000,5000.0
P003800,착한가격업소,,미용,소정미용실,경기도 과천시 관문로 166,37.4348796052282,126.996356247884,02-503-8067,커트,15000원,파마,40000원,가성비 커트,15000,40000.0
P003801,착한가격업소,,식당,곰식당,경기도 과천시 별양상가2로 20 (새서울프라자 지하),37.4268274913199,126.992556121876,02-504-5922,김치찌개,6000원,된장찌개,6000원,가성비 김치찌개,6000,6000.0
P003802,착한가격업소,,식당,무교동낙지,경기도 과천시 별양상가2로 20 (새서울프라자 5층),37.4268274913199,126.992556121876,02-507-1183,낙지칼국수,8000원,,,가성비 낙지칼국수,8000,
P003803,착한가격업소,,식당,고릴라,경기도 과천시 새술막길38 (중앙빌딩 1층),37.4289911195351,126.991456585805,02-504-1251,된장찌개+비빔밥,11000원,김치찌개+비빔밥,11000원,가성비 된장찌개+비빔밥,11000,11000.0
P003804,착한가격업소,,미용,22번가 미용실,경기도 과천시 관문로 130 1단지상가 2층 221-2호,37.4330063337735,126.993038536951,02-502-7775,드라이,20000원,파마,50000원,가성비 드라이,20000,50000.0
P003805,착한가격업소,,미용,부림이발관,"경기도 과천시 별양상가1로 31, 제일상가 409호 (별양동)",37.4287011948486,126.993192026607,02-504-7571,커트+세발,13000원,커트,14000원,가성비 커트+세발,13000,14000.0
P003806,착한가격업소,,식당,김치집,경기도 과천시 새술막길38 (중앙빌딩 지하),37.4289911195351,126.991456585805,02-507-0016,생삼겹살,15000원,,,가성비 생삼겹살,15000,
P003807,착한가격업소,,미용,정희머리터,경기도 과천시 원문동 4 삼성래미안슈르 B상가 1084호,37.4209876319688,126.992510607937,02-503-1084,커트,20000원,펌,60000원,가성비 커트,20000,60000.0
P003808,착한가격업소,,식당,메종카소,경기도 과천시 관문로 92 (중앙동) A동 216호,37.4297945568098,126.990295584667,02-6407-1203,토마토카프파치오,6900원,고르곤화덕피자,14900원,가성비 토마토카프파치오,6900,14900.0
P003809,착한가격업소,,식당,바른국수둥이네,경기도 과천시 별양상가로 7 (별양동) 지하 14호,37.4280080285409,126.992955280695,02-3679-1253,멸치국수,4500원,비빔국수,5500원,가성비 멸치국수,4500,5500.0
P003810,착한가격업소,,식당,만나떡볶이,경기도 과천시 별양상가2로 35 (별양동) 1층 118호,37.4254032971493,126.991857724067,02-3679-0118,컵 떡볶이,2000원,튀김,1000원,가성비 컵 떡볶이,2000,1000.0
P003811,착한가격업소,,식당,과천콩국수,"경기도 과천시 별양로 28, B동 4045호 (원문동, 래미안슈르)",37.4211854985339,126.991242601845,02-504-3071,콩국수,8500원,칼국수,8000원,가성비 콩국수,8500,8000.0
P003812,착한가격업소,,식당,닭싸움,"경기도 과천시 별양상가로 7, 203호 (별양동, 벽산상가)",37.4280080285409,126.992955280695,02-2135-2244,점심특선 순살 닭한마리,10000원,닭갈비,11000원,가성비 점심특선 순살 닭한마리,10000,11000.0
P003813,착한가격업소,,식당,면빨,경기도 과천시 중앙로 406 (과천동),37.4495243059509,126.99929366505,02-504-7799,면빨 멸치국수,7000원,비빔국수,8000원,가성비 면빨 멸치국수,7000,8000.0
P003814,착한가격업소,,미용,쎄븐미용실,"경기도 과천시 별양상가1로 37, 신라상가 2층 (별양동)",37.4284202004016,126.993787014527,02-502-5908,헤어컷,13000원,파마,35000원,가성비 헤어컷,13000,35000.0
P003815,착한가격업소,,미용,황실미용실,"경기도 과천시 별양로 58-1, 1층 (별양동)",37.4239815250069,126.993914817316,02-507-1832,헤어컷,10000원,파마,30000원,가성비 헤어컷,10000,30000.0
P003816,착한가격업소,,식당,도토리김밥,경기도 과천시 과천대로7길20 A동 B146호,37.4141598122611,126.979090684295,070-8873-1955,야채김밥,3900원,더블치즈김밥,4700원,가성비 야채김밥,3900,4700.0
P003817,착한가격업소,,식당,순희집,경기도 과천시 별양상가2로20 (새서울쇼핑지하 6호),37.4268274913199,126.992556121876,02-503-1684,부대찌개,7000원,김치찌개,7000원,가성비 부대찌개,7000,7000.0
P003818,착한가격업소,,기타,에스에스당구장,"경기도 과천시 새술막길38, 중앙빌딩 (5층, 501호)",37.4289911195351,126.991456585805,02-504-0014,대대 오전정액제,15000원,중대 오전정액제,10000원,가성비 대대 오전정액제,15000,10000.0
P003819,착한가격업소,,식당,연천온골한우,경기도 연천군 전곡읍 전곡로 213,38.0305901418384,127.065307212849,031-832-6353,등심(100g),13000원,차돌된장찌개,7000원,가성비 등심(100g),13000,7000.0
P003820,착한가격업소,,식당,희망분식,경기도 연천군 전곡읍 전곡로 164번길11-21,38.0272867545726,127.068260888936,031-832-5304,된장찌개,7000원,순두부찌개,7000원,가성비 된장찌개,7000,7000.0
P003821,착한가격업소,,식당,혜림분식,경기도 연천군 전곡읍 전곡로164번길 11-5,38.0268788203096,127.068407890167,031-832-2247,김치찌개,7000원,만둣국,7000원,가성비 김치찌개,7000,7000.0
P003822,착한가격업소,,식당,오작교분식,경기도 연천군 전곡읍 전곡로164번길 11-18,38.0272453835022,127.068447866558,031-832-0424,김치찌개,6000원,된장찌개,6000원,가성비 김치찌개,6000,6000.0
P003823,착한가격업소,,식당,두꺼비식당,경기도 연천군 전곡읍 전곡로 164번길11-15,38.0271072580961,127.068316303173,031-832-7716,김치찌개,6000원,된장찌개,6000원,가성비 김치찌개,6000,6000.0
P003824,착한가격업소,,식당,부산식당,경기도 연천군 신서면 도대로3번길40,38.1853175402545,127.106895955233,031-834-8150,된장찌개,6000원,김치찌개,8000원,가성비 된장찌개,6000,8000.0
P003825,착한가격업소,,식당,한여울통나무랜드,경기도 연천군 전곡읍 평화로427,38.0101595363386,127.064711768899,031-832-7676,삼겹살(200g),12000원,,,가성비 삼겹살(200g),12000,
P003826,착한가격업소,,식당,5리정육점식당,경기도 연천군 전곡읍 전곡역로 104-2,38.0241099506543,127.073573434301,031-834-7151,삼겹살(200g),12000원,항정살(200g),16000원,가성비 삼겹살(200g),12000,16000.0
P003827,착한가격업소,,식당,바우네국수,경기도 연천군 전곡읍 전곡로172번길 5,38.0275474642416,127.067981061255,031-834-0400,잔치국수,5000원,녹두전,8000원,가성비 잔치국수,5000,8000.0
P003828,착한가격업소,,식당,홍가네떡집,경기도 연천군 전곡읍 전곡로164번길 11-17,38.027187539286,127.068301229664,031-833-1253,백설기(한말),60000원,영양떡(한말),140000원,가성비 백설기(한말),60000,140000.0
P003829,착한가격업소,,식당,개미분식,경기도 연천군 전곡읍 은전로 82 개미분식,38.0283383558386,127.068653784072,031-835-1207,돌솥비빔밥,7000원,만둣국,6000원,가성비 돌솥비빔밥,7000,6000.0
P003830,착한가격업소,,식당,길손식당,경기도 연천군 전곡읍 전곡로106번길 26-2 길손식당,38.0226586577537,127.072252361142,031-833-0792,고등어구이,10000원,된장찌개,7000원,가성비 고등어구이,10000,7000.0
P003831,착한가격업소,,식당,김가네삼겹살,경기도 연천군 전곡읍 은전로91번길 46 김가네삼겹살,38.0306786909625,127.06911043151,,삼겹살(200g),13000원,항정살(200g),18000원,가성비 삼겹살(200g),13000,18000.0
P003832,착한가격업소,,식당,돈까스랑면이랑,경기도 연천군 연천읍 연천로 288-1 돈까스랑면이랑,38.1025045982122,127.075345624796,031-834-6655,왕돈까스,8000원,김밥,3000원,가성비 왕돈까스,8000,3000.0
P003833,착한가격업소,,식당,만가,경기도 연천군 연천읍 연천역로 7 만가,38.101615823729,127.075941443582,031-834-9900,보리밥,8000원,,,가성비 보리밥,8000,
P003834,착한가격업소,,식당,맛있는만두,경기도 연천군 전곡읍 전곡로144번길 10 맛있는만두,38.0251655354524,127.06947517392,031-832-1170,만둣국,8000원,,,가성비 만둣국,8000,
P003835,착한가격업소,,식당,미향분식,경기도 연천군 전곡읍 은전로78번길 10 미향분식,38.0279042659273,127.068386178317,031-832-4375,콩나물비빔밥,5500원,잔치국수,5000원,가성비 콩나물비빔밥,5500,5000.0
P003836,착한가격업소,,식당,복흥식당,경기도 연천군 군남면 군남로 420 복흥식당,38.0850253837047,127.019715731969,031-833-8340,백반,7000원,,,가성비 백반,7000,
P003837,착한가격업소,,식당,우두리식당,경기도 연천군 전곡읍 은전로77번길 23 우두리식당,38.0293174244718,127.067819822049,031-832-6768,된장찌개,5000원,청국장,5000원,가성비 된장찌개,5000,5000.0
P003838,착한가격업소,,식당,찬찬찬,경기도 연천군 전곡읍 전곡로 164번길 11-16,38.027183208891,127.068466373623,,보리밥,6000원,콩국수,6000원,가성비 보리밥,6000,6000.0
P003839,착한가격업소,,식당,소메담,"경기도 연천군 청산면 청신로 198, 1층",37.9876588052296,127.078501092573,031-833-3653,비빔메밀국수+소불고기 전골,13000원,동치미메밀국수+소불고기 전골,13000원,가성비 비빔메밀국수+소불고기 전골,13000,13000.0
P003840,착한가격업소,,식당,할마이시래국밥,경기도 연천군 연천읍 연천로260번길 9-3 1층,38.1003448637891,127.075304986129,031-834-9990,시래국밥,6000원,시래국밥정식,8000원,가성비 시래국밥,6000,8000.0
P003841,착한가격업소,,식당,정쉐프제빵소,경기도 연천군 전곡읍 전곡역로 53 정쉐프제빵소,38.0239287064219,127.068774265157,031-833-8829,소금빵,2800원,,,가성비 소금빵,2800,
P003842,착한가격업소,,식당,한끼분식,경기도 연천군 전곡읍 전곡로 187-1 한끼분식,38.0281979117195,127.06628107024,031-833-2299,김밥,3500원,김치볶음밥,7000원,가성비 김밥,3500,7000.0
P003843,서울시 가격안정 모범업소,,카페,네이밋,서울특별시 송파구 송이로 112. 1층,37.4963859795829,127.121687252004,0507-1365-0119,카페라떼,4000원,아메리카노,3500원,합리적인 가격의 카페라떼,4000,3500.0
P003844,서울시 가격안정 모범업소,,식당,포아잉트,서울특별시 송파구 오금로 485. 1층,37.4939943343576,127.143012725972,0507-1312-8699,소고기쌀국수,9000원,양지쌀국수,9000원,합리적인 가격의 소고기쌀국수,9000,9000.0
P003845,서울시 가격안정 모범업소,,식당,꿀순이떡볶이,"서울특별시 강동구 천호대로157길 49, 1층",37.539910854917,127.127622279193,02-478-3330,떡볶이,4000원,,,합리적인 가격의 떡볶이,4000,
P003846,서울시 가격안정 모범업소,,카페,마리커피1986,서울특별시 서대문구 세무서2길 16,37.5887709480331,126.946457601259,070-4833-1243,생과일주스,4000원,아메리카노,2500원,합리적인 가격의 생과일주스,4000,2500.0
P003847,서울시 가격안정 모범업소,,식당,막둥네국시,서울특별시 강남구 강남대로120길 28,37.5073845806985,127.025823165393,02-548-6215,알밥,8000원,비빔국수,7000원,합리적인 가격의 알밥,8000,7000.0
P003848,서울시 가격안정 모범업소,,식당,춘향고을,서울특별시 송파구 올림픽로32길 5,37.5155883840747,127.109035959676,02-3431-1433,물냉면,8500원,물냉면,8000원,합리적인 가격의 물냉면,8500,8000.0
P003849,서울시 가격안정 모범업소,,식당,원달러김밥,서울특별시 양천구 중앙로29길 4,37.5174423240038,126.853441036921,02-2698-0908,오므라이스,7000원,비빔밥,7000원,합리적인 가격의 오므라이스,7000,7000.0
P003850,서울시 가격안정 모범업소,,식당,강남식당(강남식당짜장전문),서울특별시 양천구 곰달래로13길 4,37.5303544627634,126.837513587774,02-2604-2346,우동,5000원,짜장면,4000원,합리적인 가격의 우동,5000,4000.0
P003851,서울시 가격안정 모범업소,,식당,미스터왕,"서울특별시 중랑구 신내로 225, 디아뜨갤러리 113호",37.6169671050345,127.091360778797,02-3423-3318,자장면,5000원,,,합리적인 가격의 자장면,5000,
P003852,서울시 가격안정 모범업소,,식당,부부식당,서울특별시 강동구 풍성로56길 7,37.5287996881642,127.135181447858,02-476-3838,떡만두국,7000원,,,합리적인 가격의 떡만두국,7000,
P003853,서울시 가격안정 모범업소,,식당,둔촌칼국수,"서울특별시 강동구 풍성로56길 9, 1층",37.5286746059185,127.135123071863,02-477-4481,보리밥(반찬포함),6000원,,,합리적인 가격의 보리밥(반찬포함),6000,
P003854,서울시 가격안정 모범업소,,식당,옛날손만두,서울특별시 강동구 진황도로 152,37.5324959302494,127.141282668081,02-475-5322,떡만두국,7000원,,,합리적인 가격의 떡만두국,7000,
P003855,서울시 가격안정 모범업소,,카페,카페 이젤,서울특별시 동대문구 안암로 104 (제기동),37.5847679020217,127.031637562759,0507-1412-0371,버터바,4200원,아메리카노,3500원,합리적인 가격의 버터바,4200,3500.0
P003856,서울시 가격안정 모범업소,,카페,그레이덕,"서울특별시 성동구 동일로 41, 1층",37.5369328649047,127.060577576886,070-4010-1018,아메리카노,2000원,,,합리적인 가격의 아메리카노,2000,
P003857,서울시 가격안정 모범업소,,식당,도깨비칼국수,서울특별시 강북구 도봉로 183,37.6250753570745,127.026323056705,982-3369,수제비,6000원,비빔냉면,6000원,합리적인 가격의 수제비,6000,6000.0
P003858,서울시 가격안정 모범업소,,식당,하늘정원 수제왕돈까스,"서울특별시 서대문구 거북골로 53-6, 1층(남가좌동)",37.5781985881132,126.922557617035,02-302-8771,수제돈까스,8500원,매운돈까스,9000원,합리적인 가격의 수제돈까스,8500,9000.0
P003859,서울시 가격안정 모범업소,,식당,해나루초밥,서울특별시 동대문구 경희대로 3-1 (회기동),37.5919932518172,127.052144181811,02-966-8100,모둠초밥,11000원,가츠오우동,7000원,합리적인 가격의 모둠초밥,11000,7000.0
P003860,서울시 가격안정 모범업소,,식당,포케박스 해방촌점,서울특별시 용산구 소월로20길 28-1,37.545278391182,126.985214438332,0507-1362-8107,다이어트박스,6900원,,,합리적인 가격의 다이어트박스,6900,
P003861,서울시 가격안정 모범업소,,식당,잠실팥죽,서울특별시 송파구 마천로 196,37.5020985821279,127.140407371954,02-449-5777,콩국수,9000원,,,합리적인 가격의 콩국수,9000,
P003862,서울시 가격안정 모범업소,,식당,돌담아구식당,서울특별시 송파구 거마로3길 10,37.4943616363247,127.14378656132,02-431-0825,제육볶음,8000원,백반,6500원,합리적인 가격의 제육볶음,8000,6500.0
P003863,서울시 가격안정 모범업소,,식당,마실 칼국수랑 비빔밥,서울특별시 송파구 오금로44길 9-1,37.4964904727956,127.135530404387,02-400-3991,칼국수,7000원,비빔밥,7500원,합리적인 가격의 칼국수,7000,7500.0
P003864,서울시 가격안정 모범업소,,식당,대륙,서울특별시 종로구 종로 125,37.5706792079197,126.991544115529,02-766-8411,짬뽕,8000원,짜장면,7000원,합리적인 가격의 짬뽕,8000,7000.0
P003865,서울시 가격안정 모범업소,,식당,뽀말,서울특별시 은평구 진관3로 77 은평뉴타운 919동 상가 109호,37.6447082905283,126.920876918142,02-352-4712,떡볶이,3000원,,,합리적인 가격의 떡볶이,3000,
P003866,서울시 가격안정 모범업소,,세탁&목욕,더샵명품세탁,서울특별시 동작구 장승배기로4길 9 비동 101호,37.5014493001475,126.943814183056,02-822-3461,바지,4000원,,,합리적인 가격의 바지,4000,
P003867,서울시 가격안정 모범업소,,식당,정다운식당,서울특별시 동작구 상도로30길 22,37.5046242285483,126.942063104478,02-824-2249,백반,8000원,삼겹살,16000원,합리적인 가격의 백반,8000,16000.0
P003868,서울시 가격안정 모범업소,,식당,가성비,서울특별시 동작구 신대방2길 2-9,37.4878273617104,126.913061206175,02-844-9793,육회,17000원,,,합리적인 가격의 육회,17000,
P003869,서울시 가격안정 모범업소,,식당,부돈산,서울특별시 동작구 상도로 111,37.5010294231047,126.932444199695,02-3280-1124,삼겹살,9000원,,,합리적인 가격의 삼겹살,9000,
P003870,서울시 가격안정 모범업소,,식당,PHO358 (pho358),서울특별시 은평구 은평로 91,37.5997087395164,126.917822037883,02-386-4042,소고기 쌀국수(S),7000원,소고기 쌀국수(L),8000원,합리적인 가격의 소고기 쌀국수(S),7000,8000.0
P003871,서울시 가격안정 모범업소,,식당,벌소,서울특별시 관악구 솔밭로 11-1. 1층,37.4786684549832,126.962878372661,02-877-7026,안심돈가스덮밥,12000원,등심돈가스덮밥,10000원,합리적인 가격의 안심돈가스덮밥,12000,10000.0
P003872,서울시 가격안정 모범업소,,식당,이송닭한마리,"서울특별시 동대문구 회기로19길 11, 지1층 (회기동)",37.5921544283051,127.05277701741,0507-1370-8465,닭칼국수,9000원,,,합리적인 가격의 닭칼국수,9000,
P003873,서울시 가격안정 모범업소,,식당,또이바엠,"서울특별시 금천구 가산디지털1로 119, A101-1호",37.4760631854134,126.882925390269,070-8864-0302,쌀국수,8900원,,,합리적인 가격의 쌀국수,8900,
P003874,서울시 가격안정 모범업소,,식당,중국반찬(원조순대),서울특별시 구로구 우마3길 10,37.4814616722212,126.888899397206,,된장찌개,6000원,냉면,6000원,합리적인 가격의 된장찌개,6000,6000.0
P003875,서울시 가격안정 모범업소,,식당,진미반찬(진미식당),서울특별시 구로구 우마3길 10,37.4814616722212,126.888899397206,,선지해장국,7000원,냉면,8000원,합리적인 가격의 선지해장국,7000,8000.0
P003876,서울시 가격안정 모범업소,,식당,가리봉시장반찬(사계절면식점),서울특별시 구로구 우마3길 10,37.4814616722212,126.888899397206,,순두부찌개,5000원,된장찌개,6000원,합리적인 가격의 순두부찌개,5000,6000.0
P003877,서울시 가격안정 모범업소,,식당,고향반찬(고향식당),서울특별시 구로구 우마3길 18,37.4815273926717,126.889226613576,,머리고기,8000원,삼겹살,14000원,합리적인 가격의 머리고기,8000,14000.0
P003878,서울시 가격안정 모범업소,,식당,아이엠요거트,서울특별시 구로구 구로중앙로19나길 7,37.4941967529282,126.888580305831,,연유자몽세트(195~200g),9000원,"그래놀라꿀세트(195~200g,1인)",9000원,합리적인 가격의 연유자몽세트(195~200g),9000,9000.0
P003879,서울시 가격안정 모범업소,,식당,조선설렁탕,서울특별시 서대문구 통일로 476 1층 17호,37.5907403245127,126.942411843633,02-394-3334,설농탕,7000원,소머리국밥,7000원,합리적인 가격의 설농탕,7000,7000.0
P003880,서울시 가격안정 모범업소,,식당,할매순대국,서울특별시 동대문구 망우로 76 (휘경동),37.5897492517301,127.061653878029,02-2247-1213,순대국,9000원,콩나물국밥,8000원,합리적인 가격의 순대국,9000,8000.0
P003881,서울시 가격안정 모범업소,,식당,신촌설렁탕,서울특별시 동대문구 경희대로 20,37.5933617852346,127.052916011546,02-966-2002,갈비탕,11000원,설렁탕,9000원,합리적인 가격의 갈비탕,11000,9000.0
P003882,서울시 가격안정 모범업소,,카페,톤톤카페,"서울특별시 동대문구 답십리로63길 11, 1층 (장안동)",37.5732473399371,127.06795503536,02-2212-3001,아인슈페너,4800원,에그타르트,2800원,합리적인 가격의 아인슈페너,4800,2800.0
P003883,서울시 가격안정 모범업소,,식당,순흥골,서울특별시 영등포구 대방천로 175,37.4993272749494,126.910530523644,02-848-1888,냉면,6000원,갈비탕,11000원,합리적인 가격의 냉면,6000,11000.0
P003884,서울시 가격안정 모범업소,,세탁&목욕,제일사세탁소,서울특별시 영등포구 도림로87길 5-1,37.5029371957183,126.903046856781,02-849-4863,수선(기장),4000원,양복세탁,8000원,합리적인 가격의 수선(기장),4000,8000.0
P003885,서울시 가격안정 모범업소,,식당,서양밥집,"서울특별시 영등포구 의사당대로 26, 1층",37.526537141271,126.918106683928,02-784-2021,토마토스파게티,16000원,,,합리적인 가격의 토마토스파게티,16000,
P003886,서울시 가격안정 모범업소,,식당,남경,서울특별시 영등포구 영중로29길 2,37.5251551200088,126.905136990067,02-2632-4596,짜장면,6500원,짬뽕,7500원,합리적인 가격의 짜장면,6500,7500.0
P003887,서울시 가격안정 모범업소,,카페,스트리트 팬케이크,서울특별시 강남구 (일원동)일원로 28 1층,37.4911916235976,127.08033451349,02-3412-1075,팬케이크2장,3900원,아메리카노,2500원,합리적인 가격의 팬케이크2장,3900,2500.0
P003888,서울시 가격안정 모범업소,,식당,오디오시요거트,"서울특별시 성동구 왕십리로21길 4, 2층",37.5619622869055,127.033571272322,070-8691-2609,아메리카노,3200원,,,합리적인 가격의 아메리카노,3200,
P003889,서울시 가격안정 모범업소,,식당,오는정,서울특별시 성동구 무학봉길 89,37.5622625023061,127.031935337192,02-2292-6429,삼겹살,15000원,돼지갈비,15000원,합리적인 가격의 삼겹살,15000,15000.0
P003890,서울시 가격안정 모범업소,,식당,59년똥돼지,서울특별시 성동구 무학봉28길 3 1층,37.5624682287704,127.032489686925,02-2298-3373,삼겹살,16000원,냉면,6000원,합리적인 가격의 삼겹살,16000,6000.0
P003891,서울시 가격안정 모범업소,,미용,내스타일프,서울특별시 관악구 청림3마길 26,37.4909145110077,126.957529702296,02-874-7166,커트,10000원,파마,30000원,합리적인 가격의 커트,10000,30000.0
P003892,서울시 가격안정 모범업소,,식당,조선부뚜막,서울특별시 성북구 동소문로6길 4-23,37.588300939844,127.007056175798,02-762-8850,삼겹살(180g),12900원,눈꽃목살(180g),12900원,합리적인 가격의 삼겹살(180g),12900,12900.0
P003893,서울시 가격안정 모범업소,,식당,청정바지락칼국수보쌈,서울특별시 종로구 창신길 11,37.5722071295158,127.010524084538,02-743-6557,보리비빔밥,6000원,칼국수,7000원,합리적인 가격의 보리비빔밥,6000,7000.0
P003894,서울시 가격안정 모범업소,,식당,윤가네칼국수,"서울특별시 구로구 디지털로33길 27,B 102호(삼성IT밸리)",37.4860566025335,126.894669265147,0220281188,새싹비빔밥,8000원,사골칼국수,8000원,합리적인 가격의 새싹비빔밥,8000,8000.0
P003895,서울시 가격안정 모범업소,,식당,생선굽는날,"서울특별시 구로구 디지털로31길 41,211호(이엔씨벤처드림타워 6차)",37.4851717992188,126.892751304432,02-852-4878.,김치찌개,7000원,고등어구이,8000원,합리적인 가격의 김치찌개,7000,8000.0
P003896,서울시 가격안정 모범업소,,식당,가네 보리밥.손칼국수,서울특별시 구로구 구로동로22길 23,37.4895609364608,126.885795964473,0507-1379-1682,보리비빔밥,7000원,손칼국수,6000원,합리적인 가격의 보리비빔밥,7000,6000.0
P003897,서울시 가격안정 모범업소,,식당,이게국수집,서울특별시 구로구 디지털로32길 87,37.4832640609377,126.900113502548,02-893-8677,비빔국수,7000원,왕만두,4000원,합리적인 가격의 비빔국수,7000,4000.0
P003898,서울시 가격안정 모범업소,,카페,리메인커피,"서울특별시 구로구 오류로8가길 6, 102호",37.49086969454,126.842031726448,02-000-0000,카푸티노,3500원,아메리카노,2500원,합리적인 가격의 카푸티노,3500,2500.0
P003899,서울시 가격안정 모범업소,,식당,사랑의 김밥,서울특별시 노원구 초안산로5길 12,37.6325606295737,127.051747902831,02-900-0714,야채김밥,3000원,백반,6000원,합리적인 가격의 야채김밥,3000,6000.0
P003900,서울시 가격안정 모범업소,,식당,진스쿡,서울특별시 노원구 한글비석로24나길 19,37.6626384360974,127.071411469438,02-951-2213,가정식백반,7000원,옛날돈까스,9000원,합리적인 가격의 가정식백반,7000,9000.0
P003901,서울시 가격안정 모범업소,,카페,제이나인커피,서울특별시 강남구 강남대로66길 14,37.4916753819252,127.03198543169,,아메리카노 S,1200원,헤이즐넛아메리카노 S,2100원,합리적인 가격의 아메리카노 S,1200,2100.0
P003902,서울시 가격안정 모범업소,,식당,이모네정육식당,서울특별시 강남구 일원로9길 38,37.4901116133889,127.084681982938,02-451-5430,삼겹살(200g),11800원,지리산흑돼지  삼겹살(200g)',15000원,합리적인 가격의 삼겹살(200g),11800,15000.0
P003903,서울시 가격안정 모범업소,,식당,송천엄마손칼국수,"서울특별시 송파구 마천로45길 8, 1층",37.4966504296209,127.149617174611,02-470-3370,떡국,6000원,칼국수,6000원,합리적인 가격의 떡국,6000,6000.0
P003904,서울시 가격안정 모범업소,,식당,왕산골만두(그시절그맛),"서울특별시 동대문구 고산자로38길 25 (제기동, 경동시장 다-11)",37.5801684528241,127.039860944339,,꽈배기,500원,도너츠,500원,합리적인 가격의 꽈배기,500,500.0
P003905,서울시 가격안정 모범업소,,카페,이야기카페,서울특별시 동대문구 전농로3길 106 (답십리동),37.5724740194887,127.056118008205,02-6465-7786,아메리카노,2500원,크로플,4000원,합리적인 가격의 아메리카노,2500,4000.0
P003906,서울시 가격안정 모범업소,,식당,행복한식탁,"서울특별시 동대문구 장한로 150 (장안동, 1층)",37.5737918444142,127.072150196589,02-2248-3335,육개장,9000원,바비큐치킨카츠,10000원,합리적인 가격의 육개장,9000,10000.0
P003907,서울시 가격안정 모범업소,,식당,신라방마라탕,서울특별시 동대문구 천호대로79길 66 (장안동),37.5650430235262,127.064479053461,02-2212-9991,마라상궈,16000원,마라탕,7000원,합리적인 가격의 마라상궈,16000,7000.0
P003908,서울시 가격안정 모범업소,,카페,콘(Corn),서울특별시 동작구 상도로47길 13,37.4999907555992,126.951553996931,-,라떼(테이크아웃 3500),4000원,바나나케일주스,4500원,합리적인 가격의 라떼(테이크아웃 3500),4000,4500.0
P003909,서울시 가격안정 모범업소,,식당,엄마손뷔페,서울특별시 동작구 장승배기로 149-1,37.5109616917336,126.940028290405,-,손칼국수,5000원,,,합리적인 가격의 손칼국수,5000,
P003910,서울시 가격안정 모범업소,,식당,라희네,"서울특별시 강동구 성안로9길 11, 1층 101호",37.5290837808236,127.130611256589,0507-1365-1990,떡볶이(중),2500원,,,합리적인 가격의 떡볶이(중),2500,
P003911,서울시 가격안정 모범업소,,기타,더베리랠리,"서울특별시 강동구 올림픽로 552, 지층 1호",37.5308341998326,127.12101233589,0507-1355-0742,"레슨(2:1, 주1회, 총4주, 20분, 평일)",100000원,,,"합리적인 가격의 레슨(2:1, 주1회, 총4주, 20분, 평일)",100000,
P003912,서울시 가격안정 모범업소,,식당,형제치킨,서울특별시 금천구 시흥대로47길 28-9,37.450343193649,126.900216060751,02-895-9992,크리스피,12000원,,,합리적인 가격의 크리스피,12000,
P003913,서울시 가격안정 모범업소,,식당,뚝배기육칼,서울특별시 금천구 가산디지털1로 233,37.4857830768497,126.878280649919,0507-1367-6279,육칼,9000원,,,합리적인 가격의 육칼,9000,
P003914,서울시 가격안정 모범업소,,카페,다이렉트(DIRECT)커피,서울특별시 중랑구 봉화산로56길 120,37.6034547963042,127.097111757318,070-7585-7272,커피,2200원,국산차(녹차),2500원,합리적인 가격의 커피,2200,2500.0
P003915,서울시 가격안정 모범업소,,미용,헤어칼라미용실,서울특별시 용산구 보광로12가길 11(보광동),37.5272508316796,127.000992835438,02-749-7784,컷트,10000원,파마,25000원,합리적인 가격의 컷트,10000,25000.0
P003916,서울시 가격안정 모범업소,,식당,착한초밥,서울특별시 노원구 광운로1길 26,37.6191993433537,127.0563021723,02-909-4494,모듬초밥,4900원,,,합리적인 가격의 모듬초밥,4900,
P003917,서울시 가격안정 모범업소,,세탁&목욕,명동세탁,서울특별시 동작구 동작대로29길 63-7,37.4882251824206,126.978490112447,02-537-4312,수선료,4000원,양복세탁료,7500원,합리적인 가격의 수선료,4000,7500.0
P003918,서울시 가격안정 모범업소,,미용,뷰티클럽피부미용,서울특별시 마포구 동교로32길 8,37.5607058825611,126.924689952601,02-6032-3535,여드름&재생&화이트닝,20000원,,,합리적인 가격의 여드름&재생&화이트닝,20000,
P003919,서울시 가격안정 모범업소,,식당,어쩌다김밥,서울특별시 광진구 자양로22길 18,37.539507428269,127.084298342571,02-457-1737,김밥,2500원,김치찌개,5500원,합리적인 가격의 김밥,2500,5500.0
P003920,서울시 가격안정 모범업소,,식당,나눔국수국수,서울특별시 관악구 쑥고개로 133,37.4789788859765,126.95130843617,0507-1480-9394,비빔국수,7000원,야채김밥,3500원,합리적인 가격의 비빔국수,7000,3500.0
P003921,서울시 가격안정 모범업소,,식당,초밥사랑정스,서울특별시 관악구 조원로16길 27,37.4831452264323,126.911421208639,0507-1448-3880,모듬초밥(20p),17000원,초밥(10p),9000원,합리적인 가격의 모듬초밥(20p),17000,9000.0
P003922,서울시 가격안정 모범업소,,식당,청년밥상문간 낙성대점,서울특별시 관악구 남부순환로244길 26 지하1층,37.4759782784513,126.962775581118,0507-1333-6031,김치찌개,3000원,,,합리적인 가격의 김치찌개,3000,
P003923,서울시 가격안정 모범업소,,식당,어멍식당,서울특별시 성북구 오패산로10길 18,37.6054936896458,127.037737896226,-,"김치찌개, 순두부찌개, 된장찌개",6000원,"제육볶음, 오징어볶음",7000원,"합리적인 가격의 김치찌개, 순두부찌개, 된장찌개",6000,7000.0
P003924,서울시 가격안정 모범업소,,카페,아코스터디카페,"서울특별시 성북구 보문로34길 15, 3층",37.5903374535877,127.016197909192,02-929-8209,24시간,10000원,자유석기간권2주,69000원,합리적인 가격의 24시간,10000,69000.0
P003925,서울시 가격안정 모범업소,,식당,제순식당,서울특별시 성북구 동소문로20다길 30-9,37.5918257346199,127.018499259739,02-927-2007,제육볶음,8000원,"된장찌개, 순두부찌개",7000원,합리적인 가격의 제육볶음,8000,7000.0
P003926,서울시 가격안정 모범업소,,식당,같이가치 정릉덮밥,서울특별시 성북구 솔샘로6길 62,37.6088997984118,127.007834366338,070-8954-7788,큐브스테이크덮밥,8000원,소불고기덮밥,6500원,합리적인 가격의 큐브스테이크덮밥,8000,6500.0
P003927,서울시 가격안정 모범업소,,식당,아바이토종순대국,서울특별시 성북구 안암로9가길 80-17,37.582811067799,127.028687263589,0507-1317-2874,얼큰해장국,4000원,순대국,6000원,합리적인 가격의 얼큰해장국,4000,6000.0
P003928,서울시 가격안정 모범업소,,카페,카페달싸,서울특별시 영등포구 당산로33길 9,37.5271727488824,126.895647530576,02-2677-8522,커피,2500원,녹차,2000원,합리적인 가격의 커피,2500,2000.0
P003929,서울시 가격안정 모범업소,,식당,동선식당,서울특별시 중구 동호로 209,37.5564074724052,127.009030784032,02-2232-9908,점심백반,5500원,제육쌈밥,8000원,합리적인 가격의 점심백반,5500,8000.0
P003930,서울시 가격안정 모범업소,,식당,박사네곱창,서울특별시 동대문구 한천로11길 61-3 (답십리동),37.5671156563737,127.058638600062,,야채곱창(2인),20000원,곱창전골(2인),20000원,합리적인 가격의 야채곱창(2인),20000,20000.0
P003931,서울시 가격안정 모범업소,,식당,어머니의 고등어,"서울특별시 동대문구 전농로15길 7, 101호 (전농동)",37.5781443526721,127.057027925032,02-2245-9991,청국장,9000원,황태해장국,10000원,합리적인 가격의 청국장,9000,10000.0
P003932,서울시 가격안정 모범업소,,카페,카페뜨랑,"서울특별시 동대문구 제기로 130, 2층 (청량리동)",37.5864273533873,127.047490117497,02-6949-3928,카푸치노,3500원,아메리카노,2500원,합리적인 가격의 카푸치노,3500,2500.0
P003933,서울시 가격안정 모범업소,,식당,지노돈가스,"서울특별시 동대문구 제기로38길 40, 1층 (청량리동)",37.5844887637521,127.04949600224,,제육덮밥,8000원,돈가스,8000원,합리적인 가격의 제육덮밥,8000,8000.0
P003934,서울시 가격안정 모범업소,,식당,다래정,"서울특별시 동대문구 휘경로 24-4, 1층 (이문동)",37.5952479774136,127.062221411872,02-961-5400,아구찜(소),38000원,낙지볶음(소),38000원,합리적인 가격의 아구찜(소),38000,38000.0
P003935,서울시 가격안정 모범업소,,식당,작렬곱창,서울특별시 동대문구 답십리로65길 131 (장안동),37.5784813400146,127.070055162246,02-2212-0972,알곱창(2인),27000원,야채곱창,11000원,합리적인 가격의 알곱창(2인),27000,11000.0
P003936,서울시 가격안정 모범업소,,식당,정직한명품한우,서울특별시 관악구 인헌6길 24,37.4741312260839,126.965506669825,0507-1417-9934,탕수육(특대),13000원,,,합리적인 가격의 탕수육(특대),13000,
P003937,서울시 가격안정 모범업소,,식당,우동이랑짜장이랑,서울특별시 관악구 양녕로 19,37.4838911701016,126.946479846524,없음,짜장면,4000원,,,합리적인 가격의 짜장면,4000,
P003938,서울시 가격안정 모범업소,,카페,오제커피,서울특별시 관악구 신림로21길 39,37.468655708931,126.935277133072,0507-1332-9435,아메리카노,1500원,카페라떼,2800원,합리적인 가격의 아메리카노,1500,2800.0
P003939,서울시 가격안정 모범업소,,식당,오삼숙이(콩숙이),서울특별시 관악구 대학길 57,37.4681607801568,126.937786857718,0507-1415-5332,삼겹살숙주김치,8500원,,,합리적인 가격의 삼겹살숙주김치,8500,
P003940,서울시 가격안정 모범업소,,식당,씬챠호,서울특별시 관악구 대학길 52 CU편의점 옆 지하,37.4682688699968,126.937556388983,02-874-8745,양지차돌국수,7500원,우삼겹볶음밥,7000원,합리적인 가격의 양지차돌국수,7500,7000.0
P003941,서울시 가격안정 모범업소,,식당,황금식당,서울특별시 강남구 강남대로62길 26 B01층,37.4906351464748,127.03368677434,02-556-7740,돈가스,7000원,김치찌개,7000원,합리적인 가격의 돈가스,7000,7000.0
P003942,서울시 가격안정 모범업소,,식당,빨강우산 부대찌개,서울특별시 강남구 테헤란로 313 성지하이츠 B107호,37.5038016513092,127.045261212369,02-558-1033,부대찌개,9000원,,,합리적인 가격의 부대찌개,9000,
P003943,서울시 가격안정 모범업소,,식당,돈가네,서울특별시 강남구 일원로9길 58,37.4906125582372,127.086198098506,02-2226-1807,숯불돼지갈비(250g),15000원,숯불생삼겹살(200g),15000원,합리적인 가격의 숯불돼지갈비(250g),15000,15000.0
P003944,서울시 가격안정 모범업소,,식당,백가집,서울특별시 관악구 호암로24길 11,37.4700189935324,126.933912302835,02-885-5486,김치찌개,5500원,된장찌개,5500원,합리적인 가격의 김치찌개,5500,5500.0
P003945,서울시 가격안정 모범업소,,식당,맛있구마피자,서울특별시 관악구 봉천로 612,37.4756202607874,126.964981420174,02-878-6312,콤비네이션M,19900원,콤비네이션L,23000원,합리적인 가격의 콤비네이션M,19900,23000.0
P003946,서울시 가격안정 모범업소,,식당,이태리네모면,서울특별시 관악구 남부순환로 1869-6 1층,37.4798394754647,126.957720257678,02-877-4367,까르보나라,8500원,알리오올리오,7500원,합리적인 가격의 까르보나라,8500,7500.0
P003947,서울시 가격안정 모범업소,,카페,굿커피 충정로점,서울특별시 중구 중림로 2,37.5589863168849,126.963761988104,02-393-1978,아메리카노 아이스,2000원,카페라떼 핫,2000원,합리적인 가격의 아메리카노 아이스,2000,2000.0
P003948,서울시 가격안정 모범업소,,식당,푼양이김치찌개,서울특별시 송파구 송이로 112 1층,37.4963859795829,127.121687252004,0507-1474-1307,김치찌개,8500원,계란말이,8000원,합리적인 가격의 김치찌개,8500,8000.0
P003949,서울시 가격안정 모범업소,,식당,모아식당,서울특별시 마포구 월드컵북로 262 시영상가114호,37.5720016021728,126.901257837125,023074528,김치찌개,7000원,돌솥비빔밥,7000원,합리적인 가격의 김치찌개,7000,7000.0
P003950,서울시 가격안정 모범업소,,식당,효우동,서울특별시 은평구 은평로 202,37.6010952944524,126.930165864365,02-353-1700,물냉면,6000원,우동,6500원,합리적인 가격의 물냉면,6000,6500.0
P003951,서울시 가격안정 모범업소,,카페,카페드림,서울특별시 은평구 은평로 145,37.6009653546002,126.923733373076,02-6953-1555,아메리카노,2500원,카페라떼,3800원,합리적인 가격의 아메리카노,2500,3800.0
P003952,서울시 가격안정 모범업소,,카페,프레이 pray,"서울특별시 중구 다산로36길 25,1층(동화동)",37.5623751136675,127.016683863515,,카페라떼 ice,3000원,아메리카노 hot,2000원,합리적인 가격의 카페라떼 ice,3000,2000.0
P003953,서울시 가격안정 모범업소,,미용,맨투맨,서울특별시 성동구 금호산길 56-1,37.5532274853261,127.019513337504,-,커트,8000원,파마,30000원,합리적인 가격의 커트,8000,30000.0
P003954,서울시 가격안정 모범업소,,식당,푸드카페,서울특별시 중구 충무로2길 23,37.5625373508764,126.994462016005,02-2233-5666,참치김밥,4000원,치즈라면,4000원,합리적인 가격의 참치김밥,4000,4000.0
P003955,서울시 가격안정 모범업소,,미용,최수지헤어,서울특별시 송파구 양산로 12 세신거여훼미리타운 206,37.489911262721,127.143590440057,02-817-1983,미용료(파마),10000원,미용료(커트),10000원,합리적인 가격의 미용료(파마),10000,10000.0
P003956,서울시 가격안정 모범업소,,미용,나오반스헤어,서울특별시 송파구 백제고분로48길 9 2층,37.5115657297137,127.114406084001,02-413-5566,미용료(염색),30000원,미용료(파마),26000원,합리적인 가격의 미용료(염색),30000,26000.0
P003957,서울시 가격안정 모범업소,,식당,반색식당,서울특별시 강남구 선릉로6길 19,37.4832705457175,127.062359197564,070-4121-9923,김치찌개,7000원,닭곰탕,7000원,합리적인 가격의 김치찌개,7000,7000.0
P003958,서울시 가격안정 모범업소,,식당,더플레이스공간,서울특별시 마포구 백범로 152,37.5447477438441,126.948258201287,0507-1465-2045,피자(고구마),9000원,피자(마르게리따),12900원,합리적인 가격의 피자(고구마),9000,12900.0
P003959,서울시 가격안정 모범업소,,식당,홍가진국,서울특별시 용산구 원효로 241-1,37.5395604539799,126.967900210798,0507-1407-3339,삼계탕,15000원,만두국,7000원,합리적인 가격의 삼계탕,15000,7000.0
P003960,서울시 가격안정 모범업소,,식당,먹깨비하우스,서울특별시 용산구 소월로20길 72,37.543662753794,126.984093951773,02-779-1518,제육덮밥,7000원,오징어덮밥,7000원,합리적인 가격의 제육덮밥,7000,7000.0
P003961,서울시 가격안정 모범업소,,식당,잠원정육도시락,서울특별시 서초구 잠원로4길 33-2,37.5128156550848,127.010659840374,02-535-0310,돼지불고기,8000원,김치찌개,8000원,합리적인 가격의 돼지불고기,8000,8000.0
P003962,서울시 가격안정 모범업소,,식당,꿀꿀상회,서울특별시 서초구 나루터로15길 30-4,37.5170558346787,127.017701874276,02-546-1116,덜미살(150g),13000원,치맛살(150g),15000원,합리적인 가격의 덜미살(150g),13000,15000.0
P003963,서울시 가격안정 모범업소,,식당,돈스라,서울특별시 서초구 강남대로39길 15-10,37.4857020246194,127.032117662018,02-521-4465,매운에그후라이돈까스,10500원,수제치킨까스,9000원,합리적인 가격의 매운에그후라이돈까스,10500,9000.0
P003964,서울시 가격안정 모범업소,,식당,억불산,서울특별시 서초구 남부순환로347길 64,37.4872385657881,127.030909484426,02-587-0335,김치찌개,9000원,해물된장찌개,9000원,합리적인 가격의 김치찌개,9000,9000.0
P003965,서울시 가격안정 모범업소,,미용,영주머리방,서울특별시 광진구 긴고랑로36길 35,37.5577721386975,127.090348184112,02-458-7233,파마,35000원,학생 커트,10000원,합리적인 가격의 파마,35000,10000.0
P003966,서울시 가격안정 모범업소,,식당,서가네 쌈밥,서울특별시 광진구 면목로17길 40,37.5708453857498,127.081074719437,02-432-3937,삼겹살,12000원,백반,7000원,합리적인 가격의 삼겹살,12000,7000.0
P003967,서울시 가격안정 모범업소,,식당,경동식당,"서울특별시 동대문구 고산자로36길 3, 지하1층 (제기동)",37.5790377655561,127.039142935818,02-965-0621,돌솥비빔밥,8000원,선지해장국,8000원,합리적인 가격의 돌솥비빔밥,8000,8000.0
P003968,서울시 가격안정 모범업소,,식당,도토리군 버섯양,서울특별시 동대문구 전농로 222 (전농동),37.5839388978562,127.053599055745,02-2212-2468,물냉면,8000원,등심칼국수,8000원,합리적인 가격의 물냉면,8000,8000.0
P003969,서울시 가격안정 모범업소,,식당,보리랑,서울특별시 동대문구 답십리로51길 20-2 (답십리동),37.5738016226166,127.058737232965,02-3390-4980,한식부페,9000원,,,합리적인 가격의 한식부페,9000,
P003970,서울시 가격안정 모범업소,,식당,원준왕냉면,서울특별시 성북구 장위로38길 67,37.6103703002617,127.051541007242,02-915-0820,물냉면,6500원,떡국,6000원,합리적인 가격의 물냉면,6500,6000.0
P003971,서울시 가격안정 모범업소,,식당,마포갈비,서울특별시 강남구 남부순환로361길 6 1층,37.4855940073542,127.037570654332,02-3462-9955,돼지갈비(250g),16000원,생삼겹살(200g),16000원,합리적인 가격의 돼지갈비(250g),16000,16000.0
P003972,서울시 가격안정 모범업소,,식당,잔디불,서울특별시 도봉구 도봉로156길 8,37.6726473076334,127.04475816055,02-955-9292,돈가스,7000원,,,합리적인 가격의 돈가스,7000,
P003973,서울시 가격안정 모범업소,,미용,자기연출,서울특별시 도봉구 삼양로154길 33,37.6558894686946,127.01510574061,02-991-6085,커트,5000원,파마,25000원,합리적인 가격의 커트,5000,25000.0
P003974,서울시 가격안정 모범업소,,식당,국가대표칼국수,서울특별시 은평구 연서로6길 22(역촌동),37.6042513663829,126.918231412583,02-6956-1518,칼국수,5000원,만두,5000원,합리적인 가격의 칼국수,5000,5000.0
P003975,서울시 가격안정 모범업소,,미용,블루컷트,서울특별시 도봉구 해등로 255,37.6573748589473,127.028191786525,02-999-6922,염색,8000원,커트,6000원,합리적인 가격의 염색,8000,6000.0
P003976,서울시 가격안정 모범업소,,식당,우이목장,서울특별시 도봉구 우이천로 298,37.6443641814751,127.029430765196,02-904-3070,된장찌개 백반,7000원,갈비탕,12000원,합리적인 가격의 된장찌개 백반,7000,12000.0
P003977,서울시 가격안정 모범업소,,식당,홍방원,서울특별시 도봉구 도봉로169나길 47(도봉동),37.677534012863,127.043868397499,02-954-0719,짜장면,4500원,탕수육,14000원,합리적인 가격의 짜장면,4500,14000.0
P003978,서울시 가격안정 모범업소,,기타,뽀빠이포토스튜디오 원,서울특별시 도봉구 도당로13길 50,37.6667446350337,127.034240206205,02-955-3795,사진촬영료,8000원,인화료,350원,합리적인 가격의 사진촬영료,8000,350.0
P003979,서울시 가격안정 모범업소,,식당,오늘우리집비어,"서울특별시 중랑구 용마산로115길 109, 지1층",37.5974663223384,127.094160266661,0507-1469-0613,김치찌개,8000원,된장찌개,8000원,합리적인 가격의 김치찌개,8000,8000.0
P003980,서울시 가격안정 모범업소,,식당,은평닭곰탕,서울특별시 은평구 연서로3길 5(역촌동),37.6022872455731,126.915220019727,0507-1360-2038,닭곰탕,7000원,,,합리적인 가격의 닭곰탕,7000,
P003981,서울시 가격안정 모범업소,,식당,전주집,서울특별시 마포구 큰우물로 75 지하1층,37.5412654954538,126.946294819719,02-716-4872,청국장,6000원,비빔밥,6000원,합리적인 가격의 청국장,6000,6000.0
P003982,서울시 가격안정 모범업소,,식당,사루카메,서울특별시 마포구 연남로 15 1층,37.5610703891437,126.922681739908,-,사와칵테일,4000원,사루라멘,9000원,합리적인 가격의 사와칵테일,4000,9000.0
P003983,서울시 가격안정 모범업소,,카페,카페매일이기념일,서울특별시 도봉구 우이천로24길 69,37.6464066206433,127.03219477854,,에스프레소,1500원,커피,1500원,합리적인 가격의 에스프레소,1500,1500.0
P003984,서울시 가격안정 모범업소,,식당,행촌,서울특별시 도봉구 우이천로34길 10,37.6493740254922,127.023320264813,02-902-5688,청국장,9000원,순두부찌개,7000원,합리적인 가격의 청국장,9000,7000.0
P003985,서울시 가격안정 모범업소,,미용,남성이용원,서울특별시 도봉구 도봉로109길 35-27,37.6458705289323,127.031886569463,,남성커트,7000원,,,합리적인 가격의 남성커트,7000,
P003986,서울시 가격안정 모범업소,,미용,쌍문이용원,서울특별시 도봉구 방학로3길 108,37.6585035386121,127.038621370138,02-990-6800,남성커트,7000원,,,합리적인 가격의 남성커트,7000,
P003987,서울시 가격안정 모범업소,,미용,서울미용실,서울특별시 도봉구 시루봉로 56,37.6558426422301,127.028218971963,02-999-3147,파마,30000원,커트,12000원,합리적인 가격의 파마,30000,12000.0
P003988,서울시 가격안정 모범업소,,식당,섬마을일식,"서울특별시 동작구 여의대방로 22, 지하1층 14호",37.4910969139998,126.911813692107,02-848-2199,모듬초밥10pcs,10000원,,,합리적인 가격의 모듬초밥10pcs,10000,
P003989,서울시 가격안정 모범업소,,식당,동가보쌈,서울특별시 동작구 성대로6길 10,37.4990237339239,126.932672409055,02-3280-3023,청국장,8000원,제육볶음,8000원,합리적인 가격의 청국장,8000,8000.0
P003990,서울시 가격안정 모범업소,,식당,알리파스타,서울특별시 강남구 논현로 151길 29 1층,37.5196424950436,127.025709745074,0507-1378-1125,알리오올리오,8000원,클래식,7000원,합리적인 가격의 알리오올리오,8000,7000.0
P003991,서울시 가격안정 모범업소,,카페,마마떼,"서울특별시 관악구 대학6길 36, 1층",37.4692082757243,126.935730072943,02-887-6262,카페라떼,3500원,아메리카노,3000원,합리적인 가격의 카페라떼,3500,3000.0
P003992,서울시 가격안정 모범업소,,식당,황태사랑,서울특별시 강남구 테헤란로 322 지하2층,37.5032355765545,127.046582379785,02-2183-1005,황태국,7500원,해물순두부,7500원,합리적인 가격의 황태국,7500,7500.0
P003993,서울시 가격안정 모범업소,,미용,로데헤어 망원점,"서울특별시 마포구 월드컵로31길 48, 1층",37.5609199879525,126.902233601681,02-704-8289,파마,25000원,커트,10000원,합리적인 가격의 파마,25000,10000.0
P003994,서울시 가격안정 모범업소,,식당,소정한식,"서울특별시 마포구 성산로 128, 지하1층",37.5638441231529,126.908003625741,02-336-4897,된장찌개백반,8500원,김치찌개백반,7500원,합리적인 가격의 된장찌개백반,8500,7500.0
P003995,서울시 가격안정 모범업소,,미용,자유느낌헤어클럽,서울특별시 마포구 광성로6길 8,37.5493468286634,126.938022043599,02-719-1104,커트,9000원,파마,30000원,합리적인 가격의 커트,9000,30000.0
P003996,서울시 가격안정 모범업소,,세탁&목욕,일일사,서울특별시 마포구 대흥로9길 28 1층(신수동),37.5452275555884,126.93751511195,02-715-5728,의복수선료,4000원,양복세탁료,8000원,합리적인 가격의 의복수선료,4000,8000.0
P003997,서울시 가격안정 모범업소,,식당,옛날무쇠가마솥,"서울특별시 마포구 서강로1길 12-5, 1층",37.5489508380303,126.931031582072,02-323-7098,물냉면,4000원,된장찌개백반,6000원,합리적인 가격의 물냉면,4000,6000.0
P003998,서울시 가격안정 모범업소,,세탁&목욕,모아크리닝,"서울특별시 동작구 사당로26길 106, 1층",37.4790406394403,126.977885058437,02-585-0245,양복세탁료,7000원,수선료,4000원,합리적인 가격의 양복세탁료,7000,4000.0
P003999,서울시 가격안정 모범업소,,식당,실비촌,"서울특별시 동작구 여의대방로 250, 105호(대림쇼핑타운)",37.5087434455459,126.924517791265,02-816-5595,칡물냉면,7000원,김치찌개,7000원,합리적인 가격의 칡물냉면,7000,7000.0
P004000,서울시 가격안정 모범업소,,식당,태원,"서울특별시 동작구 등용로 81, 1층",37.5084258291613,126.932067124645,02-815-5155,짜장면,6500원,짬뽕,7500원,합리적인 가격의 짜장면,6500,7500.0
P004001,서울시 가격안정 모범업소,,식당,준호네부대찌개,"서울특별시 동작구 흑석로13마길 61, 1층",37.5074403530225,126.958908088968,02-6083-8247,부대찌개,8500원,,,합리적인 가격의 부대찌개,8500,
P004002,서울시 가격안정 모범업소,,식당,산천칡냉면,"서울특별시 동작구 사당로12길 2, 2층",37.4844781511253,126.970880925708,02-3472-2849,칡물냉면,8000원,칡비빔냉면,8000원,합리적인 가격의 칡물냉면,8000,8000.0
P004003,서울시 가격안정 모범업소,,식당,고향갈비,서울특별시 동작구 노량진로18길 13,37.5122846297202,126.950730768349,02-813-3033,백반,6500원,,,합리적인 가격의 백반,6500,
P004004,서울시 가격안정 모범업소,,식당,달길포차,"서울특별시 동작구 사당로30길 63, 1층",37.4819423370694,126.98097815578,0507-1467-1321,육개장(월요일 점심),9000원,제육볶음(화요일 점심),9000원,합리적인 가격의 육개장(월요일 점심),9000,9000.0
P004005,서울시 가격안정 모범업소,,세탁&목욕,이화세탁소,"서울특별시 동작구 장승배기로 26, 107호(현대아파트 상가동)",37.5006642434154,126.943414996004,02-814-2677,수선료,3000원,양복세탁료,7000원,합리적인 가격의 수선료,3000,7000.0
P004006,서울시 가격안정 모범업소,,세탁&목욕,백양명품세탁,서울특별시 동작구 여의대방로22아길 30,37.4962229416865,126.924313273614,02-816-9277,양복세탁료,7000원,,,합리적인 가격의 양복세탁료,7000,
P004007,서울시 가격안정 모범업소,,식당,신온누리에돈까스,"서울특별시 동작구 여의대방로24길 107, 1층",37.4991856698567,126.925939095155,02-823-8580,돈까스,9000원,,,합리적인 가격의 돈까스,9000,
P004008,서울시 가격안정 모범업소,,식당,모꼬지,서울특별시 동작구 장승배기로 155,37.5114958674225,126.93996972604,02-811-1309,돈까스,7500원,김치볶음밥,6000원,합리적인 가격의 돈까스,7500,6000.0
P004009,서울시 가격안정 모범업소,,식당,준호네 돈가스,"서울특별시 동작구 흑석로 85-7, 1층",37.507527882186,126.959288399549,02-810-5500,피자돈까스,9000원,등심돈까스,8000원,합리적인 가격의 피자돈까스,9000,8000.0
P004010,서울시 가격안정 모범업소,,식당,황제소고기국밥,"서울특별시 동작구 동작대로29길 11, 1층",37.487927073705,126.981345251211,02-594-9200,갈비탕,13000원,소고기국밥,10000원,합리적인 가격의 갈비탕,13000,10000.0
P004011,서울시 가격안정 모범업소,,식당,김경자원조칼국수,서울특별시 성동구 금호산2길 20-1(금호동3가),37.5487927251359,127.02183723442,02-2233-7001,비빔밥,5000원,칼국수,5000원,합리적인 가격의 비빔밥,5000,5000.0
P004012,서울시 가격안정 모범업소,,식당,바다장어초이408,서울특별시 성동구 독서당로 295-5(금호동3가),37.5484673638251,127.021894965694,0507-1311-1733,장어탕,7000원,장어정식,9900원,합리적인 가격의 장어탕,7000,9900.0
P004013,서울시 가격안정 모범업소,,미용,성아미용실,서울특별시 용산구 서빙고로91나길 64,37.5240920639856,126.996990057121,02-794-3105,파마,27000원,미용료(학생),6000원,합리적인 가격의 파마,27000,6000.0
P004014,서울시 가격안정 모범업소,,식당,용산장어마을,서울특별시 용산구 백범로 318,37.5383327765565,126.964226159435,02-711-1139,추어장어탕,11000원,매운탕,11250원,합리적인 가격의 추어장어탕,11000,11250.0
P004015,서울시 가격안정 모범업소,,식당,북한강민물고기매운탕,"서울특별시 노원구 동일로192길 30, 1층",37.6261858713782,127.074788023257,02-948-5355,매기매운탕,35000원,,,합리적인 가격의 매기매운탕,35000,
P004016,서울시 가격안정 모범업소,,식당,삼동숯불갈비,서울특별시 구로구 디지털로27길 57,37.4838206101198,126.890743728468,02-852-7615,불고기전골,25000원,삼겹살,12000원,합리적인 가격의 불고기전골,25000,12000.0
P004017,서울시 가격안정 모범업소,,식당,제주마을,서울특별시 도봉구 해등로16길 1,37.6565377425781,127.0405996012,02-906-8727,해물된장찌개,8000원,삼겹살,15000원,합리적인 가격의 해물된장찌개,8000,15000.0
P004018,서울시 가격안정 모범업소,,카페,카페커민,서울특별시 도봉구 방학로2길 53,37.6653197224877,127.040792075079,02-954-5553,커피,3000원,,,합리적인 가격의 커피,3000,
P004019,서울시 가격안정 모범업소,,식당,엄마랑꿀꽈배기,서울특별시 도봉구 해등로16길 26(창동),37.6556290632666,127.041487916229,02-903-3339,핫도그,2300원,아메리카노,2000원,합리적인 가격의 핫도그,2300,2000.0
P004020,서울시 가격안정 모범업소,,식당,어머니찌개,서울특별시 도봉구 도봉로152길 16(방학동),37.6690940252172,127.04475251281,956-8312,김치찌개,6000원,된장찌개,6000원,합리적인 가격의 김치찌개,6000,6000.0
P004021,서울시 가격안정 모범업소,,카페,세움카페,서울특별시 도봉구 마들로 656,37.6687161285201,127.047131400119,070-4251-4264,아메리카노,1800원,커피라떼,2500원,합리적인 가격의 아메리카노,1800,2500.0
P004022,서울시 가격안정 모범업소,,식당,짱구네 분식,서울특별시 도봉구 시루봉로 148,37.6637242748473,127.028488298603,02-3491-4366,냉면,6000원,돈까스,6000원,합리적인 가격의 냉면,6000,6000.0
P004023,서울시 가격안정 모범업소,,식당,아!짜장,서울특별시 도봉구 도당로 76,37.6645720367997,127.035966945313,,탕수육,10000원,자장면,3000원,합리적인 가격의 탕수육,10000,3000.0
P004024,서울시 가격안정 모범업소,,식당,명동찌개마을 강동구청점,서울특별시 강동구 성안로3길 91,37.5273662319222,127.124920382258,02-476-8987,우렁된장찌개,8000원,양푼돼지고기김치찌개2인분,16000원,합리적인 가격의 우렁된장찌개,8000,16000.0
P004025,서울시 가격안정 모범업소,,미용,자스민헤어,서울특별시 서대문구 증가로20길 71,37.5822386295166,126.9187827311,02-304-6188,커트,10000원,파마,40000원,합리적인 가격의 커트,10000,40000.0
P004026,서울시 가격안정 모범업소,,미용,머리자랑,서울특별시 서대문구 증가로32안길1,37.5841420023773,126.912028302962,02-302-6025,파마,25000원,커트,10000원,합리적인 가격의 파마,25000,10000.0
P004027,서울시 가격안정 모범업소,,식당,정가네촌 감자탕,서울특별시 서울시 금천구 독산로 46,37.4514320672649,126.906154418324,02-808-4332,버섯 감자탕(2인),26000원,뼈해장국,8000원,합리적인 가격의 버섯 감자탕(2인),26000,8000.0
P004028,서울시 가격안정 모범업소,,식당,포스트푸드,서울특별시 금천구 디지털로 9길 68 B106~111호,37.4810758439164,126.886418278694,02-2624-3939,한식,6000원,,,합리적인 가격의 한식,6000,
P004029,서울시 가격안정 모범업소,,카페,12st,"서울특별시 서울시 금천구 디지털로12길 19, 1층(가산동)",37.4779104495254,126.88968293413,-,아메리카노,2500원,카페라떼,3500원,합리적인 가격의 아메리카노,2500,3500.0
P004030,서울시 가격안정 모범업소,,식당,뚱뚱이 밥상,서울특별시 노원구 동일로1548(상계동 지하 1층 ),37.6666666030955,127.057626140726,931-6493,한식뷔페,7000원,,,합리적인 가격의 한식뷔페,7000,
P004031,서울시 가격안정 모범업소,,미용,끌레오,서울특별시 관악구 신림로11길 71,37.4672598568515,126.938817514179,-,파마,25000원,학생커트,7000원,합리적인 가격의 파마,25000,7000.0
P004032,서울시 가격안정 모범업소,,카페,가름커피,서울특별시 관악구 신림로23길 16,37.4704811658789,126.934476782389,-,에스프레소,1300원,더블샷아메리카노,1300원,합리적인 가격의 에스프레소,1300,1300.0
P004033,서울시 가격안정 모범업소,,카페,카페해밀,서울특별시 관악구 법원단지길 42,37.4742944887212,126.919958628221,0507-1303-5658,아메리카노,2000원,1L 아메리카노,3800원,합리적인 가격의 아메리카노,2000,3800.0
P004034,서울시 가격안정 모범업소,,식당,맛조탕,서울특별시 관악구 은천로 119,37.4869079414341,126.948542802564,02-871-1711,제육볶음,5000원,청국장,5000원,합리적인 가격의 제육볶음,5000,5000.0
P004035,서울시 가격안정 모범업소,,식당,즉석우동짜장,"서울특별시 관악구 남부순환로 1726, 1층",37.482082523984,126.94179717933,070-7758-8227,비빔밥,5500원,짬뽕,5000원,합리적인 가격의 비빔밥,5500,5000.0
P004036,서울시 가격안정 모범업소,,카페,커피앤바복길이,서울특별시 중랑구 봉화산로4길 62,37.5991534504971,127.075161711419,070-7590-8528,커피,2500원,,,합리적인 가격의 커피,2500,
P004037,서울시 가격안정 모범업소,,식당,다담2900,"서울특별시 중랑구 망우로66길 75, 1층",37.5962619413431,127.099571726655,02-493-3339,비빔밥,4500원,냉면,5000원,합리적인 가격의 비빔밥,4500,5000.0
P004038,서울시 가격안정 모범업소,,미용,경희헤어,"서울특별시 마포구 마포대로11길 33, 1층",37.5489415224074,126.952298068922,02-719-1857,파마,40000원,커트,12000원,합리적인 가격의 파마,40000,12000.0
P004039,서울시 가격안정 모범업소,,식당,돈필,서울특별시 광진구 동일로72길 38,37.5654174862549,127.079666545277,444-3326,라면,3000원,냉면,6000원,합리적인 가격의 라면,3000,6000.0
P004040,서울시 가격안정 모범업소,,식당,엄마손집밥,서울특별시 광진구 자양번영로 13,37.5308743273389,127.074776813353,2201-4911,삼겹살,12000원,백반,6000원,합리적인 가격의 삼겹살,12000,6000.0
P004041,서울시 가격안정 모범업소,,식당,생생칼국수,서울특별시 광진구 군자로 104,37.5522643904728,127.07162300974,2039-7878,칼국수,4500원,냉면,5000원,합리적인 가격의 칼국수,4500,5000.0
P004042,서울시 가격안정 모범업소,,식당,미라클센터,서울특별시 송파구 송이로 17길 54-28,37.5008420147913,127.126302707931,02-443-3295,떡볶이,3000원,,,합리적인 가격의 떡볶이,3000,
P004043,서울시 가격안정 모범업소,,카페,새라가비,서울특별시 중구 중림로 50,37.557188058885,126.968292954163,02-392-6067,아메리카노,2000원,카페라&#46580;,2500원,합리적인 가격의 아메리카노,2000,2500.0
P004044,서울시 가격안정 모범업소,,식당,남도한식-정든님고운님,서울특별시 중구 세종대로14길 22-5,37.5625556267229,126.978071823726,02-775-0038,남도정식(점심),20000원,,,합리적인 가격의 남도정식(점심),20000,
P004045,서울시 가격안정 모범업소,,식당,정원설렁탕(민속의집),서울특별시 중구 중림로 11,37.5591329650047,126.964840851798,02-312-0643,설렁탕,9000원,선지해장국,8000원,합리적인 가격의 설렁탕,9000,8000.0
P004046,서울시 가격안정 모범업소,,식당,그냥밥집,서울특별시 중구 퇴계로12길 53,37.5573401749463,126.981581814957,02-778-7973,숯불불백,8000원,,,합리적인 가격의 숯불불백,8000,
P004047,서울시 가격안정 모범업소,,식당,일일구(119),서울특별시 중구 다산로33길 79-4,37.5640317378065,127.010822764994,02-2231-4229,점심한식뷔페(백반),6000원,,,합리적인 가격의 점심한식뷔페(백반),6000,
P004048,서울시 가격안정 모범업소,,식당,오감만족,서울특별시 강남구 밤고개로24길 52,37.471333204553,127.105644914638,02-445-9294,순두부찌개,6000원,김치볶음밥,6000원,합리적인 가격의 순두부찌개,6000,6000.0
P004049,서울시 가격안정 모범업소,,식당,요기루,서울특별시 강남구 남부순환로 2917 청실종합상가 지하1층 9호,37.4931666957307,127.059164905458,02-557-2460,짜장면,5000원,탕수육(중),7500원,합리적인 가격의 짜장면,5000,7500.0
P004050,서울시 가격안정 모범업소,,식당,고기마을,서울특별시 강남구 남부순환로 2917 청실상가 105,37.4931666957307,127.059164905458,02-501-5254,안창살(180g),15000원,소갈비살(180g),15000원,합리적인 가격의 안창살(180g),15000,15000.0
P004051,서울시 가격안정 모범업소,,미용,이화헤어클럽,서울특별시 마포구 방울내로7길 29 (망원동),37.5610891059227,126.901800460124,02-335-2547,커트,12000원,파마,35000원,합리적인 가격의 커트,12000,35000.0
P004052,서울시 가격안정 모범업소,,미용,하버드미용실,서울특별시 관악구 행운1나길 16,37.4821510735751,126.955430905213,없음,파마,15000원,커트,5000원,합리적인 가격의 파마,15000,5000.0
P004053,서울시 가격안정 모범업소,,식당,추억의 통치킨,"서울특별시 관악구 난곡로26길 39, 101호",37.4702005916807,126.921877405338,02-851-5908,치킨,9000원,,,합리적인 가격의 치킨,9000,
P004054,서울시 가격안정 모범업소,,식당,버거랩,서울특별시 관악구 신림로12길 5,37.471256511195,126.938032089529,02-876-1225,수제치즈버거,3600원,,,합리적인 가격의 수제치즈버거,3600,
P004055,서울시 가격안정 모범업소,,식당,알리파스타,서울특별시 강남구 논현로151길 29 1층 101호,37.5196424950436,127.025709745074,02-518-1125,통새우볶음밥,6000원,클래식,5500원,합리적인 가격의 통새우볶음밥,6000,5500.0
P004056,서울시 가격안정 모범업소,,식당,맛찬,서울특별시 강남구 개포로 615 석탑프라자 지하1층 106호,37.4926580850327,127.07558248914,02-459-8478,순두부,7000원,백반,7000원,합리적인 가격의 순두부,7000,7000.0
P004057,서울시 가격안정 모범업소,,식당,부부식당,서울특별시 강남구 삼성로 343 지상1층 106호,37.5021463026666,127.058809301555,02-563-9241,김치찌개,4000원,된장찌개,4000원,합리적인 가격의 김치찌개,4000,4000.0
P004058,서울시 가격안정 모범업소,,식당,365일기분좋은날잔치날,서울특별시 강남구 도곡로4길 19,37.4889920454201,127.03408292277,02-6104-7272,김치찌개,8000원,제육볶음,9000원,합리적인 가격의 김치찌개,8000,9000.0
P004059,서울시 가격안정 모범업소,,식당,팔팔한상,서울특별시 강남구 밤고개로1길 10,37.4880244867416,127.101844450006,02-451-1550,우렁된장찌개,7000원,제육쌈(흑돼지150g),8000원,합리적인 가격의 우렁된장찌개,7000,8000.0
P004060,서울시 가격안정 모범업소,,식당,미도한우마을,서울특별시 강남구 삼성로 38 개포빌딩 108호,37.4886879268822,127.066845330996,02-557-3232,양념돼지갈비(250g),13000원,새싹비빔밥,6000원,합리적인 가격의 양념돼지갈비(250g),13000,6000.0
P004061,서울시 가격안정 모범업소,,식당,선우동가게,서울특별시 강남구 남부순환로359길 10 지하1층,37.4857149827811,127.036807166176,02-572-8887,비빔면,5000원,생우동,4000원,합리적인 가격의 비빔면,5000,4000.0
P004062,서울시 가격안정 모범업소,,식당,남원종가집추어탕,서울특별시 강남구 강남대로48길 8,37.486650214357,127.033843621425,02-3462-6667,추어탕,8000원,돈까스,7000원,합리적인 가격의 추어탕,8000,7000.0
P004063,서울시 가격안정 모범업소,,미용,이안헤어,서울특별시 강서구 남부순환로 11가길 84,37.5573747577591,126.813481851308,,펌,25000원,염색,20000원,합리적인 가격의 펌,25000,20000.0
P004064,서울시 가격안정 모범업소,,식당,추억순대국전문점,서울특별시 관악구 신림로26길 11 (신림동),37.4730610868971,126.934257250125,02)877-3885,순대국,9000원,뼈해장국,7000원,합리적인 가격의 순대국,9000,7000.0
P004065,서울시 가격안정 모범업소,,식당,남도전통순대명가,서울특별시 중구 마른내로 121-1 (오장동),37.5646994112832,127.001561532736,02-2277-4115,순대국,6000원,돼지국밥,7000원,합리적인 가격의 순대국,6000,7000.0
P004066,서울시 가격안정 모범업소,,식당,대청마루,서울특별시 중구 퇴계로44길 16 (필동2가),37.5612239718307,126.997084542386,02-2285-2650,"김치찌개, 된장찌개 등",7000원,돼지갈비(200g),12000원,"합리적인 가격의 김치찌개, 된장찌개 등",7000,12000.0
P004067,서울시 가격안정 모범업소,,식당,속초집,서울특별시 중구 퇴계로6길 3-6 (회현동1가),37.5578421649334,126.978636373697,02-775-2226,생태찌개,10000원,황태해장국,6000원,합리적인 가격의 생태찌개,10000,6000.0
P004068,서울시 가격안정 모범업소,,식당,진달래 시래기,서울특별시 중구 퇴계로12길 60 (회현동1가),37.5571089513413,126.981405204335,02-752-1208,오늘의밥상,9000원,무청시래기밥,9000원,합리적인 가격의 오늘의밥상,9000,9000.0
P004069,서울시 가격안정 모범업소,,미용,광희이용원,서울특별시 중구 동호로34길 18 (광희동1가),37.5651225695526,127.003435029249,02-2265-0605,이발,10000원,염색,10000원,합리적인 가격의 이발,10000,10000.0
P004070,서울시 가격안정 모범업소,,미용,거북아버지는이발사,서울특별시 중구 다산로44길 34 (신당동),37.5650000398392,127.018730544898,02-2252-9879,염색,15400원,이발,11000원,합리적인 가격의 염색,15400,11000.0
P004071,서울시 가격안정 모범업소,,세탁&목욕,일광세탁소,서울특별시 중구 다산로33다길 29 (신당동),37.5640829919161,127.013561996977,02-2239-6492,와이셔츠 1장 다림질,2000원,양복 한벌 드라이클리닝,8000원,합리적인 가격의 와이셔츠 1장 다림질,2000,8000.0
P004072,서울시 가격안정 모범업소,,식당,복지로분식,"서울특별시 중구 동호로11길 40 (신당동, 상춘)",37.5535036577158,127.008887725728,02-2234-2525,즉석떡볶이(2인분),6000원,김밥,2000원,합리적인 가격의 즉석떡볶이(2인분),6000,2000.0
P004073,서울시 가격안정 모범업소,,미용,감동헤어,서울특별시 광진구 자양로9길 32 (자양동),37.5334891359798,127.082599331145,,단백질펌,50000원,,,합리적인 가격의 단백질펌,50000,
P004074,서울시 가격안정 모범업소,,식당,자매생고기,서울특별시 광진구 자양로15길 96 (자양동),37.5347756694968,127.078376816636,02-456-2737,삼겹살,12000원,,,합리적인 가격의 삼겹살,12000,
P004075,서울시 가격안정 모범업소,,식당,돈먹고돈내고,서울특별시 강남구 언주로114길 5,37.5099313835552,127.038066145148,02-514-1276,이베리코(200g),12000원,소머리국밥,12000원,합리적인 가격의 이베리코(200g),12000,12000.0
P004076,서울시 가격안정 모범업소,,식당,비바비보 앤 호프,서울특별시 강남구 논현로136길 5-3 지상1층 103호,37.5161477852345,127.030225526722,0507-1325-5982,로제스파게티,8900원,까르보나라,8900원,합리적인 가격의 로제스파게티,8900,8900.0
P004077,서울시 가격안정 모범업소,,식당,대청김밥,서울특별시 강남구 개포로621 SH 지하1층,37.4941313928275,127.078783141187,02-226-2928,비빔밥,5000원,칼국수,5000원,합리적인 가격의 비빔밥,5000,5000.0
P004078,서울시 가격안정 모범업소,,식당,남도맛집,서울특별시 강남구 논현로114길 14,37.5086779877932,127.034576516389,02-546-5737,청국장,6000원,순두부찌개,6000원,합리적인 가격의 청국장,6000,6000.0
P004079,서울시 가격안정 모범업소,,식당,지리산 생고기,서울특별시 강남구 밤고개로 1길 10 지하2층,37.4880244867416,127.101844450006,02-2040-6776,차돌박이(150g),9900원,춘천닭갈비(200g),10000원,합리적인 가격의 차돌박이(150g),9900,10000.0
P004080,서울시 가격안정 모범업소,,식당,순대국밥,서울특별시 강남구 도곡로 516 지하1층 3호,37.4991812807975,127.062987853204,02-539-5163,부산돼지머리국밥,7000원,순대국,7000원,합리적인 가격의 부산돼지머리국밥,7000,7000.0
P004081,서울시 가격안정 모범업소,,식당,서평기사식당,서울특별시 강남구 개포로 646 지상1층 2호,37.4947190341979,127.083498810037,02-2226-1005,닭계장,8000원,닭곰탕,7000원,합리적인 가격의 닭계장,8000,7000.0
P004082,서울시 가격안정 모범업소,,미용,착한미용실,서울특별시 강남구 언주로67길 19 1층 103호,37.4955420283954,127.044096109866,02-558-1706,염색(뿌리염색+영양),20000원,펌(영양추가),35000원,합리적인 가격의 염색(뿌리염색+영양),20000,35000.0
P004083,서울시 가격안정 모범업소,,식당,육천중국요리,서울특별시 강남구 역삼로 37길 11,37.498628894039,127.042824333033,02-568-2250,볶음밥,7000원,짜장면,6000원,합리적인 가격의 볶음밥,7000,6000.0
P004084,서울시 가격안정 모범업소,,식당,멀티분식,서울특별시 강남구 테헤란로8길 13,37.4979976258881,127.031767156852,02-501-3453,가정식백반,6000원,돌솥비빔밥,6000원,합리적인 가격의 가정식백반,6000,6000.0
P004085,서울시 가격안정 모범업소,,식당,임가네민속집,서울특별시 강남구 논현로79길 7,37.4975685582687,127.037624488009,02-556-1015,평양만두국,8000원,손칼국수,7000원,합리적인 가격의 평양만두국,8000,7000.0
P004086,서울시 가격안정 모범업소,,식당,사랑의 도시락,서울특별시 강남구 강남대로94길 55 2층,37.5005339869309,127.031660682357,02-557-1733,한식뷔페,8000원,,,합리적인 가격의 한식뷔페,8000,
P004087,서울시 가격안정 모범업소,,식당,밥리버거 앤 치킨호프,서울특별시 강남구 언주로 405,37.4991851221367,127.043950332457,02-552-0388,제육덮밥,6000원,교자만두,4000원,합리적인 가격의 제육덮밥,6000,4000.0
P004088,서울시 가격안정 모범업소,,식당,다이천 마떡,서울특별시 노원구 석계로 106 (월계동),37.6231587724471,127.060412203211,02-976-4841,떡볶이,3500원,순대,2000원,합리적인 가격의 떡볶이,3500,2000.0
P004089,서울시 가격안정 모범업소,,미용,동원 이발소,서울특별시 동작구 동작대로27다길 41 (사당동),37.4857943269829,126.980414664875,02-536-3411,이발,12000원,커트,10000원,합리적인 가격의 이발,12000,10000.0
P004090,서울시 가격안정 모범업소,,세탁&목욕,복미 세탁,서울특별시 동작구 사당로2차길 49 (사당동),37.4865922059091,126.966850085526,02-586-4026,수선료,4000원,세탁료,7000원,합리적인 가격의 수선료,4000,7000.0
P004091,서울시 가격안정 모범업소,,미용,정아 헤어샵,서울특별시 동작구 매봉로 157-1,37.5115445659273,126.951215692206,02-824-2706,파마,20000원,커트,7000원,합리적인 가격의 파마,20000,7000.0
P004092,서울시 가격안정 모범업소,,세탁&목욕,조양사 세탁소,서울특별시 동작구 사당로22길 44 (사당동),37.4814452018467,126.976683748131,583-3723,세탁료,6000원,수선료,3000원,합리적인 가격의 세탁료,6000,3000.0
P004093,서울시 가격안정 모범업소,,세탁&목욕,경일 클리닝,서울특별시 동작구 사당로28길 6 (사당동),37.4841740773502,126.979550473951,02-583-5205,세탁료,7000원,수선료,4000원,합리적인 가격의 세탁료,7000,4000.0
P004094,서울시 가격안정 모범업소,,세탁&목욕,서정사 세탁소,서울특별시 동작구 사당로16가길 24 (사당동),37.483220648297,126.972146490446,02-584-2679,세탁료,7000원,수선료,5000원,합리적인 가격의 세탁료,7000,5000.0
P004095,서울시 가격안정 모범업소,,미용,마샬헤어,서울특별시 동작구 만양로14길 8 (노량진동),37.5113754832826,126.944942900793,02-815-2708,남자커트,9000원,파마,30000원,합리적인 가격의 남자커트,9000,30000.0
P004096,서울시 가격안정 모범업소,,식당,아이리스 분식,서울특별시 동작구 상도로15길 98 (상도동),37.5042747536117,126.936168016619,827-0288,김치찌개,4000원,비빔밥,4000원,합리적인 가격의 김치찌개,4000,4000.0
P004097,서울시 가격안정 모범업소,,식당,우리 콩사랑,서울특별시 동작구 신대방2길 3 (신대방동),37.487919502778,126.912651328736,846-8116,콩국수,8000원,순두부찌개,7000원,합리적인 가격의 콩국수,8000,7000.0
P004098,서울시 가격안정 모범업소,,식당,진미 순대국 감자탕,서울특별시 동작구 사당로17나길 2 (사당동),37.4840111951286,126.973326035611,김용산,순대국,7000원,해장국,7000원,합리적인 가격의 순대국,7000,7000.0
P004099,서울시 가격안정 모범업소,,식당,궁중순대,서울특별시 동작구 보라매로5길 15 (신대방동),37.4921758625358,126.924271334879,0507-1487-3288,순대국,8000원,,,합리적인 가격의 순대국,8000,
P004100,서울시 가격안정 모범업소,,식당,돈까스 참 잘하는 집,"서울특별시 동작구 보라매로5길 43 (신대방동, 보라매삼성쉐르빌)",37.4914310798968,126.923417000996,831-9989,돈까스,8500원,생선까스,9000원,합리적인 가격의 돈까스,8500,9000.0
P004101,서울시 가격안정 모범업소,,식당,궁중순대보쌈,서울특별시 동작구 등용로14길 60 (노량진동),37.5122454829029,126.934831643693,02-817-8664,황태해장국,8000원,순대국,8000원,합리적인 가격의 황태해장국,8000,8000.0
P004102,서울시 가격안정 모범업소,,식당,보물쌈,서울특별시 동작구 상도로 296-2 (상도1동),37.5011765524644,126.948946135113,814-2151,칼국수,3000원,,,합리적인 가격의 칼국수,3000,
P004103,서울시 가격안정 모범업소,,식당,맛구이촌,서울특별시 동작구 흑석로8길 5 (흑석동),37.5069090124786,126.959640137444,823-6068,"삼겹살(수입산, 170g)",6000원,,,"합리적인 가격의 삼겹살(수입산, 170g)",6000,
P004104,서울시 가격안정 모범업소,,식당,용주골 생고기,서울특별시 동작구 동작대로17길 5 (사당동),37.4826081258433,126.981186475909,02-583-5404,"삼겹살(국내산, 200g)",16000원,갈비탕,10000원,"합리적인 가격의 삼겹살(국내산, 200g)",16000,10000.0
P004105,서울시 가격안정 모범업소,,식당,"생오리 회전 숯불구이, 왕갈비탕",서울특별시 동작구 사당로14가길 8 (사당동),37.4840898743126,126.971863390615,525-4491,갈비탕,11000원,,,합리적인 가격의 갈비탕,11000,
P004106,서울시 가격안정 모범업소,,식당,금옥이네,서울특별시 동작구 노량진로6길 18 (노량진동),37.5122766083592,126.93572833783,02-816-3007,청국장,7000원,백반,5000원,합리적인 가격의 청국장,7000,5000.0
P004107,서울시 가격안정 모범업소,,식당,향기가득한 인생감자탕,서울특별시 동작구 상도로 319 (상도1동),37.4996556550095,126.951076864372,824-5780,뼈해장국,7000원,,,합리적인 가격의 뼈해장국,7000,
P004108,서울시 가격안정 모범업소,,식당,싸리골,서울특별시 구로구 구로중앙로22길 7 (구로동),37.4966645456973,126.888131538818,02-862-1323,생선+청국장,7000원,불고기쌈밥,7000원,합리적인 가격의 생선+청국장,7000,7000.0
P004109,서울시 가격안정 모범업소,,식당,북경,서울특별시 동작구 상도로37길 21 (상도1동),37.501668517018,126.949823168859,02-822-8022,짜장면,5000원,짬뽕,6500원,합리적인 가격의 짜장면,5000,6500.0
P004110,서울시 가격안정 모범업소,,식당,전라도 시래기국밥,서울특별시 동작구 여의대방로24길 97 (대방동),37.4990123600908,126.925435798068,821-5202,백반,7000원,,,합리적인 가격의 백반,7000,
P004111,서울시 가격안정 모범업소,,식당,남원집,서울특별시 동작구 여의대방로24가길 8 (대방동),37.4985672917518,126.921042680707,835-7066,보쌈정식,7000원,,,합리적인 가격의 보쌈정식,7000,
P004112,서울시 가격안정 모범업소,,식당,노들나루 밥상,서울특별시 동작구 만양로18길 19-3 (노량진동),37.5133173860201,126.945457706996,815-1409,삼겹살 쌈밥 정식,6500원,,,합리적인 가격의 삼겹살 쌈밥 정식,6500,
P004113,서울시 가격안정 모범업소,,식당,와가마마,서울특별시 동작구 만양로14길 12 (노량진동),37.511462329028,126.945112723564,02-823-2225,돈까스,8000원,,,합리적인 가격의 돈까스,8000,
P004114,서울시 가격안정 모범업소,,식당,내고향 나주곰탕,서울특별시 동작구 사당로 183 (사당동),37.4860180748094,126.969146535068,02-3476-2999,우거지곰탕,9000원,나주곰탕,10000원,합리적인 가격의 우거지곰탕,9000,10000.0
P004115,서울시 가격안정 모범업소,,식당,통삼겹구이 6900,서울특별시 동작구 보라매로 93 (신대방동),37.4977975981503,126.927714337339,02-826-9285,"삼겹살(수입산, 180g)",7900원,오리로스주물럭(200g),8000원,"합리적인 가격의 삼겹살(수입산, 180g)",7900,8000.0
P004116,서울시 가격안정 모범업소,,식당,이고시다,서울특별시 동작구 여의대방로22길 98 (신대방동),37.4977611427389,126.925451517201,02-821-7007,(점심)해물순두부찌개,6000원,(점심)알탕,7000원,합리적인 가격의 (점심)해물순두부찌개,6000,7000.0
P004117,서울시 가격안정 모범업소,,식당,가정식당,서울특별시 강남구 학동로77길 20 (청담동),37.5199920618463,127.048890257367,02-514-8009,비빔밥,7000원,된장찌개,7000원,합리적인 가격의 비빔밥,7000,7000.0
P004118,서울시 가격안정 모범업소,,식당,신림국수&닭볶음탕,서울특별시 관악구 신림동7길 51 (신림동),37.4848553151336,126.926925956652,02-883-9242,야채비빔밥,6000원,멸치국수,4000원,합리적인 가격의 야채비빔밥,6000,4000.0
P004119,서울시 가격안정 모범업소,,식당,진차돌,서울특별시 종로구 종로35길 39 (효제동) 1층 102호,37.5729411309312,127.003694955526,02-745-2516,차돌박이,7900원,삼겹살,8900원,합리적인 가격의 차돌박이,7900,8900.0
P004120,서울시 가격안정 모범업소,,식당,만족김치삼겹살(만족숯불갈비),서울특별시 종로구 종로53길 7-2 (창신동),37.572952861839,127.013401276692,02-765-1298,삼겹살(180g),14000원,생고기김치찌개,9000원,합리적인 가격의 삼겹살(180g),14000,9000.0
P004121,서울시 가격안정 모범업소,,카페,구대회커피,서울특별시 마포구 창전로2길 9 (신수동),37.5485753487941,126.933468892117,02-716-8739,카페라떼,2500원,아메리카노,2500원,합리적인 가격의 카페라떼,2500,2500.0
P004122,서울시 가격안정 모범업소,,식당,차이나는만두,"서울특별시 마포구 백범로 205 (신공덕동, 마포펜트라우스)",37.5440255735187,126.954094951539,02-702-7176,짬뽕,6000원,짜장면,5000원,합리적인 가격의 짬뽕,6000,5000.0
P004123,서울시 가격안정 모범업소,,카페,경성커피,서울특별시 마포구 삼개로 7-1 (도화동),37.5396648695587,126.947700718654,02-716-7007,카페라떼,3500원,아메리카노,3000원,합리적인 가격의 카페라떼,3500,3000.0
P004124,서울시 가격안정 모범업소,,카페,커피농부와정원,"서울특별시 마포구 월드컵로42길 14, 102호 (상암동)",37.5782644403453,126.882227142084,02-307-0123,아메리카노,2000원,카페라떼,3500원,합리적인 가격의 아메리카노,2000,3500.0
P004125,서울시 가격안정 모범업소,,미용,그린미용실,서울특별시 강서구 월정로30길 47 (화곡동),37.5347536477048,126.838536464077,02-2697-6254,미용료(파마),20000원,미용료(커트),7000원,합리적인 가격의 미용료(파마),20000,7000.0
P004126,서울시 가격안정 모범업소,,식당,손칼국수&손만두,"서울특별시 강남구 광평로56길 11 (수서동, 수서6단지아파트)",37.4878478418441,127.105794693568,02-445-1585,손칼국수,5000원,얼큰이칼국수,6000원,합리적인 가격의 손칼국수,5000,6000.0
P004127,서울시 가격안정 모범업소,,식당,원할매이모네닭한마리,서울특별시 강남구 도곡로4길 9 2층(도곡동),37.4894107169908,127.033546691595,02-3461-8555,닭칼국수,8000원,뚝배기닭볶음탕(1인),9000원,합리적인 가격의 닭칼국수,8000,9000.0
P004128,서울시 가격안정 모범업소,,식당,행운식당,서울특별시 강남구 선릉로 328 1층 8호(대치동),37.4990331412977,127.051899209649,02-561-4260,생선구이,7000원,된장찌개,7000원,합리적인 가격의 생선구이,7000,7000.0
P004129,서울시 가격안정 모범업소,,식당,국민우동집,서울특별시 강남구 테헤란로4길 38 (역삼동),37.4960150477092,127.030410444596,02-555-5849,콩나물국밥,5500원,비빔밥,6000원,합리적인 가격의 콩나물국밥,5500,6000.0
P004130,서울시 가격안정 모범업소,,식당,노다지,서울특별시 강남구 개포로30길 6 (개포동),37.4786299844478,127.049631635832,02-573-1008,백반,7000원,삽겹살(180g),14000원,합리적인 가격의 백반,7000,14000.0
P004131,서울시 가격안정 모범업소,,식당,시골애 청국장,서울특별시 강남구 개포로 638 (일원동) 지상1층 102호,37.4943509473334,127.082380254605,02-3411-1041,황태해장국,7000원,뚝배기불고기,7000원,합리적인 가격의 황태해장국,7000,7000.0
P004132,서울시 가격안정 모범업소,,식당,풍경한식,"서울특별시 강남구 광평로47길 17 (수서동, 신동아아파트)",37.4879086504963,127.098186321626,02-3411-0005,된장찌개,8000원,오늘의 메뉴,7000원,합리적인 가격의 된장찌개,8000,7000.0
P004133,서울시 가격안정 모범업소,,식당,오가네밥상,서울특별시 강남구 광평로 280 지하2층 138호,37.4873191631489,127.103108072457,02-3413-0181,생삽겹살(180g),14000원,오늘의메뉴,6000원,합리적인 가격의 생삽겹살(180g),14000,6000.0
P004134,서울시 가격안정 모범업소,,식당,신의주찹쌀순대감자탕,서울특별시 강남구 테헤란로27길 22 (역삼동),37.5029214846921,127.0377515774,02-508-0799,순대국,7000원,,,합리적인 가격의 순대국,7000,
P004135,서울시 가격안정 모범업소,,식당,강남제비,서울특별시 강남구 테헤란로25길 20 역삼현대벤처빌딩2층 207호(역삼동),37.50163099585,127.03565182565,02-2192-3599,손수제비,5000원,,,합리적인 가격의 손수제비,5000,
P004136,서울시 가격안정 모범업소,,미용,힘북이발소,"서울특별시 노원구 동일로 1390, 상계주공6단지 상가 204 (상계동)",37.6527180726916,127.061519941724,0507-1348-2331,커트,7000원,,,합리적인 가격의 커트,7000,
P004137,서울시 가격안정 모범업소,,식당,불암골 맛있는 집,서울특별시 노원구 중계로16가길 17 (중계동),37.6508525454245,127.082155642783,932-9988,가정식 백반,5000원,,,합리적인 가격의 가정식 백반,5000,
P004138,서울시 가격안정 모범업소,,기타,쉼터기원,"서울특별시 강동구 양재대로 1389 (성내동), 3층",37.5301855837389,127.136767500935,,기원,3000원,,,합리적인 가격의 기원,3000,
P004139,서울시 가격안정 모범업소,,식당,장충동한방왕족발,서울특별시 중구 퇴계로85길 6-2 (황학동),37.5660557371534,127.019832708079,02-2231-0242,왕족발(소),12000원,미니족발(소),8000원,합리적인 가격의 왕족발(소),12000,8000.0
P004140,서울시 가격안정 모범업소,,세탁&목욕,백미사 세탁소,서울특별시 중구 퇴계로90길 49 (신당동),37.5630860732007,127.021766930064,02-2252-5885,수선,5000원,드라이클리닝,20000원,합리적인 가격의 수선,5000,20000.0
P004141,서울시 가격안정 모범업소,,미용,황해이발관,서울특별시 강북구 솔매로 35-1 (미아동),37.6255551346873,127.016344995404,-,커트,8000원,,,합리적인 가격의 커트,8000,
P004142,서울시 가격안정 모범업소,,세탁&목욕,건영사우나,"서울특별시 성동구 동일로 263 (송정동, 송정동 건영아파트)",37.5562716907636,127.071436032611,02-464-9888,목욕료(성인),6500원,찜질방 이용료,7000원,합리적인 가격의 목욕료(성인),6500,7000.0
P004143,서울시 가격안정 모범업소,,식당,보글보글 지글지글,서울특별시 관악구 난우길 47 (신림동),37.4768291603851,126.916886603878,02-3281-8253,삼겹살,9000원,백반,5000원,합리적인 가격의 삼겹살,9000,5000.0
P004144,서울시 가격안정 모범업소,,식당,옥천골,서울특별시 관악구 청룡7길 41 (봉천동),37.4797249418122,126.948384358169,02-877-8292,돌솥추어탕,10000원,,,합리적인 가격의 돌솥추어탕,10000,
P004145,서울시 가격안정 모범업소,,미용,심영희헤어,서울특별시 관악구 관악로29길 14,37.4866701052015,126.955975024873,없음,커트,12000원,퍼머,35000원,합리적인 가격의 커트,12000,35000.0
P004146,서울시 가격안정 모범업소,,식당,은행나무갈매기,서울특별시 금천구 금하로 678 (시흥동),37.4523358741933,126.905589556471,02-894-8999,갈비살,8900원,돼지갈비,8900원,합리적인 가격의 갈비살,8900,8900.0
P004147,서울시 가격안정 모범업소,,기타,와이앤케이 스튜디오,"서울특별시 마포구 삼개로 24, 3층 (도화동, 용현빌딩)",37.5380766743398,126.947290085643,02-6337-6001,4x6 즉석인화,500원,가족사진 24R,198000원,합리적인 가격의 4x6 즉석인화,500,198000.0
P004148,서울시 가격안정 모범업소,,식당,더스푼,서울특별시 강남구 역삼로 517 (대치동),37.5036697295704,127.059872120555,02-567-9889,한식뷔페,6000원,,,합리적인 가격의 한식뷔페,6000,
P004149,서울시 가격안정 모범업소,,식당,황가솥뚜껑삼겹살,서울특별시 강남구 논현로30길 36 지하1층(도곡동),37.4844472838557,127.044596011723,02-578-9043,자반고등어구이,10000원,제육볶음,9000원,합리적인 가격의 자반고등어구이,10000,9000.0
P004150,서울시 가격안정 모범업소,,식당,예자네밥상,서울특별시 강남구 테헤란로114길 30 (대치동),37.5077999850219,127.066997299214,02-553-4675,반도리탕,9000원,,,합리적인 가격의 반도리탕,9000,
P004151,서울시 가격안정 모범업소,,식당,예향,서울특별시 강남구 역삼로7길 3 2층(역삼동),37.4943161153707,127.033070439657,02-539-4431,볶음밥,6500원,짬뽕,6000원,합리적인 가격의 볶음밥,6500,6000.0
P004152,서울시 가격안정 모범업소,,식당,역삼정,서울특별시 강남구 역삼로19길 31 (역삼동),37.4972640580055,127.037498923432,02-539-7107,청국장,9000원,부추된장비빔밥,8000원,합리적인 가격의 청국장,9000,8000.0
P004153,서울시 가격안정 모범업소,,미용,커트클럽,"서울특별시 노원구 동일로 1541 (상계동, 11단지종합상가 15-2)",37.6656742727167,127.05705028385,02-933-0221,커트,8000원,,,합리적인 가격의 커트,8000,
P004154,서울시 가격안정 모범업소,,식당,형제해장국,"서울특별시 노원구 동일로 1106, 1층 일부(공릉동)",37.6287541834892,127.071806232497,02-979-5309,김치찌개,5000원,해장국,4500원,합리적인 가격의 김치찌개,5000,4500.0
P004155,서울시 가격안정 모범업소,,카페,카페 베아띠,서울특별시 중구 삼일대로 300 (충무로2가),37.5615064355734,126.989295876044,02-2264-8695,샌드위치 세트,5500원,베이글 세트,4500원,합리적인 가격의 샌드위치 세트,5500,4500.0
P004156,서울시 가격안정 모범업소,,미용,노랑머리미용실,서울특별시 관악구 남부순환로145길 11 (신림동),37.4821635257209,126.912075417702,02-864-6196,학생커트,8000원,파마,18000원,합리적인 가격의 학생커트,8000,18000.0
P004157,서울시 가격안정 모범업소,,식당,우리가참순대,서울특별시 관악구 관악로 148 (봉천동),37.4784570897706,126.952584285368,02-883-1063,순대국,5000원,,,합리적인 가격의 순대국,5000,
P004158,서울시 가격안정 모범업소,,미용,에스더헤어스케치,서울특별시 구로구 구로동로38길 8 (구로동),37.4946586770546,126.883330828315,02-867-4522,파카,25000원,퍼머,2000원,합리적인 가격의 파카,25000,2000.0
P004159,서울시 가격안정 모범업소,,식당,삼겹살데이,서울특별시 서대문구 가좌로 29 (연희동),37.5771968019294,126.932276391801,324-0301,삼겹살,5900원,,,합리적인 가격의 삼겹살,5900,
P004160,서울시 가격안정 모범업소,,카페,커피디인,서울특별시 서대문구 거북골로20길3,37.5784481753596,126.909291290099,309-1688,커피,2000원,,,합리적인 가격의 커피,2000,
P004161,서울시 가격안정 모범업소,,카페,1번출구커피,서울특별시 서대문구 통일로 460 (홍제동),37.5896137961514,126.943493558018,379-0595,커피,1500원,,,합리적인 가격의 커피,1500,
P004162,서울시 가격안정 모범업소,,식당,소돈,서울특별시 서대문구 응암로 69 (북가좌동),37.579433797164,126.910742120966,070-8289-8573,소갈비살,15000원,생삼겹살(150g),12000원,합리적인 가격의 소갈비살,15000,12000.0
P004163,서울시 가격안정 모범업소,,카페,더케익부티크,서울특별시 서대문구 통일로39나길 28 (홍제동),37.5892707997054,126.942398596365,3217-5878,커피,2000원,,,합리적인 가격의 커피,2000,
P004164,서울시 가격안정 모범업소,,식당,나주식당,서울특별시 서대문구 연세로 10-1,37.5564898249423,126.937122838477,02-393-9982,제육볶음,8000원,김치찌개,8000원,합리적인 가격의 제육볶음,8000,8000.0
P004165,서울시 가격안정 모범업소,,식당,조정현갈비탕,서울특별시 서대문구 명물길 43-3 (창천동),37.5587963747686,126.938485605546,312-5408,삼겹살,10000원,,,합리적인 가격의 삼겹살,10000,
P004166,서울시 가격안정 모범업소,,식당,중화요리 신세계로반점,서울특별시 서대문구 증가로24바길 71 (북가좌동),37.5831727914863,126.91932605537,02-304-5100,짬뽕,7500원,볶음밥,8000원,합리적인 가격의 짬뽕,7500,8000.0
P004167,서울시 가격안정 모범업소,,식당,다미돈까스,서울특별시 서대문구 증가로 260 (북가좌동),37.5838903814972,126.911461158617,373-3322,돈가스,5500원,,,합리적인 가격의 돈가스,5500,
P004168,서울시 가격안정 모범업소,,식당,이삭칼국수,서울특별시 서대문구 증가로 101 (남가좌동),37.5760844387339,126.925550444548,3152-8882,칼국수,4500원,,,합리적인 가격의 칼국수,4500,
P004169,서울시 가격안정 모범업소,,식당,엄마손밥상,서울특별시 서대문구 응암로1길 9-1 (북가좌동),37.5811281297312,126.911119132653,302-3486,불고기,7000원,,,합리적인 가격의 불고기,7000,
P004170,서울시 가격안정 모범업소,,식당,고향한식부페,서울특별시 강남구 논현로72길 20 지하1층(역삼동),37.4958026662855,127.041164578983,02-3452-8050,한식부페,7000원,,,합리적인 가격의 한식부페,7000,
P004171,서울시 가격안정 모범업소,,식당,대영식당,서울특별시 강남구 강남대로62길 30 (역삼동),37.4907494722819,127.034043127113,02-566-1373,김치찌개,5000원,된장찌개,5000원,합리적인 가격의 김치찌개,5000,5000.0
P004172,서울시 가격안정 모범업소,,식당,누이네,"서울특별시 강남구 압구정로2길 46 (신사동, 강남상가아파트) 1층 3호, 40호",37.5187672551656,127.020691646267,02-545-5195,된장찌개,6000원,순두부찌개,6000원,합리적인 가격의 된장찌개,6000,6000.0
P004173,서울시 가격안정 모범업소,,식당,보현식당,"서울특별시 광진구 뚝섬로34길 9 (자양동, 자양2차현대아파트)",37.5341773172557,127.070360929513,458-5784,냉면,5000원,,,합리적인 가격의 냉면,5000,
P004174,서울시 가격안정 모범업소,,식당,신가네참숯민물장어,서울특별시 금천구 시흥대로52길 18 (시흥동),37.4522347895411,126.902602740624,02-802-2999,장어탕,7000원,삼겹살,6000원,합리적인 가격의 장어탕,7000,6000.0
P004175,서울시 가격안정 모범업소,,식당,산들바다 생고기,서울특별시 금천구 금하로 613 (시흥동),37.4545634188182,126.899436824785,02-808-6919,생목살 200g,11000원,"돼지불고기(간장,고추장)",7000원,합리적인 가격의 생목살 200g,11000,7000.0
P004176,서울시 가격안정 모범업소,,식당,육합춘짜장짬뽕전문,서울특별시 금천구 시흥대로26길 5 (시흥동),37.4418724111676,126.904148254962,02-802-0133,짜장면,4000원,간짜장,6500원,합리적인 가격의 짜장면,4000,6500.0
P004177,서울시 가격안정 모범업소,,식당,장수갈비,서울특별시 금천구 금하로 638,37.4545524993362,126.901881712113,02-805-8284,돼지갈비,14000원,김치찌개,7000원,합리적인 가격의 돼지갈비,14000,7000.0
P004178,서울시 가격안정 모범업소,,식당,금천식당,서울특별시 금천구 시흥대로56길 22 (시흥동),37.4525718678169,126.902942601158,02-809-5530,칼국수,4000원,된장찌게,6000원,합리적인 가격의 칼국수,4000,6000.0
P004179,서울시 가격안정 모범업소,,식당,순장어,서울특별시 금천구 시흥대로52길 70 (시흥동),37.4543759413967,126.901713654713,02-802-5525,장어탕+공기밥,9000원,풍천민물장어 1kg,69000원,합리적인 가격의 장어탕+공기밥,9000,69000.0
P004180,서울시 가격안정 모범업소,,식당,다  담,"서울특별시 금천구 디지털로9길 68, 대륭포스트타워5차 B113호 (가산동)",37.4810758439164,126.886418278694,02-521-4755,김치찌개,6000원,,,합리적인 가격의 김치찌개,6000,
P004181,서울시 가격안정 모범업소,,세탁&목욕,두산뉴그린사우나,"서울특별시 금천구 가산로 106 (가산동, 주상복합두산아파트)",37.4754448085701,126.893680931368,02-851-8607,목욕료,5000원,,,합리적인 가격의 목욕료,5000,
P004182,서울시 가격안정 모범업소,,미용,두산이발소,"서울특별시 금천구 가산로 99, 가산위브아파트상가동 B01호 (가산동, 두산위브아파트)",37.4761567725398,126.891289403751,0508-2776-7264,컷트,5000원,,,합리적인 가격의 컷트,5000,
P004183,서울시 가격안정 모범업소,,식당,자연화로구이,서울특별시 금천구 시흥대로153길 42 (가산동),37.4772030155489,126.896086177402,02-862-8535,생오겹살 180g,13000원,부페,5500원,합리적인 가격의 생오겹살 180g,13000,5500.0
P004184,서울시 가격안정 모범업소,,식당,얼큰순대국,"서울특별시 금천구 범안로 1201, 1층 (독산동)",37.4667855381699,126.895270209726,02-809-8550,순대국,6000원,뚝불고기,6000원,합리적인 가격의 순대국,6000,6000.0
P004185,서울시 가격안정 모범업소,,세탁&목욕,은혜세탁,"서울특별시 금천구 벚꽃로 73, 현대종합상가 103호 (독산동, 금천현대아파트)",37.4629100391456,126.890423305457,02-892-1230,여성복,8000원,남성복,9000원,합리적인 가격의 여성복,8000,9000.0
P004186,서울시 가격안정 모범업소,,식당,만세한식부페본점,서울특별시 금천구 가산로3길 77 (독산동),37.4721620922498,126.89142666382,02-808-7862,한식뷔페,6500원,,,합리적인 가격의 한식뷔페,6500,
P004187,서울시 가격안정 모범업소,,식당,대호식당,서울특별시 금천구 가산로3길 55 (독산동),37.4721683920675,126.892502755036,02-864-5623,순대국,6000원,백반,5000원,합리적인 가격의 순대국,6000,5000.0
P004188,서울시 가격안정 모범업소,,식당,참치킹,"서울특별시 금천구 벚꽃로 298, 대륭포스트타워6차 (가산동)",37.4814401689835,126.883871693415,02-2083-8885,회덮밥,8000원,참치회 한접시(중),49000원,합리적인 가격의 회덮밥,8000,49000.0
P004189,서울시 가격안정 모범업소,,식당,맛순이순대국감자탕,"서울특별시 금천구 가산로5길 72, 1층 103호 (가산동)",37.4737740714843,126.890723534867,02-861-0758,뼈해장국,8000원,순댓국,7000원,합리적인 가격의 뼈해장국,8000,7000.0
P004190,서울시 가격안정 모범업소,,식당,꼼이네,서울특별시 금천구 디지털로12길 21 (가산동),37.4777408798821,126.889876396125,02-830-7261,된장찌게,5000원,백반,5000원,합리적인 가격의 된장찌게,5000,5000.0
P004191,서울시 가격안정 모범업소,,세탁&목욕,송도세탁,서울특별시 금천구 가산로3길 48 (가산동),37.4723492072261,126.892880302157,02-861-2037,세탁,8000원,,,합리적인 가격의 세탁,8000,
P004192,서울시 가격안정 모범업소,,식당,가산순대국,서울특별시 금천구 가산로 147-7 (가산동),37.4780157325976,126.89040927998,02-830-7514,순대국,7000원,,,합리적인 가격의 순대국,7000,
P004193,서울시 가격안정 모범업소,,식당,속초맛집,서울특별시 동대문구 제기로 86 (청량리동),37.5865558901596,127.042624777555,963-3036,모듬생선조림,40000원,,,합리적인 가격의 모듬생선조림,40000,
P004194,서울시 가격안정 모범업소,,식당,두부마을,서울특별시 강북구 오현로31길 109 (번동),37.6323103786775,127.035258963636,988-8464,두부마을정식,7000원,순두부정식,7000원,합리적인 가격의 두부마을정식,7000,7000.0
P004195,서울시 가격안정 모범업소,,식당,옥문,서울특별시 영등포구 버드나루로7길 12-1 (영등포동7가),37.5228988247661,126.909492637444,02-2671-8633,자장면,3500원,탕수육,8500원,합리적인 가격의 자장면,3500,8500.0
P004196,서울시 가격안정 모범업소,,미용,조이미용실,서울특별시 영등포구 도신로58길 9 (신길동),37.5110743005313,126.916806910493,02-847-1521,커트,5000원,파마,20000원,합리적인 가격의 커트,5000,20000.0
P004197,서울시 가격안정 모범업소,,식당,포천이동갈비촌,서울특별시 관악구 신원로 40-12 (신림동),37.4816730115707,126.9293930154,02-884-7109,갈비탕,10000원,돼지갈비(300g),13000원,합리적인 가격의 갈비탕,10000,13000.0
P004198,서울시 가격안정 모범업소,,식당,의정부 부대찌개,서울특별시 도봉구 덕릉로60길 57 (창동),37.6377454995921,127.040798521675,02-998-6977,백반,5000원,우렁된장찌개,6000원,합리적인 가격의 백반,5000,6000.0
P004199,서울시 가격안정 모범업소,,식당,나드리식당,서울특별시 강남구 선릉로6길 19 (개포동),37.4832705457175,127.062359197564,070-4121-9923,불뚝배기,8000원,김치찌개,7000원,합리적인 가격의 불뚝배기,8000,7000.0
P004200,서울시 가격안정 모범업소,,식당,강남본돼지갈비,서울특별시 강남구 개포로22길 27 (개포동),37.4773175542818,127.049031800242,02-575-3792,생오겹살(200g),15000원,참숯불돼지갈비(300g),15000원,합리적인 가격의 생오겹살(200g),15000,15000.0
P004201,서울시 가격안정 모범업소,,식당,영동우동,서울특별시 강남구 도곡로7길 28 (역삼동),37.4925710310399,127.034381266758,02-555-6858,영동우동,4000원,잔치국수,4500원,합리적인 가격의 영동우동,4000,4500.0
P004202,서울시 가격안정 모범업소,,식당,가로수길칼국수,서울특별시 강남구 압구정로2길 46 강남상가 1층 19호,37.5187672551656,127.020691646267,02-512-6474,바지락칼국수,7000원,새싹열부비빔밥,6000원,합리적인 가격의 바지락칼국수,7000,6000.0
P004203,서울시 가격안정 모범업소,,식당,웨스턴후라이드라이스,서울특별시 마포구 홍익로 6길 4,37.5548311489463,126.922382960497,02-336-7892,햄김치볶음밥,7000원,김치야채볶음밥,7500원,합리적인 가격의 햄김치볶음밥,7000,7500.0
P004204,서울시 가격안정 모범업소,,미용,실버머리방,서울특별시 서대문구 세검정로1길 40 (홍은동),37.5929045191842,126.943744478832,070-8171-7516,파마,20000원,커트,5000원,합리적인 가격의 파마,20000,5000.0
P004205,서울시 가격안정 모범업소,,미용,은혜헤어,서울특별시 서대문구 홍은중앙로9길 2 (홍은동),37.5994705589562,126.948218856717,02-395-3619,커트(남자),12000원,파마,35000원,합리적인 가격의 커트(남자),12000,35000.0
P004206,서울시 가격안정 모범업소,,식당,가원,서울특별시 서대문구 통일로 422 (홍제동),37.5871283392005,126.946437152597,02-723-4149,탕수육,6000원,자장면,3000원,합리적인 가격의 탕수육,6000,3000.0
P004207,서울시 가격안정 모범업소,,식당,비락,서울특별시 서대문구 연희로 243 (연희동),37.578871179364,126.935769517236,02-394-6666,자장면,2500원,짬뽕,3000원,합리적인 가격의 자장면,2500,3000.0
P004208,서울시 가격안정 모범업소,,식당,곰닭,서울특별시 서대문구 홍은중앙로 116-1 (홍은동),37.6008876832898,126.949153934124,02-6406-9291,치킨,12000원,,,합리적인 가격의 치킨,12000,
P004209,서울시 가격안정 모범업소,,식당,생삼이네,서울특별시 서대문구 통일로37길 38 (홍제동),37.5865719687275,126.943899601626,02-6337-8621,삼겹살,5900원,생삼겹살,10000원,합리적인 가격의 삼겹살,5900,10000.0
P004210,서울시 가격안정 모범업소,,식당,어가네,서울특별시 서대문구 모래내로 377-1 (홍제동),37.5830119672702,126.937620422468,02-379-5612,비빔밥,5000원,김치찌개,5000원,합리적인 가격의 비빔밥,5000,5000.0
P004211,서울시 가격안정 모범업소,,기타,낭만극장(추억을 파는 극장),"서울특별시 종로구 삼일대로 428 (낙원동), 4층",37.5727635233966,126.987902476529,02-3672-4235,영화관람권,2000원,,,합리적인 가격의 영화관람권,2000,
P004212,서울시 가격안정 모범업소,,식당,수유시골집,"서울특별시 강북구 도봉로 328 (번동), 가든타워 지하 31호",37.6371277340534,127.025191277715,02-990-4343,제육볶음,6000원,백반,5000원,합리적인 가격의 제육볶음,6000,5000.0
P004213,서울시 가격안정 모범업소,,식당,무릉도원,"서울특별시 구로구 구로동로28길 64-12 (구로동, 남촌홈타운)",37.490346002464,126.887694994742,02-857-2111,가정식백반,5000원,,,합리적인 가격의 가정식백반,5000,
P004214,서울시 가격안정 모범업소,,미용,신진미용실,서울특별시 강북구 한천로 1104 (수유동),37.6441240100271,127.021329732376,02-993-3337,커트,6000원,파마,15000원,합리적인 가격의 커트,6000,15000.0
P004215,서울시 가격안정 모범업소,,미용,아빠이용원,"서울특별시 송파구 마천로45길 44 (마천동), 1층",37.4993225629689,127.152140421338,407-9020,커트,8000원,일반요금,12000원,합리적인 가격의 커트,8000,12000.0
P004216,서울시 가격안정 모범업소,,식당,밀가칼국수,서울특별시 강남구 영동대로106길 33 (삼성동),37.5141649803156,127.063851151366,02-566-5805,만두국,7000원,새싹비빔밥,7000원,합리적인 가격의 만두국,7000,7000.0
P004217,서울시 가격안정 모범업소,,식당,도곡한우소머리국밥,"서울특별시 강남구 도곡로 172 (도곡동), 지상 1층",37.4913872454127,127.038325063122,02-2057-0252,콩나물국밥,5000원,양선지국밥,9000원,합리적인 가격의 콩나물국밥,5000,9000.0
P004218,서울시 가격안정 모범업소,,식당,착한우동짜장,서울특별시 관악구 신림로 255 (신림동),37.4777715239385,126.932742129152,없음,짜장면,3500원,우동,3500원,합리적인 가격의 짜장면,3500,3500.0
P004219,서울시 가격안정 모범업소,,식당,형제갈비,서울특별시 구로구 구로동로18길 20-6 (구로동),37.4877484269729,126.885472287527,02-868-1354,"삼겹살(국,200g)",10000원,"돼지갈비(국,200g)",10000원,"합리적인 가격의 삼겹살(국,200g)",10000,10000.0
P004220,서울시 가격안정 모범업소,,식당,수타손짜장,"서울특별시 강남구 개포로 615 (개포동), 지하1층 110호",37.4926580850327,127.07558248914,02-451-9763,짜장+짬뽕set,9000원,탕수육+짜장set,10000원,합리적인 가격의 짜장+짬뽕set,9000,10000.0
P004221,서울시 가격안정 모범업소,,식당,한우정육점식당,서울특별시 강남구 일원로5길 24 (일원동),37.4913251437865,127.082698181728,02-445-6633,한우된장찌개,7000원,한돈김치찌개,7000원,합리적인 가격의 한우된장찌개,7000,7000.0
P004222,서울시 가격안정 모범업소,,식당,윤화돈까스기사식당,서울특별시 강남구 도곡로 221 (역삼동),37.4933849559237,127.043042522545,02-3463-0863,돈까스,8000원,생선까스,8000원,합리적인 가격의 돈까스,8000,8000.0
P004223,서울시 가격안정 모범업소,,식당,양철집,"서울특별시 강남구 언주로153길 16 (신사동), 1층",37.5227502618899,127.031878555319,02-542-6689,누룽지정식,7000원,순두부찌개,7000원,합리적인 가격의 누룽지정식,7000,7000.0
P004224,서울시 가격안정 모범업소,,카페,커피알,"서울특별시 강남구 테헤란로 322 (역삼동), 한신인터벨 지하 156호",37.5032355765545,127.046582379785,02-2183-2259,카페라떼,2000원,아메리카노,1000원,합리적인 가격의 카페라떼,2000,1000.0
P004225,서울시 가격안정 모범업소,,식당,전주비빔밥,"서울특별시 강남구 봉은사로 524 (삼성동), 공항타워 지하1층 14호",37.5129534255276,127.057115600619,02-2016-5280,미역국,7000원,전주비빔밥,7500원,합리적인 가격의 미역국,7000,7500.0
P004226,서울시 가격안정 모범업소,,식당,가득드림,서울특별시 강남구 영동대로 513 지하1층 M113호,37.5118239121138,127.059159043842,02-551-8288,주문포장,7700원,self포장,6600원,합리적인 가격의 주문포장,7700,6600.0
P004227,서울시 가격안정 모범업소,,식당,허브족발,서울특별시 성북구 오패산로4길 41 (하월곡동),37.6042344041147,127.040110921836,912-7008,칼국수,2500원,물냉면,3500원,합리적인 가격의 칼국수,2500,3500.0
P004228,서울시 가격안정 모범업소,,식당,세종하늘마루,서울특별시 광진구 군자로 153 (군자동),37.5549840515554,127.076089254383,497-5540,된장찌개,5000원,삼겹살,11000원,합리적인 가격의 된장찌개,5000,11000.0
P004229,서울시 가격안정 모범업소,,식당,서담,서울특별시 금천구 시흥대로52길 6 (시흥동),37.4517161495622,126.902801192579,805-3151,냉면,5000원,제주산생고기,9000원,합리적인 가격의 냉면,5000,9000.0
P004230,서울시 가격안정 모범업소,,식당,동남숯불생구이,서울특별시 금천구 독산로 247 (독산동),37.4689866959124,126.902087352565,854-9049,불고기정식,7000원,삼계탕,11000원,합리적인 가격의 불고기정식,7000,11000.0
P004231,서울시 가격안정 모범업소,,식당,착한깡통,서울특별시 송파구 마천로41길 33 (마천동),37.4970561264087,127.151194616181,070-7527-8215,삼겹살(600g),19900원,,,합리적인 가격의 삼겹살(600g),19900,
P004232,서울시 가격안정 모범업소,,식당,메운불닭,서울특별시 송파구 위례성대로18길 28 (방이동),37.5100380473931,127.1249301805,421-2223,돈가스,4900원,,,합리적인 가격의 돈가스,4900,
P004233,서울시 가격안정 모범업소,,식당,정하람남도팥칼국수,서울특별시 송파구 삼전로 90 (삼전동),37.5063165289059,127.090095337976,415-2334,칼국수,4000원,비빔밥,5000원,합리적인 가격의 칼국수,4000,5000.0
P004234,서울시 가격안정 모범업소,,식당,꾸어구어,서울특별시 송파구 마천로 293 (마천동),37.4964983223782,127.148917897464,449-9295,삼겹살(200g),5900원,,,합리적인 가격의 삼겹살(200g),5900,
P004235,서울시 가격안정 모범업소,,식당,숙아채콩나물국밥역삼1호점,서울특별시 강남구 도곡로7길 25 지상1층 (역삼동),37.4922293654383,127.034082923727,02-554-7490,콩나물국밥,5000원,녹두전,7000원,합리적인 가격의 콩나물국밥,5000,7000.0
P004236,서울시 가격안정 모범업소,,식당,토속칼국수,서울특별시 강동구 양재대로113길 8 (길동),37.5380922542972,127.139512065498,02-472-2293,수제비,5500원,콩국수,6500원,합리적인 가격의 수제비,5500,6500.0
P004237,서울시 가격안정 모범업소,,식당,진부령황태해장국,서울특별시 용산구 대사관로24길 15 (한남동),37.5329182101991,127.004990574842,790-9950,황태해장국,5000원,된장찌개,5000원,합리적인 가격의 황태해장국,5000,5000.0
P004238,서울시 가격안정 모범업소,,기타,매니아당구클럽,서울특별시 금천구 독산로 218 (독산동),37.4663579296014,126.902005888784,02-893-1160,이용료(10분당),1200원,,,합리적인 가격의 이용료(10분당),1200,
P004239,서울시 가격안정 모범업소,,식당,아마자께,서울특별시 동대문구 천장산로7길 16 (이문동),37.5985014902704,127.056980384807,,김치볶음밥,7500원,물냉면,7500원,합리적인 가격의 김치볶음밥,7500,7500.0
P004240,서울시 가격안정 모범업소,,미용,경로이발,"서울특별시 동대문구 왕산로 175-1, 2층 (제기동)",37.5796079576696,127.042658968115,,염색,8000원,커트,7000원,합리적인 가격의 염색,8000,7000.0
P004241,서울시 가격안정 모범업소,,식당,착한메밀,서울특별시 노원구 상계로 111 (상계동),37.6575426833216,127.067083120473,02-936-2819,옹심이칼국수,5000원,,,합리적인 가격의 옹심이칼국수,5000,
P004242,서울시 가격안정 모범업소,,식당,효성마루(효성식당),서울특별시 마포구 마포대로7길 15 (공덕동),37.5469323453646,126.951977068223,02-716-3683,김치찌개백반정식,8000원,청국장,9000원,합리적인 가격의 김치찌개백반정식,8000,9000.0
P004243,서울시 가격안정 모범업소,,미용,미스미용실,서울특별시 마포구 토정로17길 22 (신수동),37.5457020584836,126.935902771545,711-9392,커트,5000원,퍼머,15000원,합리적인 가격의 커트,5000,15000.0
P004244,서울시 가격안정 모범업소,,식당,새마을,서울특별시 마포구 동교로9길 51 (망원동),37.555903015494,126.909176025526,0,닭계장,4000원,막국수,4000원,합리적인 가격의 닭계장,4000,4000.0
P004245,서울시 가격안정 모범업소,,식당,소야지,서울특별시 광진구 능동로36길 24 (능동),37.5558597220073,127.080452095308,446-7645,삼겹살,10000원,,,합리적인 가격의 삼겹살,10000,
P004246,서울시 가격안정 모범업소,,식당,성원식당,서울특별시 광진구 천호대로 666 (구의동),37.5513571934247,127.08931299554,453-5939,냉면,5000원,,,합리적인 가격의 냉면,5000,
P004247,서울시 가격안정 모범업소,,식당,홍천화로숯불갈비,서울특별시 광진구 천호대로110길 27 (능동),37.5559615574095,127.079754599587,02-454-9285,냉면,7000원,된장찌개,5000원,합리적인 가격의 냉면,7000,5000.0
P004248,서울시 가격안정 모범업소,,식당,옥문,서울특별시 광진구 광나루로56길 63 (구의동),37.5367887874337,127.096160584389,446-8764,탕수육,17000원,짱뽕,5000원,합리적인 가격의 탕수육,17000,5000.0
P004249,서울시 가격안정 모범업소,,식당,북경,서울특별시 광진구 화양동 3-30 (능동로 135),37.5430060588592,127.0718204326,469-6347,짭뽕,4000원,자장면,3500원,합리적인 가격의 짭뽕,4000,3500.0
P004250,서울시 가격안정 모범업소,,미용,현헤어#(현헤어샵),서울특별시 강서구 강서로45길 174 (내발산동),37.5527181773866,126.830668563722,02-2667-3693,커트(학생),9000원,파마,40000원,합리적인 가격의 커트(학생),9000,40000.0
P004251,서울시 가격안정 모범업소,,미용,힐링이발,서울특별시 영등포구 당산로10길 15 (당산동1가),37.5218269102174,126.897483827937,-,커트,9000원,,,합리적인 가격의 커트,9000,
P004252,서울시 가격안정 모범업소,,미용,킴머리방,서울특별시 영등포구 도림로113길 8 (도림동),37.5087327233597,126.898954316441,02-845-3313,파마,20000원,커트,7000원,합리적인 가격의 파마,20000,7000.0
P004253,서울시 가격안정 모범업소,,기타,현대골프,"서울특별시 관악구 양녕로 66, 3층",37.4879640368171,126.946766630066,888-0770,골프연습장이용료(1달),60000원,,,합리적인 가격의 골프연습장이용료(1달),60000,
P004254,서울시 가격안정 모범업소,,식당,김밥분식,서울특별시 관악구 관악로24길 47-1 (봉천동),37.4850206401005,126.95673557709,889-5230,김밥,1000원,라면,2000원,합리적인 가격의 김밥,1000,2000.0
P004255,서울시 가격안정 모범업소,,식당,함흥냉면 명가,서울특별시 강서구 화곡로50길 22 (화곡동),37.5491955519354,126.849075154738,02-2691-2230,물냉면,3000원,비빔냉면,3500원,합리적인 가격의 물냉면,3000,3500.0
P004256,서울시 가격안정 모범업소,,식당,명가손칼국수,서울특별시 강동구 풍성로54길 44 (성내동),37.5276512316436,127.133075020589,02-547-4495,칼국수,3000원,물냉면,4000원,합리적인 가격의 칼국수,3000,4000.0
P004257,서울시 가격안정 모범업소,,식당,콩각시,서울특별시 서대문구 연세로7안길 5 (창천동),37.5579325469635,126.936199459198,02-325-2775,콩나물라면,3000원,콩나물밥,3500원,합리적인 가격의 콩나물라면,3000,3500.0
P004258,서울시 가격안정 모범업소,,식당,백곰집,"서울특별시 강북구 삼양로 663, 1층(우이동)",37.6620626269109,127.012901605278,02-900-5130,부대찌개,7000원,한우해장국,6000원,합리적인 가격의 부대찌개,7000,6000.0
P004259,서울시 가격안정 모범업소,,식당,옛날막고기집,서울특별시 용산구 한강대로 125-2 (한강로2가),37.530998343432,126.969289122635,794-1488,막고기,8000원,된장찌개,6000원,합리적인 가격의 막고기,8000,6000.0
P004260,서울시 가격안정 모범업소,,미용,헤어닷컴,서울특별시 관악구 장군봉2길 10 (봉천동),37.4825388534026,126.939757050671,02-885-7277,파마,25000원,커트,8000원,합리적인 가격의 파마,25000,8000.0
P004261,서울시 가격안정 모범업소,,식당,어메칼국수,"서울특별시 관악구 관악로154-6, 2층",37.478841652831,126.952840118118,874-9878,바지락칼국수,6000원,,,합리적인 가격의 바지락칼국수,6000,
P004262,서울시 가격안정 모범업소,,식당,돈스우스,서울특별시 양천구 월정로 157 (신월동),37.5327661691626,126.836468269351,2608-5015,삼겹살생고기(200g),7000원,제주생오겹살(200g),9000원,합리적인 가격의 삼겹살생고기(200g),7000,9000.0
P004263,서울시 가격안정 모범업소,,식당,장수촌,서울특별시 송파구 바람드리길 13 (풍납동),37.5381056591437,127.117325647185,02-473-0607,삼계탕,14000원,물냉면,7000원,합리적인 가격의 삼계탕,14000,7000.0
P004264,서울시 가격안정 모범업소,,식당,춘향고을,서울특별시 송파구 올림픽로32길 5 (방이동),37.5155883840747,127.109035959676,02-3431-1433,된장찌개,8000원,물냉면,8000원,합리적인 가격의 된장찌개,8000,8000.0
P004265,서울시 가격안정 모범업소,,식당,신 쿡(cook),서울특별시 중랑구 중랑천로10길 39,37.5921262805741,127.075127808426,02-439-2012,돈가스,7500원,,,합리적인 가격의 돈가스,7500,
P004266,서울시 가격안정 모범업소,,식당,얼레리꼴레리,서울특별시 중랑구 양원역로 61 (망우동),37.6056888413199,127.105965667478,493-4612,돈가스,3000원,,,합리적인 가격의 돈가스,3000,
P004267,서울시 가격안정 모범업소,,식당,포도나무,서울특별시 중랑구 용마산로 338 (면목동),37.5819599422936,127.093639085092,493-3336,비빔밥,4000원,,,합리적인 가격의 비빔밥,4000,
P004268,서울시 가격안정 모범업소,,식당,황금돼지갈비,서울특별시 중랑구 면목로 404 (면목동),37.5880114004447,127.087857593522,2207-3722,불고기,8000원,설렁탕,6000원,합리적인 가격의 불고기,8000,6000.0
P004269,서울시 가격안정 모범업소,,식당,고향김밥,"서울특별시 중랑구 겸재로 226-3 (면목동), 1층",37.5893864514493,127.092972097208,02-492-0013,냉     면,4000원,김치찌개,5000원,합리적인 가격의 냉     면,4000,5000.0
P004270,서울시 가격안정 모범업소,,미용,5080 실버전용미용실,서울특별시 성북구 돌곶이로 141 (장위동),37.6145493388188,127.052602559408,02-942-9234,커트,10000원,파마,25000원,합리적인 가격의 커트,10000,25000.0
P004271,서울시 가격안정 모범업소,,식당,웰빙 콩나물,서울특별시 중랑구 망우로62길 33 (망우동),37.5977289626928,127.097923021063,2209-6623,비빔밥,4000원,,,합리적인 가격의 비빔밥,4000,
P004272,서울시 가격안정 모범업소,,식당,모퉁이식당,서울특별시 송파구 오금로59길 2 (거여동),37.4936287481369,127.144016404747,443-1326,갈비탕,6000원,냉면,5000원,합리적인 가격의 갈비탕,6000,5000.0
P004273,서울시 가격안정 모범업소,,식당,토종집,"서울특별시 강북구 인수봉로19나길 32 (수유동, 삼안빌라)",37.6271489039338,127.010727690763,981-3104,삼겹살,10000원,황기백숙(4인분),38000원,합리적인 가격의 삼겹살,10000,38000.0
P004274,서울시 가격안정 모범업소,,식당,공새미김밥,서울특별시 광진구 뚝섬로58길 19 (자양동),37.5311430704367,127.084690223439,455-8178,김밥,2000원,돈까스,5000원,합리적인 가격의 김밥,2000,5000.0
P004275,서울시 가격안정 모범업소,,미용,타임플러스신월뉴타운점,"서울특별시 양천구 신월로 185 (신월동, 로즈그린타운)",37.5194950980957,126.843348623079,02-2697-6547,커트,9000원,염색(65세이상),11000원,합리적인 가격의 커트,9000,11000.0
P004276,서울시 가격안정 모범업소,,식당,털보식당,서울특별시 도봉구 도당로 148 (방학동),37.6669539638984,127.042458196741,3492-7926,삼겹살,10000원,김치찌개,5000원,합리적인 가격의 삼겹살,10000,5000.0
P004277,서울시 가격안정 모범업소,,식당,함흥식당,서울특별시 서초구 마방로10길 54-2 (양재동),37.4753658221027,127.044861940977,02-577-7900,된장뚝배기,6000원,김치찌개,6000원,합리적인 가격의 된장뚝배기,6000,6000.0
P004278,서울시 가격안정 모범업소,,식당,탐라도야지,서울특별시 서초구 서초대로50길 82 (서초동),37.489595083163,127.013561182941,0507-1399-3337,돌솥비빔밥+된장찌개,8500원,제육쌈정식,9000원,합리적인 가격의 돌솥비빔밥+된장찌개,8500,9000.0
P004279,서울시 가격안정 모범업소,,식당,한솔 민물장어,서울특별시 서대문구 증가로23나길 32 (북가좌동),37.5806084669085,126.912364622958,309-8264,"돼지갈비(300g, 국내산)",10000원,냉면(물),5000원,"합리적인 가격의 돼지갈비(300g, 국내산)",10000,5000.0
P004280,서울시 가격안정 모범업소,,식당,산골녹차냉면,서울특별시 용산구 효창원로 147 (효창동),37.5412850612069,126.961852857892,716-1988,생선까스,6500원,돈까스,6500원,합리적인 가격의 생선까스,6500,6500.0
P004281,서울시 가격안정 모범업소,,식당,남영골,서울특별시 용산구 한강대로77길 8 (갈월동),37.5421983068172,126.972141763822,02-704-4745,점심뷔페,8000원,차돌된장찌개,6000원,합리적인 가격의 점심뷔페,8000,6000.0
P004282,서울시 가격안정 모범업소,,식당,청운숯불갈비,서울특별시 용산구 청파로 383-8 (서계동),37.5541562532905,126.968484366648,02-711-2625,갈비탕,14000원,냉면,9000원,합리적인 가격의 갈비탕,14000,9000.0
P004283,서울시 가격안정 모범업소,,식당,횡성한우목장,서울특별시 용산구 효창원로48길 6 (용문동),37.5375758751237,126.960906468041,716-8592,갈비탕(특),8000원,냉면,6000원,합리적인 가격의 갈비탕(특),8000,6000.0
P004284,서울시 가격안정 모범업소,,식당,모리모리,서울특별시 용산구 한강대로 281 (갈월동),37.5433649275294,126.972169279039,702-1441,된장찌개,6000원,김치찌개,6000원,합리적인 가격의 된장찌개,6000,6000.0
P004285,서울시 가격안정 모범업소,,식당,또순이네,"서울특별시 종로구 사직로 130 (적선동), 적선현대빌딩 지하1층",37.5753675264983,126.973321784452,730-6980,김치찌개 백반,6000원,된장찌개 백반,6000원,합리적인 가격의 김치찌개 백반,6000,6000.0
P004286,서울시 가격안정 모범업소,,미용,전헤어샵,서울특별시 영등포구 양산로 138-1 (당산동1가),37.523607798074,126.898279036964,02-2675-1088,미용료(커트),10000원,미용료(파마),25000원,합리적인 가격의 미용료(커트),10000,25000.0
P004287,서울시 가격안정 모범업소,,미용,셀프미용원,서울특별시 영등포구 디지털로 397 (대림1동),37.4922506282651,126.902822982059,02-847-3945,이용료(성인커트),5000원,,,합리적인 가격의 이용료(성인커트),5000,
P004288,서울시 가격안정 모범업소,,식당,선유일식,서울특별시 영등포구 영신로 17길3 (영등포본동),37.5141820338425,126.907697800637,02-847-5888,생선초밥,10000원,,,합리적인 가격의 생선초밥,10000,
P004289,서울시 가격안정 모범업소,,식당,낭주골,서울특별시 영등포구 영등포로190 (영등포동),37.5201265220671,126.902465128734,02-2633-7460,김치찌개,7000원,,,합리적인 가격의 김치찌개,7000,
P004290,서울시 가격안정 모범업소,,미용,리즈헤어,서울특별시 송파구 바람드리길 19 (풍납동),37.5379386423519,127.118020333334,485-2919,미용료(파마),30000원,미용료(커트),10000원,합리적인 가격의 미용료(파마),30000,10000.0
P004291,서울시 가격안정 모범업소,,식당,송주불냉면,서울특별시 강서구 방화동로 49 (방화동),37.565074730508,126.811480624071,02-2662-5509,냉면,8000원,칼국수,8000원,합리적인 가격의 냉면,8000,8000.0
P004292,서울시 가격안정 모범업소,,식당,한우식당,서울특별시 구로구 경인로33길 61-3 (개봉동),37.5005597742112,126.851001998362,02-2612-5157,생삼겹(250g),11000원,냉면(물),5000원,합리적인 가격의 생삼겹(250g),11000,5000.0
P004293,서울시 가격안정 모범업소,,미용,복지이발,"서울특별시 동대문구 홍릉로5길 7, 2층 (청량리동)",37.5825543946084,127.043867740919,02-966-7828,염색,7000원,커트,6000원,합리적인 가격의 염색,7000,6000.0
P004294,서울시 가격안정 모범업소,,미용,현대이발관,서울특별시 동대문구 무학로37길 12 (용두동),37.5784004900403,127.029551839637,,커트,5000원,,,합리적인 가격의 커트,5000,
P004295,서울시 가격안정 모범업소,,식당,용짜장,서울특별시 성동구 아차산로7길 28 (성수동2가),37.547600369009,127.055378290874,02-3409-5679,짬뽕,6000원,자장면,4000원,합리적인 가격의 짬뽕,6000,4000.0
P004296,서울시 가격안정 모범업소,,식당,씨씨존치킨,서울특별시 성동구 무수막길 85 (금호동2가),37.5534608852465,127.020335580974,02-2235-7792,치킨,8000원,,,합리적인 가격의 치킨,8000,
P004297,서울시 가격안정 모범업소,,식당,조아루,서울특별시 중구 퇴계로 114-2 (회현동3가),37.5605504758532,126.984420058847,02-779-7897,짬뽕,6500원,짜장면,5500원,합리적인 가격의 짬뽕,6500,5500.0
P004298,서울시 가격안정 모범업소,,식당,북경반점,서울특별시 양천구 지양로13길 2 (신월동),37.5231089765018,126.831662220107,02-2699-7788,짜장면,5000원,짬뽕,7000원,합리적인 가격의 짜장면,5000,7000.0
P004299,서울시 가격안정 모범업소,,미용,신화미용실,서울특별시 양천구 지양로16길 36 (신월동),37.5238536749507,126.834867993971,02-2608-4415,파마(경로우대),20000원,파마,25000원,합리적인 가격의 파마(경로우대),20000,25000.0
P004300,서울시 가격안정 모범업소,,식당,맛고을갈비찜,서울특별시 동대문구 경동시장로10길 57 (제기동),37.5814282248737,127.043915988013,960-1717,매운갈비찜,12000원,생선구이,6000원,합리적인 가격의 매운갈비찜,12000,6000.0
P004301,서울시 가격안정 모범업소,,식당,콩아리(전주콩나물국밥),서울특별시 강북구 월계로 43-1 (미아동),37.6115463668122,127.034465184369,0507-1383-5596,콩나물국밥,6000원,,,합리적인 가격의 콩나물국밥,6000,
P004302,서울시 가격안정 모범업소,,식당,밥도둑구이전문,서울특별시 양천구 목동중앙북로7가길 53 (목동),37.54966854346,126.864814708058,02-2646-2131,조기구이,7000원,김치찌개,7000원,합리적인 가격의 조기구이,7000,7000.0
P004303,서울시 가격안정 모범업소,,식당,찌개와,서울특별시 강남구 광평로 280 (수서동),37.4873191631489,127.103108072457,02-3413-0709,해물순두부,6000원,해물된장찌개,6000원,합리적인 가격의 해물순두부,6000,6000.0
P004304,서울시 가격안정 모범업소,,식당,동대문곱창전문,서울특별시 강남구 논현로8길 11 (개포동),37.4740134909633,127.049822690603,02-571-1250,오늘의메뉴,5000원,목심김치찌개,6000원,합리적인 가격의 오늘의메뉴,5000,6000.0
P004305,서울시 가격안정 모범업소,,식당,누이야식당,서울특별시 강남구 논현로4길 14 (개포동),37.4726531923152,127.051397230098,02-575-4984,순두부,6000원,김치찌개,6000원,합리적인 가격의 순두부,6000,6000.0
P004306,서울시 가격안정 모범업소,,식당,숙아채 콩나물국밥(개포),서울특별시 강남구 개포로20길 17 (개포동),37.4777573777443,127.047833353939,02-571-4441,콩나물비빔밥,7000원,콩나물국밥,6000원,합리적인 가격의 콩나물비빔밥,7000,6000.0
P004307,서울시 가격안정 모범업소,,식당,장독묵은지,서울특별시 강남구 삼성로 38 (개포동),37.4886879268822,127.066845330996,02-445-1444,된장찌개,5000원,묵은지삼겹살(200g),16000원,합리적인 가격의 된장찌개,5000,16000.0
P004308,서울시 가격안정 모범업소,,식당,미러칼국수,"서울특별시 강남구 삼성로 212 지하층 32호(대치동, 은마아파트)",37.4996157705058,127.065915414443,02-501-8748,손칼국수,7000원,손수제비,7000원,합리적인 가격의 손칼국수,7000,7000.0
P004309,서울시 가격안정 모범업소,,식당,해피타임,서울특별시 강남구 삼성로71길 34 (대치동),37.5016363803283,127.056119798264,02-567-5714,된장찌개,7000원,김치찌개,7000원,합리적인 가격의 된장찌개,7000,7000.0
P004310,서울시 가격안정 모범업소,,식당,왕가네왕만두,서울특별시 강남구 역삼로 420 지상1층(대치동),37.500994284456,127.052884685838,02-555-0208,제육덮밥,7500원,김치볶음밥,7000원,합리적인 가격의 제육덮밥,7500,7000.0
P004311,서울시 가격안정 모범업소,,식당,두꺼비,서울특별시 강남구 역삼로 421 (대치동),37.5014665018347,127.05308507832,02-445-8742,소고기김치찌개,5000원,선짓국,5000원,합리적인 가격의 소고기김치찌개,5000,5000.0
P004312,서울시 가격안정 모범업소,,식당,오복냉면,서울특별시 강남구 선릉로76길 21 (대치동),37.5018520865328,127.052176653853,02-501-6288,돼지왕갈비(250g),10900원,냉면,7000원,합리적인 가격의 돼지왕갈비(250g),10900,7000.0
P004313,서울시 가격안정 모범업소,,식당,보리수,서울특별시 강남구 삼성로82길 25 (대치동),37.5055767724619,127.05974335458,02-564-7419,요일백반,6000원,미역국,5000원,합리적인 가격의 요일백반,6000,5000.0
P004314,서울시 가격안정 모범업소,,식당,여신김밥,서울특별시 강남구 선릉로90길 70 인텔빌딩 지상1층(대치동),37.5054968679002,127.054885057608,02-501-0925,김치돌솥밥,8500원,오뎅정식,9000원,합리적인 가격의 김치돌솥밥,8500,9000.0
P004315,서울시 가격안정 모범업소,,식당,제일식당,서울특별시 강남구 남부순환로 2921 (대치동),37.4934943562011,127.059772967826,02-568-9367,된장찌개,7000원,비빔밥,7000원,합리적인 가격의 된장찌개,7000,7000.0
P004316,서울시 가격안정 모범업소,,식당,한보식당,서울특별시 강남구 남부순환로 2921 남서울상가지하 11호(대치동),37.4934943562011,127.059772967826,02-562-0276,된장찌개,7000원,김치찌개,7000원,합리적인 가격의 된장찌개,7000,7000.0
P004317,서울시 가격안정 모범업소,,식당,청실식당,서울특별시 강남구 남부순환로 2917 (대치동),37.4931666957307,127.059164905458,02-568-3692,청국장,6000원,제육볶음,6000원,합리적인 가격의 청국장,6000,6000.0
P004318,서울시 가격안정 모범업소,,식당,향나무집,서울특별시 강남구 봉은사로111길 7 지상1층 (삼성동),37.5157607369946,127.065190755332,02-511-3061,순두부,7000원,동태탕,8000원,합리적인 가격의 순두부,7000,8000.0
P004319,서울시 가격안정 모범업소,,식당,삼성돈구이,서울특별시 강남구 봉은사로108길 3-6 (삼성동),37.5143957661317,127.064112295803,02-508-6994,낙지돌솥밥,7000원,생삼겹살(180g),14500원,합리적인 가격의 낙지돌솥밥,7000,14500.0
P004320,서울시 가격안정 모범업소,,식당,청숫골보리밥쌈밥,서울특별시 강남구 삼성로 706 지하1층(청담동),37.5193424765552,127.050302008586,02-3443-4402,삼겹살(200g),12000원,청국장,8000원,합리적인 가격의 삼겹살(200g),12000,8000.0
P004321,서울시 가격안정 모범업소,,식당,청계산갈비살,서울특별시 강남구 학동로45길 7 지하1층 (논현동),37.5167635081981,127.037812844426,02-543-2198,돼지갈비(250g),15000원,갈비살 (150g),17000원,합리적인 가격의 돼지갈비(250g),15000,17000.0
P004322,서울시 가격안정 모범업소,,식당,영동원삼겹살,서울특별시 강남구 강남대로 520 (논현동),37.5086773753858,127.023051010941,02-541-5090,생오겹살(150g),8500원,삼겹살(150g),6500원,합리적인 가격의 생오겹살(150g),8500,6500.0
P004323,서울시 가격안정 모범업소,,식당,청송숯불화로구이,서울특별시 강남구 언주로114길 17 (논현동),37.5102493884271,127.039046588335,02-549-3739,돼지갈비(250g),20000원,,,합리적인 가격의 돼지갈비(250g),20000,
P004324,서울시 가격안정 모범업소,,식당,바보네집,서울특별시 강남구 논현로120길 14 (논현동),37.5108386886154,127.033316494643,02-544-8870,돈까스,7000원,부대찌개,7000원,합리적인 가격의 돈까스,7000,7000.0
P004325,서울시 가격안정 모범업소,,식당,모아분식,서울특별시 강동구 천호대로191길 6 (길동),37.5353921030505,127.144486682932,02-484-7785,꼬마김밥,4000원,모아김밥,4000원,합리적인 가격의 꼬마김밥,4000,4000.0
P004326,서울시 가격안정 모범업소,,식당,금복식당,서울특별시 동대문구 안암로20길 16 (제기동),37.5873670338882,127.035014819615,02-923-7844,된장찌개,5000원,김치찌개,5000원,합리적인 가격의 된장찌개,5000,5000.0
P004327,서울시 가격안정 모범업소,,식당,오케이밥집,서울특별시 동대문구 장한로18길 36 (장안동),37.5675264679054,127.071021744961,02-2213-3671,잔치국수,6000원,칼국수,6000원,합리적인 가격의 잔치국수,6000,6000.0
P004328,서울시 가격안정 모범업소,,식당,황소마을,서울특별시 용산구 이태원로26길 8 (이태원동),37.5340033644228,126.993008794635,794-6373,된장찌개,6000원,뚝배기불고기,7000원,합리적인 가격의 된장찌개,6000,7000.0
P004329,서울시 가격안정 모범업소,,식당,다동분식,서울특별시 중구 남대문로9길 16 (다동),37.5668360435641,126.981549594851,02-755-7414,된장찌개,6000원,김치찌개,6000원,합리적인 가격의 된장찌개,6000,6000.0
P004330,서울시 가격안정 모범업소,,식당,소달구지,서울특별시 중구 퇴계로4길 28 (회현동1가),37.5574624345635,126.978858534214,02-755-1585,된장찌개,6000원,청국장,6000원,합리적인 가격의 된장찌개,6000,6000.0
P004331,서울시 가격안정 모범업소,,미용,은하미용실,서울특별시 구로구 우마길 11 (가리봉동),37.4819361755154,126.888074357156,02-862-7897,파마,20000원,커트,6000원,합리적인 가격의 파마,20000,6000.0
P004332,서울시 가격안정 모범업소,,미용,대성이용원,서울특별시 구로구 구로동로17길 5-3 (구로동),37.4881793391574,126.884229762755,02-869-4533,이용료(커트),6000원,,,합리적인 가격의 이용료(커트),6000,
P004333,서울시 가격안정 모범업소,,식당,명품삼겹살점문점,서울특별시 송파구 백제고분로32길 3 (삼전동),37.5020295232164,127.095291769578,419-2550,김치찌개,5000원,된장찌개,5000원,합리적인 가격의 김치찌개,5000,5000.0
P004334,서울시 가격안정 모범업소,,식당,소백산,서울특별시 송파구 백제고분로39길 28 (석촌동),37.5067025819159,127.10395074004,422-9929,삼겹살(200g/국내),11600원,삼겹살(180g/국내),10480원,합리적인 가격의 삼겹살(200g/국내),11600,10480.0
P004335,서울시 가격안정 모범업소,,미용,초원이발,서울특별시 구로구 부일로17길 12-1 (궁동),37.4939445383837,126.834706575718,없음,이용료(커트),6000원,,,합리적인 가격의 이용료(커트),6000,
P004336,서울시 가격안정 모범업소,,세탁&목욕,매직세탁편의점,서울특별시 구로구 오류로8길 99 (오류동),37.4933856324456,126.845481686044,02-2611-5911,원피스 세탁료,4000원,티셔츠세탁료,2000원,합리적인 가격의 원피스 세탁료,4000,2000.0
P004337,서울시 가격안정 모범업소,,식당,명가식당,서울특별시 구로구 오류로8길 85 (오류동),37.4931325154748,126.844707276028,02-2682-0384,제육덮밥,6500원,비빔밥,5500원,합리적인 가격의 제육덮밥,6500,5500.0
P004338,서울시 가격안정 모범업소,,식당,(김밥만두)새벽분식,"서울특별시 구로구 오류로8나길 8 (오류동, 미성아트빌라)",37.4907403551489,126.841325842039,02-2617-8550,김밥,3000원,비빔밥,6500원,합리적인 가격의 김밥,3000,6500.0
P004339,서울시 가격안정 모범업소,,미용,화신이발관,서울특별시 구로구 고척로3길 20,37.4961910116431,126.840004121988,02-2681-0977,염색,15000원,이용료(커트),7000원,합리적인 가격의 염색,15000,7000.0
P004340,서울시 가격안정 모범업소,,미용,꽃님미용실,서울특별시 구로구 개봉로3길 50 (개봉동),37.4863362972281,126.853515166943,02-2685-3465,파마,20000원,커트,6000원,합리적인 가격의 파마,20000,6000.0
P004341,서울시 가격안정 모범업소,,식당,해성반점,서울특별시 구로구 고척로 123-2 (개봉동),37.5023062326727,126.847992629118,02-2684-8991,탕수육,15000원,자장면,3000원,합리적인 가격의 탕수육,15000,3000.0
P004342,서울시 가격안정 모범업소,,미용,효성이발관,서울특별시 구로구 고척로27길 62 (개봉동),37.5046466309033,126.846420140087,02-2615-2371,이용료(커트),7000원,,,합리적인 가격의 이용료(커트),7000,
P004343,서울시 가격안정 모범업소,,식당,완산정,서울특별시 구로구 개봉로23가길 37 (개봉동),37.4952547610931,126.858340954431,02-2688-4655,된장찌개백반,5000원,김치찌개,6000원,합리적인 가격의 된장찌개백반,5000,6000.0
P004344,서울시 가격안정 모범업소,,식당,가마솥설렁탕,서울특별시 구로구 고척로40길 33-4 (고척동),37.5015983148006,126.850892497337,02-2615-5292,백반(청국장),6000원,갈비탕,8000원,합리적인 가격의 백반(청국장),6000,8000.0
P004345,서울시 가격안정 모범업소,,미용,깍구뽁구미용실,서울특별시 구로구 우마1길 54 (가리봉동),37.4840356478562,126.889545486363,02-838-4910,커트,6000원,파마,25000원,합리적인 가격의 커트,6000,25000.0
P004346,서울시 가격안정 모범업소,,식당,진식당,"서울특별시 노원구 노원로 564 (상계동, 상계주공10단지아파트)",37.6616521070339,127.05612466376,02-952-1026,된장찌개 백반,4000원,비빔밥,4000원,합리적인 가격의 된장찌개 백반,4000,4000.0
P004347,서울시 가격안정 모범업소,,미용,엠스타일,"서울특별시 노원구 동일로 1551 (상계동, 삼전빌딩)",37.6668881732629,127.056844136528,02-952-0539,이용료,10000원,,,합리적인 가격의 이용료,10000,
P004348,서울시 가격안정 모범업소,,세탁&목욕,브랜드특수크리닝 가죽전문점,서울특별시 노원구 섬밭로 263 1층 4호 (중계동) 롯데상가,37.6391399283859,127.06381950095,02-979-5474,양복세탁,7000원,의복수선,3000원,합리적인 가격의 양복세탁,7000,3000.0
P004349,서울시 가격안정 모범업소,,식당,다사랑분식,서울특별시 관악구 난우길 18 (신림동),37.4745871961151,126.918725717854,852-5010,비빔밥,4000원,김밥,2000원,합리적인 가격의 비빔밥,4000,2000.0
P004350,서울시 가격안정 모범업소,,식당,다정이모네,서울특별시 관악구 신원로 3 (신림동),37.4796509166191,126.92781785911,865-0218,제육볶음,6000원,순대국(국산),5000원,합리적인 가격의 제육볶음,6000,5000.0
P004351,서울시 가격안정 모범업소,,미용,짱아헤어샵,서울특별시 금천구 시흥대로126길 22-7 (독산동),37.4694632725649,126.90029408622,02-868-6262,파마,25000원,커트,8000원,합리적인 가격의 파마,25000,8000.0
P004352,서울시 가격안정 모범업소,,식당,제주토종흑돼지,서울특별시 관악구 남현1길 68-14 (남현동),37.4751687521468,126.981124579443,583-9250,제주흑돼지(180g) 전지,12000원,제주흑돼지(180g) 오겹살,13000원,합리적인 가격의 제주흑돼지(180g) 전지,12000,13000.0
P004353,서울시 가격안정 모범업소,,식당,중앙삼겹시대,서울특별시 관악구 중앙길 12 (봉천동),37.4840241356217,126.953905103956,875-9998,김치찌개,7000원,순두부찌개,7000원,합리적인 가격의 김치찌개,7000,7000.0
P004354,서울시 가격안정 모범업소,,식당,유성짬뽕,서울특별시 송파구 거마로22길 35 (마천동),37.497546101665,127.150765086319,443-6692,탕수육(중),15000원,짜장면,4000원,합리적인 가격의 탕수육(중),15000,4000.0
P004355,서울시 가격안정 모범업소,,식당,국일반점,서울특별시 송파구 마천로 345-1 (마천동),37.492921886021,127.15285487345,02-406-0451,된장찌개,8000원,김치찌개,8000원,합리적인 가격의 된장찌개,8000,8000.0
P004356,서울시 가격안정 모범업소,,식당,돈구워돈,서울특별시 송파구 오금로 532 (거여동),37.4927551094698,127.147900108008,02-401-6363,냉면(물),6000원,삼겹살,11500원,합리적인 가격의 냉면(물),6000,11500.0
P004357,서울시 가격안정 모범업소,,식당,시골마당,서울특별시 서초구 강남대로23길 30 (양재동),37.4764002388525,127.037168666419,02-577-9453,부대찌개,8000원,자반구이,8000원,합리적인 가격의 부대찌개,8000,8000.0
P004358,서울시 가격안정 모범업소,,식당,더구어,서울특별시 서초구 효령로31길 58 (방배동),37.4836831802622,126.995507587432,3474-9293,설렁탕,5000원,된장찌개,4900원,합리적인 가격의 설렁탕,5000,4900.0
P004359,서울시 가격안정 모범업소,,식당,영화반점,서울특별시 서대문구 북아현로2길 5 (북아현동),37.5586470782315,126.956762307626,02-362-0567,짜장면,6000원,탕수육(소),11000원,합리적인 가격의 짜장면,6000,11000.0
P004360,서울시 가격안정 모범업소,,식당,진사골왕갈비,서울특별시 서대문구 이화여대3길 23,37.5578688550128,126.944414126896,02-363-3959,갈비탕,11000원,뼈해장국,9000원,합리적인 가격의 갈비탕,11000,9000.0
P004361,서울시 가격안정 모범업소,,식당,미성식당,서울특별시 서대문구 통일로40안길 13-5 (홍제동),37.590851309695,126.943683636252,02-379-8562,비빔밥,3500원,갈비탕,6000원,합리적인 가격의 비빔밥,3500,6000.0
P004362,서울시 가격안정 모범업소,,식당,참참치킨,서울특별시 서대문구 세검정로 49-1 (홍제동),37.592551550845,126.946545249987,396-9285,치킨,8000원,,,합리적인 가격의 치킨,8000,
P004363,서울시 가격안정 모범업소,,미용,진흥이발,서울특별시 강서구 강서로7길 20 (화곡동),37.5297102505565,126.846611439482,02-2698-5757,커트(성인),6000원,커트(학생),6000원,합리적인 가격의 커트(성인),6000,6000.0
P004364,서울시 가격안정 모범업소,,식당,대승식당,서울특별시 강서구 강서로74길 40 (가양동),37.5668307942043,126.843092440565,02-2658-5646,냉면,5500원,김치찌개,5500원,합리적인 가격의 냉면,5500,5500.0
P004365,서울시 가격안정 모범업소,,식당,미성각,서울특별시 도봉구 노해로 389 (창동),37.6527681735064,127.051335609074,02-996-7766,자장면,5000원,짬뽕,6000원,합리적인 가격의 자장면,5000,6000.0
P004366,서울시 가격안정 모범업소,,미용,향토이발관,서울특별시 도봉구 도봉로164길 44 (도봉동),37.6752106762008,127.047092659667,02-954-8053,이발(경로우대),3000원,이발(컷),5000원,합리적인 가격의 이발(경로우대),3000,5000.0
P004367,서울시 가격안정 모범업소,,식당,일심해장국,서울특별시 도봉구 방학로 204 (방학동),37.6622088559752,127.029460702491,02-956-7027,김치찌개,6500원,해장국,4300원,합리적인 가격의 김치찌개,6500,4300.0
P004368,서울시 가격안정 모범업소,,식당,알뜰정육식당,서울특별시 도봉구 도봉로169나길 71 (도봉동),37.6764205414376,127.043737834963,02-3491-6898,"삼겹살(국내산,200g)",15000원,돼지갈비,10000원,"합리적인 가격의 삼겹살(국내산,200g)",15000,10000.0
P004369,서울시 가격안정 모범업소,,식당,신짜장,서울특별시 도봉구 도봉로145길 56,37.6647309981606,127.039537996108,02-3492-9209,짬뽕,7000원,자장면,5000원,합리적인 가격의 짬뽕,7000,5000.0
P004370,서울시 가격안정 모범업소,,식당,미락식당,서울특별시 도봉구 도봉로110길 68,37.6461159676582,127.037374768708,02-908-7017,칼국수,7000원,김치찌개,7000원,합리적인 가격의 칼국수,7000,7000.0
P004371,서울시 가격안정 모범업소,,식당,돈애우,서울특별시 도봉구 도당로 81 (방학동),37.6651410798294,127.036020942905,02-3491-9279,"볏짚칼삼겹(캐나다산,180g)",7000원,"숯불생삼겹(캐나다산,180g)",7500원,"합리적인 가격의 볏짚칼삼겹(캐나다산,180g)",7000,7500.0
P004372,서울시 가격안정 모범업소,,식당,난짜장 넌짬뽕,서울특별시 도봉구 도봉로 153길 26 (도봉동),37.6700072922573,127.041965062792,02-956-0073,자장면,2500원,짬뽕,3000원,합리적인 가격의 자장면,2500,3000.0
P004373,서울시 가격안정 모범업소,,식당,한아름분식,서울특별시 광진구 군자로 159 (군자동),37.5552815683367,127.076635051137,02-469-2535,김치찌개,6000원,된장찌개,6000원,합리적인 가격의 김치찌개,6000,6000.0
P004374,서울시 가격안정 모범업소,,식당,분식나라,서울특별시 중랑구 동일로140길 25 (중화동),37.6044335512948,127.080582745753,02-2209-2833,된장찌개,7000원,김치찌개,7000원,합리적인 가격의 된장찌개,7000,7000.0
P004375,서울시 가격안정 모범업소,,식당,한분식,서울특별시 서대문구 홍연2길 2 (연희동),37.5748110896876,126.927768219785,335-6712,된장찌개백반,5000원,,,합리적인 가격의 된장찌개백반,5000,
P004376,서울시 가격안정 모범업소,,식당,광나루찌개,서울특별시 종로구 대학로5가길 1 (연건동),37.5783541710474,127.001737969531,744-9260,삼겹살,10000원,김치찌개,6000원,합리적인 가격의 삼겹살,10000,6000.0
P004377,서울시 가격안정 모범업소,,식당,영화속의 김밥이야기,서울특별시 광진구 자양로 173 (구의동),37.5432717904262,127.084191575904,02-444-5005,비빔밥,7000원,김밥,3000원,합리적인 가격의 비빔밥,7000,3000.0
P004378,서울시 가격안정 모범업소,,미용,모범이발,서울특별시 광진구 면목로11길 5 (중곡동),37.5666081634784,127.081236629669,499-4897,이용료,7000원,,,합리적인 가격의 이용료,7000,
P004379,서울시 가격안정 모범업소,,미용,장미헤어짱,서울특별시 광진구 면목로 167 (중곡동),37.5681677559313,127.082321802714,02-466-6062,미용료(커트),10000원,미용료(파마),25000원,합리적인 가격의 미용료(커트),10000,25000.0
P004380,서울시 가격안정 모범업소,,식당,보성각,서울특별시 성북구 정릉로9길 56 (정릉동),37.6109502581764,126.999415365243,913-4050,짬뽕,3500원,자장면,2500원,합리적인 가격의 짬뽕,3500,2500.0
P004381,서울시 가격안정 모범업소,,식당,콩나물국밥,서울특별시 종로구 자하문로 3 (내자동),37.5764830744797,126.972264842484,738-8223,콩나물국밥,6000원,참치김치찌개,5000원,합리적인 가격의 콩나물국밥,6000,5000.0
P004382,서울시 가격안정 모범업소,,식당,연백냉면,서울특별시 송파구 새말로12길 7 (문정동),37.4826750934847,127.129311492422,02-409-5054,물냉면,5000원,,,합리적인 가격의 물냉면,5000,
P004383,서울시 가격안정 모범업소,,식당,소백산영주한우,서울특별시 은평구 은평로 187-3 (녹번동),37.6019741882548,126.928622436059,02-358-1199,한우갈비탕,15000원,,,합리적인 가격의 한우갈비탕,15000,
P004384,서울시 가격안정 모범업소,,세탁&목욕,SK명품세탁,서울특별시 구로구 구일로10길 27 (구로동),37.4959404465654,126.872266560677,02-6097-7170,스커트,5000원,와이셔츠 세탁,2000원,합리적인 가격의 스커트,5000,2000.0
P004385,서울시 가격안정 모범업소,,식당,황궁,서울특별시 구로구 경인로47길 10 (고척동),37.5001643217148,126.867164896914,02-2681-4554,짬뽕(홀기준),4000원,짜장면(홀기준),3500원,합리적인 가격의 짬뽕(홀기준),4000,3500.0
P004386,서울시 가격안정 모범업소,,식당,설가네부대찌개,서울특별시 구로구 경인로 318-9 (개봉동),37.496733035745,126.855730205031,02-2613-2246,돼지불고기,11000원,삼겹살,15000원,합리적인 가격의 돼지불고기,11000,15000.0
P004387,서울시 가격안정 모범업소,,미용,새미나미용실,서울특별시 구로구 부일로9길 87 (온수동),37.4961270172463,126.824202061809,02-2682-2190,파마,20000원,드라이,8000원,합리적인 가격의 파마,20000,8000.0
P004388,서울시 가격안정 모범업소,,식당,"보리밥, 솥뚜껑 삼겹살",서울특별시 구로구 개봉로15길 12 (개봉동),37.4900298931165,126.855275534898,02-2682-4662,"삼겹살(국내산,200g)",10000원,보리밥,6000원,"합리적인 가격의 삼겹살(국내산,200g)",10000,6000.0
P004389,서울시 가격안정 모범업소,,식당,명가영양돌솥밥,서울특별시 구로구 구로동로18길 12 (구로동),37.4880937113294,126.885212600264,02-858-5977,영양돌솥밥,7000원,"삼겹살(국내산,200g)",11000원,합리적인 가격의 영양돌솥밥,7000,11000.0
P004390,서울시 가격안정 모범업소,,식당,대형숯불갈비,서울특별시 구로구 구로동로 100 (구로동),37.4875902191679,126.885110476185,02-864-0719,"삼겹살(국내산,200g)",13000원,"삼겹살(국내산,200g)",14000원,"합리적인 가격의 삼겹살(국내산,200g)",13000,14000.0
P004391,서울시 가격안정 모범업소,,식당,길손한정식,서울특별시 구로구 고척로40길 33-5 (고척동),37.5016599031868,126.851146266459,02-2625-0277,청국장,6000원,냉면,6000원,합리적인 가격의 청국장,6000,6000.0
P004392,서울시 가격안정 모범업소,,미용,기성미용실,서울특별시 중구 다산로28길 28 (신당동),37.559395999662,127.015108308857,02-2231-0053,커트,7000원,파마,20000원,합리적인 가격의 커트,7000,20000.0
P004393,서울시 가격안정 모범업소,,기타,가이드당구장,서울특별시 송파구 오금로 493 (거여동),37.4936607574239,127.143701086175,404-4215,당구장이용료,4800원,,,합리적인 가격의 당구장이용료,4800,
P004394,서울시 가격안정 모범업소,,식당,일심해장국,서울특별시 송파구 양산로 12 (거여동),37.489911262721,127.143590440057,0507-1404-6718,선지해장국,5500원,갈비탕,9000원,합리적인 가격의 선지해장국,5500,9000.0
P004395,서울시 가격안정 모범업소,,식당,청해루,서울특별시 송파구 거마로20길 17 (마천동),37.4975789453695,127.148666165528,404-5586,탕수육(中),13000원,짬뽕,4500원,합리적인 가격의 탕수육(中),13000,4500.0
P004396,서울시 가격안정 모범업소,,식당,서울중국집,서울특별시 송파구 백제고분로41길 43-15 (송파동),37.5087963720589,127.105030721811,02-3432-5582,짬뽕,7000원,탕수육,18000원,합리적인 가격의 짬뽕,7000,18000.0
P004397,서울시 가격안정 모범업소,,미용,선경헤어샵,"서울특별시 강남구 삼성로 151 선경상가 지하1층 13호(대치동, 선경아파트)",37.493154981993,127.062999980103,02-566-3019,커트,12000원,파마일반,40000원,합리적인 가격의 커트,12000,40000.0
P004398,서울시 가격안정 모범업소,,식당,별미 바지락칼국수,서울특별시 강동구 풍성로 160 (성내동),37.5305802722025,127.129612728232,02-470-7393,열무국수,7000원,비빔밥,7000원,합리적인 가격의 열무국수,7000,7000.0
P004399,서울시 가격안정 모범업소,,미용,아산남성컷트,서울특별시 강서구 강서로 207 (화곡동),37.5443743879828,126.837392186235,-,이용료(성인),12000원,이용료(학생),11000원,합리적인 가격의 이용료(성인),12000,11000.0
P004400,서울시 가격안정 모범업소,,식당,한우마당,서울특별시 중구 남대문로5길 7 (북창동),37.5616743239674,126.978851458615,02-3789-7792,차돌된장찌개,7000원,생육회(200g),33000원,합리적인 가격의 차돌된장찌개,7000,33000.0
P004401,서울시 가격안정 모범업소,,식당,태능숯불갈비,서울특별시 동대문구 무학로 134 (용두동),37.576168687753,127.030764398898,02-966-5687,비빔밥,7000원,생삼겹살(200g),16000원,합리적인 가격의 비빔밥,7000,16000.0
P004402,서울시 가격안정 모범업소,,식당,다솜생고기전문,서울특별시 영등포구 가마산로 338 (대림동),37.499235074302,126.897002656865,02-845-3212,된장찌개 백반,6000원,,,합리적인 가격의 된장찌개 백반,6000,
P004403,서울시 가격안정 모범업소,,식당,삼다수흑돼지,서울특별시 영등포구 영중로4길 5 (영등포동3가),37.5173006434615,126.906966060151,02-2678-0610,냉면,7000원,불고기,15000원,합리적인 가격의 냉면,7000,15000.0
P004404,서울시 가격안정 모범업소,,식당,세림가든,서울특별시 영등포구 경인로 874 (영등포동1가),37.5171997814518,126.909819072261,02-2671-5678,돼지갈비,12000원,냉면(물),5000원,합리적인 가격의 돼지갈비,12000,5000.0
P004405,서울시 가격안정 모범업소,,식당,예가원,서울특별시 영등포구 영신로32길 32 (영등포동4가),37.5188495122383,126.904537755631,02-2675-6963,돼지갈비(300g),16000원,,,합리적인 가격의 돼지갈비(300g),16000,
P004406,서울시 가격안정 모범업소,,미용,한마음미용실,서울특별시 강동구 진황도로 47-2 (천호동),37.5385561629409,127.132965748867,02-482-9649,파마,25000원,커트,6000원,합리적인 가격의 파마,25000,6000.0
P004407,서울시 가격안정 모범업소,,식당,황금성,서울특별시 서대문구 홍연길 91 (연희동),37.5769677400759,126.931445441533,322-6005,탕수육 소,10000원,자장면,3500원,합리적인 가격의 탕수육 소,10000,3500.0
P004408,서울시 가격안정 모범업소,,식당,대풍족,서울특별시 성북구 보문로 129 (보문동2가),37.5864526765995,127.018431356425,02-953-3060,평일 점심 보쌈정식,7000원,,,합리적인 가격의 평일 점심 보쌈정식,7000,
P004409,서울시 가격안정 모범업소,,식당,다운이,서울특별시 노원구 한글비석로 444 (상계동) 교림노원프라자 지하1층,37.663613046348,127.068492606148,02-937-1160,된장찌개,4500원,김치찌개,4500원,합리적인 가격의 된장찌개,4500,4500.0
P004410,서울시 가격안정 모범업소,,식당,대림각,서울특별시 노원구 섬밭로 263 (중계동),37.6391399283859,127.06381950095,02-949-2748,자장면,3000원,,,합리적인 가격의 자장면,3000,
P004411,서울시 가격안정 모범업소,,식당,삼성회관,서울특별시 중구 청구로3길 16 (신당동),37.5588760029061,127.015351311374,02-2231-8520,김치찌개,7000원,청국장,7000원,합리적인 가격의 김치찌개,7000,7000.0
P004412,서울시 가격안정 모범업소,,식당,중앙한분식,서울특별시 구로구 구로동로 126-20 (구로동),37.4900232068142,126.885386157079,02-851-1064,김치찌개,5000원,된장찌개,5000원,합리적인 가격의 김치찌개,5000,5000.0
P004413,서울시 가격안정 모범업소,,식당,한연수짜장,서울특별시 송파구 송이로31길 4-11 (문정동),37.4880552914798,127.132473878689,402-3414,탕수육(中),9000원,자장면,3000원,합리적인 가격의 탕수육(中),9000,3000.0
P004414,서울시 가격안정 모범업소,,세탁&목욕,명동세탁소,서울특별시 강북구 인수봉로79길 57 (수유동),37.6432318438969,127.008662501221,02-997-2861,양복세탁료,6000원,의복수선료(바지),4000원,합리적인 가격의 양복세탁료,6000,4000.0
P004415,서울시 가격안정 모범업소,,미용,금메달미용실,"서울특별시 송파구 오금로32길 10 (송파동, 미성맨션)",37.5059294983467,127.11985686026,418-4157,미용료(커트),8000원,미용료(파마),25000원,합리적인 가격의 미용료(커트),8000,25000.0
P004416,서울시 가격안정 모범업소,,식당,신왕짜장,서울특별시 관악구 난곡로 105 (신림동),37.4649515111387,126.919107588329,839-9989,짬뽕,5000원,탕수육(중),16000원,합리적인 가격의 짬뽕,5000,16000.0
P004417,서울시 가격안정 모범업소,,세탁&목욕,LG쌍용세탁소,서울특별시 중랑구 봉화산로 144 (상봉동),37.6039164045966,127.090144627205,02-3421-8181,양복수선료,3000원,양복세탁료,8000원,합리적인 가격의 양복수선료,3000,8000.0
P004418,서울시 가격안정 모범업소,,식당,우돈골,서울특별시 송파구 위례성대로20길 24 (오금동),37.509265386705,127.127255658515,3401-4585,등심(수입산.600g),25000원,"김치찌개,된장찌개백반(점심특선)",5000원,합리적인 가격의 등심(수입산.600g),25000,5000.0
P004419,서울시 가격안정 모범업소,,기타,신애사진관,서울특별시 송파구 백제고분로19길 27 (잠실동),37.5073048731749,127.087414458028,415-1869,"사진촬영료(증명,8매)",15000원,사진인화료,250원,"합리적인 가격의 사진촬영료(증명,8매)",15000,250.0
P004420,서울시 가격안정 모범업소,,미용,헤어뱅크,서울특별시 강서구 곰달래로49길 11 (화곡동),37.5322212753215,126.857567234879,02-2604-7080,파마,30000원,커트,10000원,합리적인 가격의 파마,30000,10000.0
P004421,서울시 가격안정 모범업소,,식당,백미식당,서울특별시 강서구 공항대로59가길 25 (등촌동),37.5517569862998,126.865226487798,02-3662-9288,김치찌개,5000원,된장찌개,5000원,합리적인 가격의 김치찌개,5000,5000.0
P004422,서울시 가격안정 모범업소,,기타,썬스튜디오,서울특별시 강서구 공항대로36길 129 (내발산동),37.5527734870945,126.835763315563,02-2666-5828,인화료,220원,사진촬영(반명함8장),9000원,합리적인 가격의 인화료,220,9000.0
P004423,서울시 가격안정 모범업소,,미용,원이발소,서울특별시 관악구 청룡8길 77 (봉천동),37.4800098995051,126.941728803123,882-6191,이용료(커트),5000원,,,합리적인 가격의 이용료(커트),5000,
P004424,서울시 가격안정 모범업소,,식당,제주토방탕수육,서울특별시 송파구 성내천로 212 (마천동),37.5000178377774,127.151182041019,431-0049,탕수육(돼지고기)소,11000원,오징어탕수육 소,11000원,합리적인 가격의 탕수육(돼지고기)소,11000,11000.0
P004425,서울시 가격안정 모범업소,,기타,SBS사진실,서울특별시 중랑구 망우로32길 49 (면목동),37.5916125153851,127.077389475675,495-1440,사진찰영료,10000원,,,합리적인 가격의 사진찰영료,10000,
P004426,서울시 가격안정 모범업소,,식당,연희골굼터,서울특별시 서대문구 홍제천로 156-6 (연희동),37.5769744889319,126.930812953923,3143-6883,"삼겹살(180g, 오스트리아산)",6000원,김치찌개백반,6000원,"합리적인 가격의 삼겹살(180g, 오스트리아산)",6000,6000.0
P004427,서울시 가격안정 모범업소,,식당,궁원 중화요리,서울특별시 동대문구 사가정로 229 (장안동),37.5789468572164,127.070553264702,2212-7749,짬뽕,4000원,자장면,3000원,합리적인 가격의 짬뽕,4000,3000.0
P004428,서울시 가격안정 모범업소,,세탁&목욕,정훈세탁,서울특별시 금천구 독산로73길 9 (독산동),37.4677113489234,126.901369284378,02-839-8389,의복수선,4000원,양복세탁료,7000원,합리적인 가격의 의복수선,4000,7000.0
P004429,서울시 가격안정 모범업소,,식당,신가네김밥타운,서울특별시 서대문구 증가로25길 4 (북가좌동),37.5816704787206,126.913971682126,373-1187,김밥,1000원,,,합리적인 가격의 김밥,1000,
P004430,서울시 가격안정 모범업소,,식당,해주냉면,서울특별시 서대문구 연세로12길 37-3 (창천동),37.5592385503478,126.938941353709,393-2990,냉면(물),4500원,,,합리적인 가격의 냉면(물),4500,
P004431,서울시 가격안정 모범업소,,미용,미성이발관,서울특별시 서대문구 홍제천로 200-4 (연희동),37.5789735605334,126.934998136783,3142-3396,커트,5000원,,,합리적인 가격의 커트,5000,
P004432,서울시 가격안정 모범업소,,미용,꽃미용실,서울특별시 마포구 임정로 73 (신공덕동),37.5458934314142,126.958981365641,717-3078,파마,30000원,커트,10000원,합리적인 가격의 파마,30000,10000.0
P004433,서울시 가격안정 모범업소,,식당,산정,서울특별시 중구 동호로 288 (장충동2가),37.5602298964549,127.003132725617,2277-0913,김치전골(2인이상 주문 시 1인가격),8000원,된장찌개,6000원,합리적인 가격의 김치전골(2인이상 주문 시 1인가격),8000,6000.0
P004434,서울시 가격안정 모범업소,,미용,차순옥미용실,"서울특별시 강서구 허준로 176 (가양동, 가양도시개발공사아파트(가양8단지아파트)) 107호",37.5618457999564,126.856800747299,02-2658-6478,퍼머,25000원,컷트(성인),7000원,합리적인 가격의 퍼머,25000,7000.0
P004435,서울시 가격안정 모범업소,,세탁&목욕,한독세탁,"서울특별시 중랑구 동일로 752 (중화동, 중화한신아파트) 1층",37.5970090851956,127.082070702444,433-2058,양복세탁료,5000원,,,합리적인 가격의 양복세탁료,5000,
P004436,서울시 가격안정 모범업소,,식당,소문난맛함흥냉면,서울특별시 성동구 무학봉16길 1 (하왕십리동),37.5613574218419,127.031372661236,02-2299-5537,한우소머리국밥,10000원,한우설렁탕,10000원,합리적인 가격의 한우소머리국밥,10000,10000.0
P004437,서울시 가격안정 모범업소,,기타,광장스튜디오,서울특별시 광진구 광장로 79 (광장동),37.5479087034195,127.105892759905,444-6190,사진인화료,8000원,사진촬영료,15000원,합리적인 가격의 사진인화료,8000,15000.0
P004438,서울시 가격안정 모범업소,,미용,덕성이발관,서울특별시 관악구 장군봉2길 11 (봉천동),37.4824466875174,126.939594879058,02-882-5875,이용료(커트),8000원,,,합리적인 가격의 이용료(커트),8000,
P004439,서울시 가격안정 모범업소,,세탁&목욕,늘하얀 세탁,서울특별시 성동구 마조로 71 (마장동),37.5641231544467,127.041483637071,02-2297-8272,운동화,4000원,세탁료(정장한벌),5000원,합리적인 가격의 운동화,4000,5000.0
P004440,서울시 가격안정 모범업소,,식당,왕세숫대야냉면(행복을파는집),서울특별시 강서구 공항대로 423(등촌동),37.555567479084,126.854371723846,02-2668-3608,돈가스,5800원,냉면,5000원,합리적인 가격의 돈가스,5800,5000.0
P004441,서울시 가격안정 모범업소,,식당,부남돌구이,서울특별시 종로구 대학로2길 65-5 (효제동),37.5717917473374,127.005585306784,742-2451,갈비탕,6000원,김치찌개 백반,6000원,합리적인 가격의 갈비탕,6000,6000.0
P004442,서울시 가격안정 모범업소,,미용,황진우미용실,"서울특별시 강북구 솔샘로 167 (미아동), 311호",37.6201585502158,127.01120650382,982-3950,파마,25000원,커트,8000원,합리적인 가격의 파마,25000,8000.0
P004443,서울시 가격안정 모범업소,,미용,재경헤어라인,서울특별시 관악구 봉천로13길 7 (봉천동),37.4891036928384,126.930111499476,02-889-8241,커트,10000원,남성커트,8000원,합리적인 가격의 커트,10000,8000.0
P004444,서울시 가격안정 모범업소,,미용,지영미용실,서울특별시 강북구 도봉로18길 41 (미아동),37.6187677883145,127.031232301389,02-988-1954,파마,15000원,커트,5000원,합리적인 가격의 파마,15000,5000.0
P004445,서울시 가격안정 모범업소,,식당,투가리올림픽,서울특별시 송파구 백제고분로 465 (방이동),37.5121862915699,127.113053920829,386-7004,물냉면,3500원,비빔밥,3500원,합리적인 가격의 물냉면,3500,3500.0
P004446,서울시 가격안정 모범업소,,식당,일봉,서울특별시 종로구 종로 192-1 (종로4가),37.5704648900657,126.999078470726,2266-2540,생선초밥,10000원,,,합리적인 가격의 생선초밥,10000,
P004447,서울시 가격안정 모범업소,,식당,남영해물탕,서울특별시 용산구 한강대로80길 12 (남영동),37.5425431587763,126.973487034748,798-2545,불고기백반,5000원,알탕,6000원,합리적인 가격의 불고기백반,5000,6000.0
P004448,서울시 가격안정 모범업소,,미용,명신미용실,서울특별시 광진구 자양로37길 8 (구의동),37.5479279284446,127.087717846731,453-2774,미용료(파마),15000원,미용료(커트),5000원,합리적인 가격의 미용료(파마),15000,5000.0
P004449,서울시 가격안정 모범업소,,기타,코닥스튜디오,서울특별시 광진구 영화사로 4 (중곡동),37.5584497675382,127.088097328681,457-6542,사진인화료,7000원,사진촬영료,12000원,합리적인 가격의 사진인화료,7000,12000.0
P004450,서울시 가격안정 모범업소,,세탁&목욕,제일크리닝,서울특별시 강북구 삼양로117길 18 (수유동),37.6437998846323,127.015194731102,02-906-5161,의복수선료(바지),4000원,양복세탁,6000원,합리적인 가격의 의복수선료(바지),4000,6000.0
P004451,서울시 가격안정 모범업소,,식당,원조막국수,서울특별시 강북구 노해로33길 42 (수유동),37.6467563424537,127.022208764532,02-991-5215,물막국수,7000원,,,합리적인 가격의 물막국수,7000,
P004452,서울시 가격안정 모범업소,,식당,무진장,서울특별시 용산구 원효로 212 (원효로2가),37.5374729285246,126.965664771338,02-712-8814,생선구이정식,10000원,알탕,10000원,합리적인 가격의 생선구이정식,10000,10000.0
P004453,서울시 가격안정 모범업소,,기타,홍노래방,서울특별시 마포구 홍익로 1 (서교동),37.5528408227331,126.924010816125,3142-1551,노래방이용료(2인),15000원,노래방이용료,15000원,합리적인 가격의 노래방이용료(2인),15000,15000.0
P004454,서울열린데이터광장,,문화생활,DDP(동대문디자인플라자),서울특별시 중구 을지로 281,37.56735731522952,127.0097797348434,02-2153-0000,,,,,‘Amazing! Tomorrow’DDP(동대문디자인플라자)에 오신 것을 환영합니다. DD,0,0.0
P004455,서울열린데이터광장,,문화생활,금천예술공장,서울특별시 금천구 범안로15길 57,37.4688247596721,126.891928199853,02-807-4747,,,,,금천예술공장은 2009년 인쇄공장을 리모델링하여 조성된 시각예술 전문 국제 레지던시 공간으,0,0.0
P004456,서울열린데이터광장,,문화생활,용산도시기억전시관,서울특별시 용산구 서빙고로 17,37.5269056148241,126.966566172294,02-3785-2590,,,,,층 전시관은 용산도시변천사와 용산참사 등 용산기지 관련 수집자료를 활용한 콘텐츠로 구성되고,0,0.0
P004457,서울열린데이터광장,,문화생활,광진교 8번가,서울특별시 강동구 천호동 527-2,37.5451462595072,127.112687934633,02-476-0722,,,,,광진교8번가는 전세계적으로 3개밖에 존재하지 않는 교각하부 전망대입니다. 광진교8번가는 이,0,0.0
P004458,서울열린데이터광장,,문화생활,서울생활사박물관,서울특별시 노원구 동일로174길 27,37.6201739154268,127.076936195632,02-3399-2900,,,,,2019년 7월에 개관한 서울생활사박물관은 과거 서울북부지방법원과 서울북부지방검찰청이 있던,0,0.0
P004459,서울열린데이터광장,,문화생활,공평도시유적전시관,서울특별시 종로구 우정국로 26,37.57189081127559,126.98338815886144,02-724-0135,,,,,공평도시유적전시관 2015년 공평1?2?4지구 도시환경정비사업을 추진하는 과정에서 조선 한,0,0.0
P004460,서울열린데이터광장,,문화생활,김영옥 미술관,서울특별시 종로구 창의문로10길 11,37.5938781052674,126.964253937947,정보없음,,,,,김영옥만다라작품을 통해 치유ㆍ회복ㆍ성장 그리고 자기완성을 느낀다. ㆍ전시활동,0,0.0
P004461,서울열린데이터광장,,문화생활,노들섬,서울특별시 용산구 양녕로 445,37.5176638307111,126.958036465507,02-749-4500,,,,,"노들섬은 바쁜 일상에서 잠시 벗어나, 온전한 나만의 시간을 보낼 수 있는 한강 위 복합문화",0,0.0
P004462,서울열린데이터광장,,문화생활,갈산문화예술센터,서울특별시 양천구 목동남로 106,37.5107624370301,126.87020687315,02-2651-5300,,,,,양천구 갈산 기슭에 가족 중심 문화예술 특화 시설이 개관했다. 온 가족이 함께 공연도 즐기,0,0.0
P004463,서울열린데이터광장,,문화생활,신월문화체육센터,서울특별시 양천구 지양로 47,37.519931063925554,126.8350545759677,02-2605-4093,,,,,신월문화체육센터는 주민 여러분의 건강한 여가생활과 삶의 활력을 위해 깨끗한 시설과 다양한 ,0,0.0
P004464,서울열린데이터광장,,문화생활,한성백제박물관,서울특별시 송파구 위례성대로 71,37.51543881335773,127.12088940368128,02-2152-5800,,,,,"한성백제박물관은 ‘2천년 역사도시 서울’의 고대 문화를 복원?조명하는 시립박물관이며, 20",0,0.0
P004465,서울열린데이터광장,,문화생활,한국분재박물관,서울특별시 서초구 신흥안길 40-10,37.4531367590412,127.075803211835,02-577-0002,,,,,분재박물관에는 수령 500년이 된 소사나무와 수렵수를 비롯해 금방이라도 바닷가의 내음을 풍,0,0.0
P004466,서울열린데이터광장,,문화생활,가람화랑,서울특별시 종로구 인사동10길 11,37.5742827945118,126.985613628841,02-732-6170,,,,,가람화랑은 한국근현대미술 전문 화랑으로 1977년 인사동에 개관하였다. 이후 1991년 현,0,0.0
P004467,서울열린데이터광장,,문화생활,서울시립 남서울미술관,서울특별시 관악구 남부순환로 2076,37.4760535374985,126.979465861688,02-598-6246,,,,,"남서울미술관은 역사의 정취가 가득한, 오래 머물고 싶은 미술관입니다. 미술관이 둥지를 튼 ",0,0.0
P004468,서울열린데이터광장,,문화생활,서울풍물시장 전통문화체험관,서울특별시 동대문구 천호대로4길 21,37.5727131853349,127.025502937291,02-2232-3368,,,,,전통문화체험관 은 서울풍물시장을 방문한 내외국인 관광객이 다양한 한국의 전통문화 소품을 간,0,0.0
P004469,서울열린데이터광장,,문화생활,강남스포츠문화센터,서울특별시 강남구 밤고개로1길 52,37.48915345909661,127.10522596740412,02-2176-0801~3,,,,,21세기 스포츠 문화를 선도하는 강남스포츠 문화센터는 강남구 수서동에 위치한 강남구 최대 ,0,0.0
P004470,서울열린데이터광장,,문화생활,사당문화회관,서울특별시 동작구 사당로8길 9,37.484714436886,126.969613923049,02-588-4111,,,,,"사당동(지하철 7호선 남성역)에 위치한 사당문화회관은 지하2층, 지상4층 규모의 최신 시설",0,0.0
P004471,서울열린데이터광장,,문화생활,건국대학교 박물관,서울특별시 광진구 능동로 120,37.54240517067264,127.07559228463867,0507-1430-3880,,,,,본교 박물관은 1963년 3월에 대학의 기본적인 문화기관의 하나로 발족하여 우리 조상의 얼,0,0.0
P004472,서울열린데이터광장,,문화생활,최순우 옛집,서울특별시 성북구 성북로15길 9,37.5929768495688,127.000349881218,02-3675-3402,,,,,혜곡최순우기념관은 무량수전 배흘림기둥에 기대서서의 저자로 유명한 혜곡 최순우 선생이 197,0,0.0
P004473,서울열린데이터광장,,문화생활,서울문화예술교육센터 양천,서울특별시 양천구 남부순환로64길 2,37.5282197824835,126.832145349117,02-2697-2600,,,,,"어린이, 가족, 시민 모두와 함께하는 예술교육 전용 공간 서울문화재단 서울문화예술교육센터 ",0,0.0
P004474,서울열린데이터광장,,문화생활,국립국어원 우리말 꿈터,서울특별시 강서구 금낭화로 154 국립국어원 1층,37.579155054659,126.81383542564,02-2669-9686,,,,,'우리말 꿈터'는 우리말에 관한 여러 주제를 활동 중심으로 구성한 청소년 체험 공간입니다.,0,0.0
P004475,서울열린데이터광장,,문화생활,학고재,서울특별시 종로구 삼청로 50,37.5804654638012,126.980316758246,02-720-1524,,,,,1988년 개관한 학고재는 '學古創新'을 목표로 우리 전통미술의 아름다움과 가치를 진작시켜,0,0.0
P004476,서울열린데이터광장,,문화생활,남산골한옥마을,서울특별시 중구 퇴계로34길 28,37.559304933707146,126.994440072131,02-6358-5533,,,,,남산골한옥마을은 연간 150만 명의 내외국인 관광객이 방문하는 서울을 대표하는 관광 거점 ,0,0.0
P004477,서울열린데이터광장,,문화생활,국립고궁박물관,서울특별시 종로구 효자로 12 국립고궁박물관,37.5765916191985,126.974974825074,02-3701-7500,,,,,광복 60주년을 맞아 2005년 8월 15일 경복궁 내에 있는 옛 국립중앙박물관 자리에 조,0,0.0
P004478,서울열린데이터광장,,문화생활,허준박물관,서울특별시 강서구 허준로 87,37.5678724473689,126.851031243879,02-3661-8686,,,,,구암 허준 선생의 학문적 업적을 기리고자 개관한 공립박물관입니다. 이곳을 찾는 모든 분들께,0,0.0
P004479,서울열린데이터광장,,문화생활,2ND AVENUE GALLERY,서울특별시 중구 필동로8길 22,37.555139463911,126.994911633545,02-593-1140,,,,,세컨드 에비뉴 갤러리는 대한민국 미술계에서 제대로 조명 받지 못한 원로작가와 중견작가에 주,0,0.0
P004480,서울열린데이터광장,,문화생활,더 소호,서울특별시 종로구 필운대로 17 필운동연립주택,37.5778764483968,126.969297162507,02-722-1999,,,,,"소호 갤러리에서는 2001 Collection 기획전으로 세계의 거장 피카소, 샤갈, 미로",0,0.0
P004481,서울열린데이터광장,,문화생활,강동구민회관,서울특별시 강동구 상암로 168,37.5458583,127.1411875,02-488-5542,,,,,"■ 시설현황 ? 위치 : 강동구 상암길 168 ? 규모 : 대지(4.321㎡),연면적5,4",0,0.0
P004482,서울열린데이터광장,,문화생활,성북여성문화센터,서울특별시 성북구 성북로4길 177,37.59561706859412,127.00866241383996,02-929-0883,,,,,“ 여성 사회참여와 문화활동 지원을 위한 프로그램 제공 !” 성북 여성문화센터는 성북구 대,0,0.0
P004483,서울열린데이터광장,,문화생활,한국공예문화진흥원,서울특별시 종로구 율곡로 53 해영회관 5층,37.576600362627,126.985127531969,02-398-7900,,,,,"국제적 경쟁력을 지닌 고품질의 문화관광상품의 발굴, 제작, 홍보, 유통, 판매사업을 통하여",0,0.0
P004484,서울열린데이터광장,,문화생활,국립한글박물관,서울특별시 용산구 용산동6가 412-6,37.5211619506891,126.98097295481348,02-2124-6200,,,,,※ 새단장을 위해 1년간 휴관 합니다. 일정 2024. 10. 14 - 2025. 10. ,0,0.0
P004485,서울열린데이터광장,,문화생활,토포하우스,서울특별시 종로구 인사동11길 6 토포하우스,37.574095133366,126.98432452544,02-734-7555,,,,,"인사동 화랑가 중심의 골목 안쪽에 위치해 있으며, 60여 평의 전시 공간을 갖추고 있는 대",0,0.0
P004486,서울열린데이터광장,,문화생활,유리지공예관,서울특별시 서초구 중앙로 555,37.457757841871,127.01235419179,02-578-6663,,,,,한국 현대공예운동의 거점공간을 지향하는 비영리 금속공예 전문 미술관 유리지 공예관(구 치우,0,0.0
P004487,서울열린데이터광장,,문화생활,운현궁,서울특별시 종로구 삼일대로 464,37.57607864675475,126.987083357962,02-766-9090,,,,,1996년에 개관한 운현궁은 조선 26대 임금인 고종(高宗)이 등극하기 전에 살았던 잠저(,0,0.0
P004488,서울열린데이터광장,,문화생활,스튜디오 콘크리트,서울특별시 용산구 한남대로 162,37.5424514132642,127.002516651699,02-794-4095,,,,,'스튜디오 콘크리트'는 창조적이고 예술적인 배경을 가진 80년대 출생의 멤버들이 주축이 되,0,0.0
P004489,서울열린데이터광장,,문화생활,강남구민회관,서울특별시 강남구 삼성로 154,37.4938499406221,127.06414979923,02-2176-0891,,,,,2005년 2월 19일 오픈 구민회관체육교실에서는 33개의 프로그램을 운영하고 있습니다. ,0,0.0
P004490,서울열린데이터광장,,문화생활,갤러리 라메르,서울특별시 종로구 인사동5길 26 홍익빌딩,37.5725819833564,126.984868085947,02-730-5454,,,,,갤러리 라메르는 사설갤러리로서는 최대규모의 갤러리(총 240평)로 한국 미술문화의 중심지인,0,0.0
P004491,서울열린데이터광장,,문화생활,갤러리 가이아,서울특별시 강남구 선릉로162길 43,37.5263596212575,127.044097726418,02-733-3373,,,,,"갤러리가이아는 2002년 서울에서 개관하여, 22년 간 다양한 기획전시를 선보이며 활발하게",0,0.0
P004492,서울열린데이터광장,,문화생활,서울시립 난지미술창작스튜디오,서울특별시 마포구 하늘공원로 108-1,37.56907059409881,126.87892209519516,02-2124-8800,,,,,"난지미술창작스튜디오는 미술가들을 위한 레지던시 지원 공간입니다. 난지한강공원, 노을공원, ",0,0.0
P004493,서울열린데이터광장,,문화생활,세빛섬,서울특별시 서초구 올림픽대로 2085-14,37.5124362037118,126.995962256954,1566-3433,,,,,한강을 아름답게 밝혀줄 세 개의 빛나는 섬 세빛섬은 서울의 중심인 한강에 색다른 수변 문화,0,0.0
P004494,서울열린데이터광장,,문화생활,문학의집서울,서울특별시 중구 퇴계로26길 65,37.5580841736,126.9892390979,02-778-1026~7,,,,,"서울의 중심지인 중구 예장동, 숲이 우거진 남산 기슭에 2001년 10월 개관한 <문학의집",0,0.0
P004495,서울열린데이터광장,,문화생활,문화공간이육사,서울특별시 성북구 종암로21가길 36-1,37.5981380921564,127.032601556099,02-2241-2264,,,,,"종암동 주민의 노력으로 건립되어, 독립운동가이자 시인 이육사를 기념하고 전시와 체험 프로그",0,0.0
P004496,서울열린데이터광장,,문화생활,SETEC전시장(서울무역전시장),서울특별시 강남구 남부순환로 3104,37.4956786590374,127.071912029293,02-2187-4600,,,,,"대한민국을 대표하는 전시컨벤션 시설인 SETEC 은 전문 전시시설과 회의시설, 지원 시스템",0,0.0
P004497,서울열린데이터광장,,문화생활,평화문화진지,서울특별시 도봉구 마들로 932,37.690780138783,127.046812594303,02-3494-1970,,,,,평화문화진지는 대결과 분단의 상진인 대전차 방호시설을 문화예술의 공간인 평화문화 진지로 재,0,0.0
P004498,서울열린데이터광장,,문화생활,아웃사이트,서울특별시 종로구 창경궁로35가길 12,37.5872586942711,127.001368055445,02-742-3512,,,,,종로구 혜화동에 위치한 아웃사이트 out_sight 는 현재의 징후로 포착되는 시각문화적 ,0,0.0
P004499,서울열린데이터광장,,문화생활,갤러리 도올,서울특별시 종로구 삼청로 87 도올빌딩 2층,37.5832322737028,126.981676992197,02-739-1405~6,,,,,간판이 눈에 잘 띄지 않아 지나치기 쉬운 곳이다. 인사동에서 이전한 곳으로 규모는 작으나 ,0,0.0
P004500,서울열린데이터광장,,문화생활,북촌문화센터,서울특별시 종로구 계동길 37,37.57907437956687,126.9864318880889,02-2133-1372,,,,,"북촌의 역사와 가치, 그리고 우리의 전통문화를 알리며 북촌과 한국의 전통 주거문화에 대한 ",0,0.0
P004501,서울열린데이터광장,,문화생활,서울시립 북서울미술관,서울특별시 노원구 동일로 1238,37.6406604547872,127.066865579183,02-2124-5201,,,,,서울시립 북서울미술관은 지역 공동체와 상생하는 미술관입니다. 갈대 언덕에서 비롯한 지명을 ,0,0.0
P004502,서울열린데이터광장,,문화생활,문래예술공장,서울특별시 영등포구 경인로88길 5-4,37.5132170259667,126.900125854302,02-2676-4300,,,,,"문래예술공장은 2010년부터 현재까지 문래창작촌의 예술인/단체 뿐만 아니라, 자유로운 실험",0,0.0
P004503,서울열린데이터광장,,문화생활,한양도성박물관,서울특별시 종로구 율곡로 283,37.5728571793919,127.008512843764,02-724-0243,,,,,동대문성곽공원에 위치한 한양도성박물관은 조선시대부터 현재에 이르기까지 한양도성의 역사와 문,0,0.0
P004504,서울열린데이터광장,,문화생활,은평구청소년문화의집 신나는애프터센터,"서울특별시 은평구 연서로6길 7 (역촌동, 은평구청소년문화의집)",37.6043734995,126.9166272426,02-353-7910,,,,,청소년은 마을과 지역사회에서 함께 살아가는 시민입니다. 은평구청소년문화의집 신나는애프터센터,0,0.0
P004505,서울열린데이터광장,,문화생활,포스코미술관,서울특별시 강남구 테헤란로 440 포스코센터 지하 1층 포스코미술관,37.5057694,127.0558879,02-3457-0793,,,,,"포스코미술관은 ‘생활 속의 예술, 예술 속의 생활’실천에 앞장서고 있습니다. 사람과 사람,",0,0.0
P004506,서울열린데이터광장,,문화생활,필 갤러리,서울특별시 용산구 유엔빌리지길 24 필 갤러리,37.5335832999485,127.009780074836,02-795-0046,,,,,8월의 뜨거운 태양이 우리에게 가을의 풍성함을 가져다주듯이 미술과 인연을 맺어 지내온 결실,0,0.0
P004507,서울열린데이터광장,,문화생활,서울시립청소년음악센터,서울특별시 양천구 남부순환로 657,37.5105883194895,126.842870706009,02-6956-1870,,,,,음악으로 삶을 창작하고 음악의 가치를 찾는 공간. 서울시립청소년음악센터는 지하 1층 지상 ,0,0.0
P004508,서울열린데이터광장,,문화생활,서울책보고,서울특별시 송파구 신천동 14,37.52202784263066,127.1038467712633,02-6951-4979,,,,,<서울책보고>는 서울시가 헌책방들을 모아 오래된 책의 가치를 담아 새로 만든 서울 헌책방입,0,0.0
P004509,서울열린데이터광장,,문화생활,킵인터치,서울특별시 종로구 북촌로1길 13,37.5773133865904,126.984946373051,홈페이지 참고,,,,,"Gallery, project space, and studio in Ankuk, Seoul",0,0.0
P004510,서울열린데이터광장,,문화생활,한강이야기전시관,서울특별시 광진구 강변북로 2202,37.52998877884993,127.06527882345472,02-3780-0517,,,,,한강이야기전시관은 한강의 역사와 문화적 가치를 일상에서 누리고 체험할 수 있는 오직 한강만,0,0.0
P004511,서울열린데이터광장,,문화생활,동덕아트갤러리,서울특별시 종로구 우정국로 68,37.5749329202213,126.983315938932,02-732-6458,,,,,동덕아트갤러리는 1979년 7월 15일 동덕 여학단 법인에 의해 인사동 사거리에 동덕 미술,0,0.0
P004512,서울열린데이터광장,,문화생활,아트하우스 모모,서울특별시 서대문구 이화여대길 52,37.5644645178259,126.950288837762,02-363-5333,,,,,아트하우스 모모는 최초의 대학 내 상설영화관으로 국내 최초의 예술영화전용관이었던 동숭씨네마,0,0.0
P004513,서울열린데이터광장,,문화생활,코리아나미술관,서울특별시 강남구 언주로 827,37.5240691643,127.032811048,02-547-9177,,,,,스페이스 씨 지하 1층과 2층에 위치한 코리아나미술관은 기업의 문화예술 후원과 미술을 통한,0,0.0
P004514,서울열린데이터광장,,문화생활,서울하수도과학관,서울특별시 성동구 자동차시장3길 64,37.5604666954517,127.060364943935,02-2211-2540,,,,,서울하수도과학관은 우리나라 최초로 하수도를 테마로 한 과학관입니다. 하수도의 역사와 과학을,0,0.0
P004515,서울열린데이터광장,,문화생활,사각사각 플레이스,서울특별시 송파구 한가람로 65,37.5176276345914,127.08673648927,02-3780-0799,,,,,사각사각플레이스는 2018년 잠실한강공원에 청년예술가들의 작업공간을 지원하고 시민들의 문화,0,0.0
P004516,서울열린데이터광장,,문화생활,농업박물관,서울특별시 중구 새문안로 16,37.566738542645766,126.96832931549086,02-2080-5727,,,,,각종 농기구들을 비롯하여 우리나라 농경문화의 역사를 한 눈에 볼 수 있는 농업 전문박물관이,0,0.0
P004517,서울열린데이터광장,,문화생활,서울백제어린이박물관,서울특별시 송파구 올림픽로 424,37.523991,127.124412,02-2152-5900,,,,,서울백제어린이박물관은 올림픽공원 내에 위치한 어린이박물관이다. 1992년 몽촌역사관이란 이,0,0.0
P004518,서울열린데이터광장,,문화생활,갤러리 JJ,서울특별시 강남구 압구정로30길 63,37.5232493093031,127.029158344853,02-322-3979,,,,,2013년 개관한 갤러리JJ는 국내외 미술계의 동시대적 변화를 조망하는 다양하고 심도 있는,0,0.0
P004519,서울열린데이터광장,,문화생활,간송미술관,서울특별시 성북구 성북로 102-11,37.5944624355121,126.996238532295,02-744-7830,,,,,간송미술관은 1938년 한국 최초의 근대식 사립미술관으로 개관한 이래 지금까지 우리나라를 ,0,0.0
P004520,서울열린데이터광장,,문화생활,OCI미술관,서울특별시 종로구 우정국로 45-14,37.5732395069024,126.982128279816,02-734-0440,,,,,"OCI미술관은 문화예술 활동의 주축이 되는 미술관의 사회적 역할을 수행하고, 한국현대미술계",0,0.0
P004521,서울열린데이터광장,,문화생활,이화여자대학교 박물관,서울특별시 서대문구 이화여대길 52,37.5644645178259,126.950288837762,02-3277-3152,,,,,이화여자대학교 박물관은 1935년 일제 치하에서 우리 문화유산을 보존 하고자 교수와 학생들,0,0.0
P004522,서울열린데이터광장,,문화생활,한국금융사박물관,서울특별시 중구 세종대로 135-5,37.5685952282764,126.976433052559,02-2151-7677,,,,,"한국금융사박물관은 우리나라 금융 발전사를 한 눈에 조망해보고, 일반 시민들과 학생들의 국내",0,0.0
P004523,서울열린데이터광장,,문화생활,성북구립 최만린미술관,서울특별시 성북구 솔샘로7길 23,37.6106597929108,127.004288022173,02-6952-5016,,,,,‘성북구립 최만린미술관’은 한국의 대표적인 조각가 최만린이 30년간 거주했던 정릉 자택을 ,0,0.0
P004524,서울열린데이터광장,,문화생활,샤머니즘박물관,서울특별시 은평구 진관2로 57-23,37.6351344788336,126.925378161529,02-389-6522,,,,,샤머니즘 전문 사립박물관으로 2013년 5월 2일 민속학자 양종승박사가 평생 수집한 샤먼유,0,0.0
P004525,서울열린데이터광장,,문화생활,갤러리 비선재,서울특별시 용산구 유엔빌리지3길 54-14,37.5357632637137,127.014278496667,02-793-5445,,,,,서울 한남동 한강변에 위치한 갤러리 비선재는 건축 디자인 디벨로프 전문회사에서 운영하는 갤,0,0.0
P004526,서울열린데이터광장,,문화생활,서리풀청년아트갤러리,서울특별시 서초구 남부순환로323길 1,37.481137954971,127.013504028268,02-3477-2074,,,,,서리풀청년아트갤러리는 20 년간 방치된 예술의전당 앞 지하보도를 활용해 만들어진 공간으로 ,0,0.0
P004527,서울열린데이터광장,,문화생활,현대카드 아트 라이브러리,서울특별시 용산구 이태원로 248,37.5368105457993,127.000866126411,02-2014-7899,,,,,"컨템포러리 아트, 일상의 공간에서 만나는 우연한 영감 현대카드 아트 라이브러리는 아트 입문",0,0.0
P004528,서울열린데이터광장,,문화생활,한양대학교 박물관,서울특별시 성동구 왕십리로 222,37.5545035492027,127.046611216789,02-2220-1394,,,,,"한양대학교 박물관은 지난1978년 건립 이래 끊임없이 귀중한 문화유산을 발굴, 수집, 보존",0,0.0
P004529,서울열린데이터광장,,문화생활,BHAK,서울특별시 용산구 한남대로40길 19,37.5428868498054,127.003200910809,02-544-8481,,,,,1993년 3월 2일에 개관한 이래 국내외의 역량 있는 작가들의 개인전은 물론 참신한 기획,0,0.0
P004530,서울열린데이터광장,,문화생활,전쟁기념관,서울특별시 용산구 이태원로 29,37.5373140468913,126.978466063237,02-709-3114,,,,,"옛 육군본부 자리에 들어선 전쟁기념관은 지하 2층, 지상 4층 건물로, 6천여 평 정도의 ",0,0.0
P004531,서울열린데이터광장,,문화생활,도산안창호 기념관,서울특별시 강남구 도산대로 45길 20 도산안창호기념관,37.5239978,127.0356302,02-541-1800,,,,,도산안창호기념관은 독립운동가이시며 선각자이신 우리 민족의 영원한 스승 도산안창호선생의 생애,0,0.0
P004532,서울열린데이터광장,,문화생활,서울시립미술관 서소문본관,서울특별시 중구 덕수궁길 61,37.5641060692766,126.973699316136,02-2124-8800,,,,,서울시립미술관은 모두가 만나고 경험하는 미술관입니다. 서울 근현대사의 자취를 고스란히 간직,0,0.0
P004533,서울열린데이터광장,,문화생활,국립경찰박물관,서울특별시 종로구 송월길 162,37.5720572964048,126.962196007118,02-3150-3681,,,,,"「경찰박물관」은 국립경찰 50주년을 맞이하여 지나간 경찰역사를 영구히 보존 전시 함으로써,",0,0.0
P004534,서울열린데이터광장,,문화생활,한국은행 화폐박물관,서울특별시 중구 남대문로 39,37.56204024128875,126.98055510383593,02-759-4881,,,,,박물관이 위치한 본관 건물은 대한제국시대인 1907년 착공되어 1912년 완공된 절충식 르,0,0.0
P004535,서울열린데이터광장,,문화생활,윤동주문학관,서울특별시 종로구 창의문로 119(청운동),37.5920259037,126.9669236248,070-4531-4176,,,,,"시인 윤동주는 연희전문학교 문과 재학시절, 종로구 누상동에 있는 소설가 김송(金松. 190",0,0.0
P004536,서울열린데이터광장,,문화생활,안중근의사기념관,서울특별시 중구 소월로 91,37.5534684886426,126.980404324804,02-3789-1016,,,,,이곳은 일제치하에서 대한민국의 독립을 위해 목숨을 버리며 구국투쟁을 벌인 안중근의사의 정신,0,0.0
P004537,서울열린데이터광장,,문화생활,서울교육박물관,서울특별시 종로구 북촌로5길 48 정독도서관,37.5812654545612,126.983870059299,02-2011-5782,,,,,우리 나라 교육의 역사를 연구하고 사료를 수집하여 전시하는 정독도서관 부설 교육전문박물관이,0,0.0
P004538,서울열린데이터광장,,문화생활,디지털 파빌리온,서울특별시 마포구 월드컵북로 396,37.5794283422818,126.889782954548,02-2132-0501,,,,,- 세상을 바꾸는 유쾌한 기술 IT IT 기술은 다양한 형태로 많은 사람들의 삶을 보다 편,0,0.0
P004539,서울열린데이터광장,,문화생활,갤러리비케이 이태원,서울특별시 용산구 이태원로42길 56,37.5369571346384,127.001296420098,02-790-7079,,,,,갤러리 BK는 2011년 서울 이태원에 개관하였습니다. 현대인들에게 문화의 장을 마련해 나,0,0.0
P004540,서울열린데이터광장,,문화생활,갤러리현대,서울특별시 종로구 삼청로 14 갤러리현대,37.5773056844787,126.979823330741,02-2287-3500,,,,,"순수미술 전문화랑으로 1970년 4월에 설립, 현재까지 한국 현대미술을 발전시키고 세계화하",0,0.0
P004541,서울열린데이터광장,,문화생활,서강대학교 박물관,서울특별시 마포구 백범로 35,37.5514693075541,126.943024997981,02-705-8215,,,,,"연면적 99.194㎡, 소장품은 1,500여 점이다. 1974년 2월 2일 개관하였다. 개",0,0.0
P004542,서울열린데이터광장,,문화생활,전기박물관,서울특별시 서초구 효령로72길 60,37.4856046634033,127.028078834421,02-2105-8190,,,,,100년이 넘는 한국의 전기역사를 체계적으로 정리하여 보존하고 전기의 소중함을 일반인과 어,0,0.0
P004543,서울열린데이터광장,,문화생활,금나래갤러리,서울특별시 금천구 시흥대로73길 70 금나래아트홀 1층,37.45657850809659,126.89597253576768,02-2627-2989,,,,,금나래갤러리는 우리가 살고 있는 지구를 지키며 국내 외 다양한 예술가들과 늘 새롭게 실험하,0,0.0
P004544,서울열린데이터광장,,문화생활,언더스탠드에비뉴,서울특별시 성동구 왕십리로 63,37.5436228045917,127.043585906393,02-725-5526,,,,,"언더스탠드에비뉴는 모든 사람이 스스로의 가능성을 발견하고 성장, 자립할 수 있도록 돕는 창",0,0.0
P004545,서울열린데이터광장,,문화생활,부암아트,서울특별시 종로구 자하문로 242,37.5957362680382,126.964114676729,02-6263-3008,,,,,부암아트 | BUAM ART 공간에서 예술이 깨어나다 부암아트는 무대 위에 한정된 예술이 ,0,0.0
P004546,서울열린데이터광장,,문화생활,김세중미술관,서울특별시 용산구 효창원로70길 35,37.5420178518731,126.963882789719,02-717-5129,,,,,김세중미술관은 조각가 김세중과 시인 김남조 부부가 1955년부터 거주한 서울 용산구 효창원,0,0.0
P004547,서울열린데이터광장,,문화생활,Art Space Loo,서울특별시 용산구 한강대로44길 5,37.5311348836415,126.970500533465,02-790-3888,,,,,Art Space LOO는 국제화 시대에 아시아의 한국이라는 로컬의 화두를 근간으로 동시대,0,0.0
P004548,서울열린데이터광장,,문화생활,삼청각,서울특별시 성북구 대사관로 3,37.5972821698538,126.983526326222,02-765-3000,,,,,맑을 청이 세 개인 삼청각(三淸閣)은 이름 그대로 도심에서 가장 맑은 기운을 지닌 곳이다.,0,0.0
P004549,서울열린데이터광장,,문화생활,가톨릭대학교 전례박물관,서울특별시 종로구 창경궁로 296-12 카톨릭대학교,37.58500811051911,127.00464760285244,02-740-9714,,,,,"가톨릭대학교 전례박물관은 한국 전통사상에 대한 올바른 인식, 전승과 한국 가톨릭교회의 역사",0,0.0
P004550,서울열린데이터광장,,문화생활,충무로영상센터 오!재미동,서울특별시 중구 퇴계로 지하 214 (충무로역 지하1층 개찰구 안),37.5612890978954,126.994207448462,02-777-0421,,,,,충무로영상센터 오!재미동은 서울시 지원으로 (사)서울영상위원회가 운영하는 문화 공간입니다.,0,0.0
P004551,서울열린데이터광장,,문화생활,구의아리수문화유산,서울특별시 광진구 광나루로 571,37.5459473143709,127.09295071199,"02-3146-5415,5953",,,,,‘ 구의아리수문화유산 ’으 로 초대합니다 ! 구의아리수정수센터는 일제 강점기인 1936 년,0,0.0
P004552,서울열린데이터광장,,문화생활,연희문학창작촌,서울특별시 서대문구 증가로2길 6-7,37.5716731193,126.930953809,02-324-4600,,,,,문학의 상상력이 뻗어가는 문학 창작공간 연희문학창작촌은 2009년에 옛 시사편찬위원회를 리,0,0.0
P004553,서울열린데이터광장,,문화생활,성북선잠박물관,서울특별시 성북구 성북로 96,37.59321623050399,126.99823926525616,02-744-0025,,,,,조선시대 서릉씨를 양잠의 신(蠶神)으로 모시고 제사를 지냈던 사적 제83호 선잠단지는 우리,0,0.0
P004554,서울열린데이터광장,,문화생활,두산갤러리,서울특별시 종로구 종로33길 15,37.5718123278145,127.00100010537,02-708-5050,,,,,2007년 개관한 비영리 기관 두산갤러리. 서울을 기반으로 전시를 비롯해 두산 큐레이터 워,0,0.0
P004555,서울열린데이터광장,,문화생활,경희대학교 자연사박물관,서울특별시 동대문구 경희대로 26,37.59782541765426,127.0552089479752,02-961-0143,,,,,"경희대학교 자연사 박물관은 지난 1978년 개관한 이래 산업화, 도시화로 자연과 점점 멀어",0,0.0
P004556,서울열린데이터광장,,문화생활,MGFS100갤러리,서울특별시 종로구 삼청로 122 1층,37.5861678210732,126.981816438846,전화 02-720-1220,,,,,"'MGFS'는 My Good Friends, 100'은 진실함, 다양함, 진정함을 의미합니",0,0.0
P004557,서울열린데이터광장,,문화생활,우면산관문사,서울특별시 서초구 바우뫼로7길 111,37.4737503294487,127.022282279515,02-3460-5300,,,,,관문사 성보박물관은 1600년 한국불교문화 유산 가운데 불교전적을 중심으로 전시 운영되고 ,0,0.0
P004558,서울열린데이터광장,,문화생활,숙명여자대학교 박물관,서울특별시 용산구 청파로47길 99,37.5438324857962,126.965458400837,02-710-9134,,,,,"숙명여자대학교박물관은 숙명여자대학교가 수집, 소장해온 300여점 유물을 토대로 하여 197",0,0.0
P004559,서울열린데이터광장,,문화생활,이화여자대학교 자연사박물관,서울특별시 서대문구 이화여대길 52,37.5644645178259,126.950288837762,02-3277-4700,,,,,"연건축면적 1,980㎡에 57,000여 점의 유물을 소장한 국내 최초의 자연사박물관이다. ",0,0.0
P004560,서울열린데이터광장,,문화생활,롯데화랑(본점),서울특별시 중구 소공동 1 ),37.5653936,126.9808087,02-726-4428-9,,,,,도심속의 문화 공간으로써 다양한 내용의 전시와 참신한 기획으로 현대인의 정서함양을 위한 롯,0,0.0
P004561,서울열린데이터광장,,문화생활,동산방화랑,서울특별시 종로구 인사동9길 35,37.5729277649791,126.983377627355,02-733-5877,,,,,"동산방화랑은 1974년 개관 이후 한국 고유의 미감을 간직한 전통회화와 근대미술, 시대적 ",0,0.0
P004562,서울열린데이터광장,,문화생활,조선일보미술관,서울특별시 중구 세종대로21길 33,37.567895444475,126.975208646759,02-724-6322,,,,,"1988년 4월에 개관한 조선일보미술관은 해마다 수십건의 자체 기획전과 초대전, 대관 전시",0,0.0
P004563,서울열린데이터광장,,문화생활,갤러리 룩스,서울특별시 종로구 필운대로7길 12,37.5815965392578,126.967857491088,02-720-8488,,,,,사진 전문 갤러리 룩스(lux)는 조명도 단위를 나타내는 이름에서도 알 수 있듯이 빛과 관,0,0.0
P004564,서울열린데이터광장,,문화생활,육군박물관,서울특별시 노원구 공릉동 1-1,37.62276204272159,127.10038458310316,02-2197-6608,,,,,"국내 유일의 군사전문박물관으로서 군사문화재의 수집, 보존과 전시 및 연구를 통하여 군과 국",0,0.0
P004565,서울열린데이터광장,,문화생활,갤러리원,서울특별시 강남구 압구정로71길 14,37.5275164514377,127.045900812708,02-514-3439,,,,,？ 강남구 청담동에 위치한 갤러리 원은 1994년부터 이어온 고품격 전시공간으로 총 110,0,0.0
P004566,서울열린데이터광장,,문화생활,아트센터 나비,서울특별시 종로구 종로 26 SK 서린동빌딩 4층,37.5696912777696,126.980303746598,02-2121-1031,,,,,디지털 미디어와 정보 통신 기술의 발달은 현대인의 일상 생활을 바꾸어 놓았을 뿐 아니라 문,0,0.0
P004567,서울열린데이터광장,,문화생활,선화랑,서울특별시 종로구 인사동5길 8,37.5729226658133,126.985721883088,02-734-0458,,,,,"선화랑은 1977년, 개관이래 현대 회화, 조각, 설치 미술, 미디어 아트 등 미술 전반에",0,0.0
P004568,서울열린데이터광장,,문화생활,한국영화박물관,서울특별시 마포구 월드컵북로 400,37.5806561786855,126.889839335259,02-3153-2072,,,,,"한국영화사의 정립 및 시각적 복원을 통해 한국영화의 미래지향적인 비전을 제시하며, 동북아 ",0,0.0
P004569,서울열린데이터광장,,문화생활,서울약령시한의약박물관,서울특별시 동대문구 약령중앙로 26,37.5806004145096,127.037586644096,02-969-9241,,,,,우리나라 최대 한약재 유통 중심지이며 조선조 구휼 및 의료기관이던 보제원 터에 위치한 서울,0,0.0
P004570,서울열린데이터광장,,문화생활,연세대학교신촌캠퍼스박물관,서울특별시 서대문구 연세로 50,37.5660508394158,126.943916239886,02-2123-3340,,,,,"오랜 역사와 전통을 자랑하는 연세대학교 중앙박물관은 1924년에 개관, 우리나라 대학박물관",0,0.0
P004571,서울열린데이터광장,,문화생활,숙명여자대학교 정영양자수박물관,서울특별시 용산구 청파로47길 99,37.5438324857962,126.965458400837,02-710-9133,,,,,"숙명여자대학교정영양자수박물관은 자수 및 직물 예술의 평가와 인식을 높이기 위해 전시관, 도",0,0.0
P004572,서울열린데이터광장,,문화생활,한국불교역사 문화기념관,서울특별시 종로구 우정국로 55,37.5738931410856,126.981881684461,02-2011-1700,,,,,"불교중앙박물관 개관특별전은 佛?法?僧의 三寶特別展 첫 번째 전시로, 붓다’란 주제를 가지고",0,0.0
P004573,서울열린데이터광장,,문화생활,문화라운지 영,서울특별시 영등포구 신풍로 28 비스타동원 2층,37.4998139228913,126.90960294998,02-849-9247,,,,,"기분 좋은 문화소식을 나누는 곳, <문화라운지 영> 청년들이 자율적으로 창의적인 프로젝트를",0,0.0
P004574,서울열린데이터광장,,문화생활,상명대학교 박물관,서울특별시 종로구 평창문화로 151,37.6105845819103,126.975762353288,02-781-7920,,,,,"상명대학교 박물관은 설립자이신 계당 배상명 박사님께서 수집하셨던 유물들과 김대환, 福田榮子",0,0.0
P004575,서울열린데이터광장,,문화생활,서울풍물시장 청춘일번가,서울특별시 동대문구 천호대로4길 21,37.5727131853349,127.025502937291,070-7726-5945,,,,,청춘일번가 는 60-70 년대 서울 시내 상점가를 재현한 서울풍물시장의 테마존입니다 . 청,0,0.0
P004576,서울열린데이터광장,,문화생활,서울도시건축전시관,서울특별시 중구 세종대로 119,37.5668837502225,126.976702419575,027368050,,,,,2019년 3월 28일에 정식 개관한 서울도시건축전시관은 전국에서 처음으로 개관된 도시와 ,0,0.0
P004577,서울열린데이터광장,,문화생활,서울생활문화센터 낙원,서울특별시 종로구 삼일대로 428 낙원상가 1층 하부공간,37.5727635233966,126.987902476529,02-6959-8323,,,,,생활음악을 중심으로 다양한 프로그램을 통해 음악과 문화의 즐거움을 누릴 수 있는 서울생활문,0,0.0
P004578,서울열린데이터광장,,문화생활,서울생활문화센터 체부,서울특별시 종로구 자하문로1나길 3-2 서울생활문화센터 체부,37.5767084987432,126.97148941423,02-6272-0111,,,,,서울생활문화센터 체부는 서울시에서 조성한 생활음악 동아리를 위한 거점공간이자 지역주민을 위,0,0.0
P004579,서울열린데이터광장,,문화생활,스페이스애프터,서울특별시 서대문구 연희로15길 64,37.5700991192566,126.929494474061,0507-1330-7512,,,,,SPACE ÆFTER는 작품과 전시 그리고 비평 간의 지속적인 논의가 이루어지는 장소이다.,0,0.0
P004580,서울열린데이터광장,,문화생활,종로구립 고희동미술관,서울특별시 종로구 창덕궁5길 40 종로구립 고희동미술관,37.5831855099227,126.988884857967,02-741-8424,,,,,우리나라 최초의 서양화가춘곡 고희동의 가옥 종로구립 고희동 미술관은 등록문화재 제84호로(,0,0.0
P004581,서울열린데이터광장,,문화생활,갤러리 구루지,서울특별시 구로구 가마산로25길 21,37.4971026873195,126.889549086694,02-2029-1700,,,,,"갤러리 구루지 는 주민들의 문화 향유 증대를 위한 구로구 대표 갤러리로, 기획 및 대관전시",0,0.0
P004582,서울열린데이터광장,,문화생활,SPACE 1257,"서울특별시 강남구 학동로 146, 와일리 타워 1층",37.5125036615996,127.026928980849,02-6952-1251,,,,,"Space 1257 은 논현 가구거리에 위치한 갤러리 카페로서, 신진, 중진작가들이 대중에",0,0.0
P004583,서울열린데이터광장,,문화생활,아울 갤러리,서울특별시 강서구 곰달래로59길 67,37.5354010758952,126.862655449678,070-5208-8999,,,,,AOWL GALLERY&CAFE 예술가가 운영하는 갤러리 및 카페입니다. 모든 예술을 아우,0,0.0
P004584,서울열린데이터광장,,문화생활,경춘선숲길 갤러리,서울특별시 노원구 화랑로 620,37.6250819894787,127.093707085206,02-2289-3490~3491 / 02-2289-3440,,,,,"경춘선숲길 갤러리는 노원구민의 문화 향유를 증진하고, 지역문화예술발전에 기여하고자 만들어진",0,0.0
P004585,서울열린데이터광장,,문화생활,국립중앙박물관,서울특별시 용산구 서빙고로 137,37.52385582212769,126.98020301648832,02-2077-9000,,,,,국립중앙박물관은 용산으로 이전하여 2005년 개관한 이래 국민 여러분의 관심과 사랑을 받으,0,0.0
P004586,서울열린데이터광장,,문화생활,서울우리소리박물관,서울특별시 종로구 율곡로 96,37.577157928122,126.989622047178,02-742-2600,,,,,'서울우리소리박물관'은 우리 민족의 정서가 고스란히 녹아있는 향토민요를 보고 들어볼 수 있,0,0.0
P004587,서울열린데이터광장,,문화생활,북촌전통공예체험관,서울특별시 종로구 북촌로12길 24-5,37.582435035003456,126.98599257318986,02-741-2148,,,,,북촌전통공예체험관은 북촌을 방문하는 국내외 관광객들에게 한국 전통공예의 우수성을 알리기 위,0,0.0
P004588,서울열린데이터광장,,문화생활,탑골미술관(서울노인복지센터),서울특별시 종로구 삼일대로 467,37.5759657913407,126.985853298403,02-6220-8663,,,,,탑골미술관의 지리적 위치는 역사적 배경에 따라 다양한 공간으로 변모해왔습니다. 1880년대,0,0.0
P004589,서울열린데이터광장,,문화생활,함석헌기념관,서울특별시 도봉구 도봉로123길 33-6,37.6529616157973,127.034796402967,02-905-7007,,,,,"함석헌기념관은 우리나라를 대표하는 인권 운동가로 <씨알의 소리>를 창간하고 시인, 교육자,",0,0.0
P004590,서울열린데이터광장,,문화생활,갤러리 히든플레이스,"서울특별시 서대문구 이화여대2가길 24, 2층",37.5584812115306,126.946249418096,0507-1393-7755,,,,,"이대 정문에 위치한 일러스트, 회화 , 공예 작가들의 작품을 전시하는 전시공간입니다 현대미",0,0.0
P004591,서울열린데이터광장,,문화생활,장디자인아트,서울특별시 강남구 도산대로67길 27 1-2F,37.5258729308666,127.044255933185,02-514-0555,,,,,"장디자인아트는 영역을 타파하는 국내외 현대미술의 새로운 시선을 선보이고, 이를 대중과 소통",0,0.0
P004592,서울열린데이터광장,,문화생활,청화랑,서울특별시 강남구 삼성로147길 4,37.5227377435925,127.0476509664,02-543-1663,,,,,청화랑은 1987년 서울 종로구에 개괸하였고 1994년부터 강남구 청담동에 위치하고 있습니,0,0.0
P004593,서울열린데이터광장,,문화생활,남산공원 호현당,서울특별시 중구 회현동1가 산 1-44,37.5550484830696,126.98043243063,02-3783-5995,,,,,남산공원 회현자락에 위치하고 있는 한옥건물인 '호현당'은 내외국인들이 이용할 수 있는 '서,0,0.0
P004594,서울열린데이터광장,,문화생활,전태일기념관,서울특별시 종로구 청계천로 105,37.5684664512813,126.989300313392,02-318-0903,,,,,아름다운청년 전태일기념관은 한국노동운동사에서 중요한 기점을 마련한 저내일의 역사적 의미를 ,0,0.0
P004595,서울열린데이터광장,,문화생활,동작아트갤러리,서울특별시 동작구 보라매로5길 28-1,37.4937925089905,126.923108368608,070-7204-3257,,,,,동작구 신대방동 보라매공원 내 위치한 동작아트갤러리는 1960년대 공군사관생도들이 사용하던,0,0.0
P004596,서울열린데이터광장,,문화생활,강남시니어플라자,서울특별시 강남구 봉은사로 332,37.5097871620279,127.043218315638,02-3467-9900,,,,,"시니어의 활기찬 노후를 꿈꾸고, 실현하는 공간. 강남시니어플라자를 찾아주신 모든 분들에게 ",0,0.0
P004597,서울열린데이터광장,,문화생활,기생충박물관,서울특별시 강서구 화곡로 333,37.5536201368903,126.850750096253,02-2601-3284,,,,,기생충박물관은 기생충을 전문으로 전시하고 있는 국내 최초 ? 국내 유일의 박물관입니다 . ,0,0.0
P004598,서울열린데이터광장,,문화생활,서울역사박물관 경교장(사적 제465호),서울특별시 종로구 새문안로 29,37.56833998310813,126.9680343360196,02-735-2038,,,,,"사적 제465호 <경교장>은 해방 후 대한민국 임시정부의 활동 공간이자, 백범 김구 선생이",0,0.0
P004599,서울열린데이터광장,,문화생활,서울시청 하늘광장 갤러리,서울특별시 중구 세종대로 110,37.56672958991572,126.97860700965404,02-2133-5641,,,,,"서울시는 2012년 10월 신청사 개청 이후, 소통과 경청의 신개념 문화청사를 목표로 시민",0,0.0
P004600,서울열린데이터광장,,문화생활,사육신역사관,서울특별시 동작구 노량진로 191,37.5134579901091,126.949411135441,070-7204-3258,,,,,사육신역사관은 조선 제6대 왕 단종의 복위를 위해 목숨을 바친 사육신을 비롯한 충신들의 충,0,0.0
P004601,서울열린데이터광장,,문화생활,문화공간 정담,서울특별시 노원구 중계로 169,37.6501722795275,127.080886310499,02-2289-3463,,,,,문화공간 정담은 구민들이 편안하게 찾을 수 있는 커뮤니티 공간입니다. 다양한 전시가 열리며,0,0.0
P004602,서울열린데이터광장,,문화생활,서울공예박물관,서울특별시 종로구 율곡로3길 4,37.5766481740232,126.983533363501,02-6450-7000,,,,,"2021년 7월, 종로구 안국동에 문을 연 서울공예박물관은 서울시에서 (구)풍문여고 건물 ",0,0.0
P004603,서울열린데이터광장,,문화생활,중랑아트센터,서울특별시 중랑구 망우로 353 이노시티 C동 B2F,37.5983328190955,127.091624142481,02-3407-6541,,,,,"-전시실 제1,2전시실은 다양한 주제의 전시가 열리는 공간으로 근대 미술품에서 현대 작품에",0,0.0
P004604,서울열린데이터광장,,문화생활,답십리영화미디어아트센터,서울특별시 동대문구 답십리로 210-9,37.5717963732602,127.063764029874,02-2247-4007,,,,,답십리영화미디어어트센터에 오신 여러분 환영합니다. 답십리영화미디어아트센터는 동대문구 ‘영화,0,0.0
P004605,서울열린데이터광장,,문화생활,이한열기념관,서울특별시 마포구 신촌로12나길 26,37.5550435661865,126.933865358054,02-325-7216,,,,,"이한열기념관은 이한열 열사의 유품을 비롯한 1987년 유월항쟁의 기록을 보존하고, 연구하며",0,0.0
P004606,서울열린데이터광장,,문화생활,청계천박물관 ,서울특별시 성동구 청계천로 530,37.5712661734969,127.03504316401,02-2286-3410,,,,,청계천의 역사와 문화가 숨쉬는 청계천박물관은 건물정면의 긴 유리 튜브형태는 청계천의 물길을,0,0.0
P004607,서울열린데이터광장,,문화생활,코소,서울특별시 중구 창경궁로5길 32,37.5670762773012,126.99617437226,없음,,,,,"코소는 2017년 삼청동에서 개관하여 청년, 신진작가를 발굴하여 지속적인 지원을 이어 나가",0,0.0
P004608,서울열린데이터광장,,문화생활,한국영상자료원,서울특별시 마포구 월드컵북로 400 한국영상자료원,37.5804510730532,126.88989352596,02-3153-2001,,,,,"한국영상자료원은 한국에서 만들어지고 개봉된 모든 영화의 필름, 시나리오, 포스터 등과 주요",0,0.0
P004609,서울열린데이터광장,,문화생활,제1서울창의예술교육센터 ,서울특별시 은평구 가좌로 208,37.589116171714174,126.91929937376948,02-3151-1602~7,,,,,이곳은 서울 학생들이 저마다의 꿈과 끼를 마음껏 펼칠 수 있도록 문화예술기반 창의체험 프로,0,0.0
P004610,서울열린데이터광장,,문화생활,삼원갤러리,서울특별시 광진구 천호대로 549,37.5576984952347,127.079226104632,02-468-9908,,,,,㈜삼원특수지(SAMWON PAPER)에서 운영하는 ‘삼원갤러리(SAMWON GALLERY),0,0.0
P004611,서울열린데이터광장,,문화생활,스페이스 이수 ,서울특별시 서초구 사평대로 84,37.4980221012565,126.993879298776,070-7737-7067,,,,,"스페이스 이수(space ISU)는 2020년 6월 론칭한 예술공간으로, 서초구에 위치한 ",0,0.0
P004612,서울열린데이터광장,,문화생활,신도림 문화공간 다락,서울특별시 구로구 새말로 121-15,37.5078637867318,126.892217922158,02-861-3414,,,,,"구로구청에서 무료로 운영하는 문화 공간으로 도서, 전시 등 각종 문화 예술 활동이 운영되고",0,0.0
P004613,서울열린데이터광장,,문화생활,ADM 갤러리,서울특별시 강남구 역삼로14길 20,37.493208661734,127.035638210136,02-554-0594,,,,,에이디엠 갤러리 강남구 역삼동에 위치한 에이디엠 갤러리는 예술과 일상이 교류하는 새로운 소,0,0.0
P004614,서울열린데이터광장,,문화생활,올리비아 박갤러리,서울특별시 강남구 논현로159길 23-2,37.5226389455029,127.026187137485,02-517-3572,,,,,"서울과 뉴욕, 경기도 미사에 거점을 두고 있는 올리비아 박 갤러리는 국제 미술의 흐름을 반",0,0.0
P004615,서울열린데이터광장,,문화생활,근현대사기념관,서울특별시 강북구 4.19로 114,37.6434410661945,127.002830628534,02-903-7580,,,,,"대한민국임시정부의 법통을 이은 대한민국은, 그 정신사의 기원을 근대 여명기 동학농민전쟁의 ",0,0.0
P004616,서울열린데이터광장,,문화생활,신한갤러리,서울특별시 강남구 역삼로 251,37.4986310664978,127.044022609937,02-2151-7684,,,,,신한갤러리는 국내 미술 저변을 확대하고 대중들에게 문화예술 향유 기회를 폭넓게 제공하고자 ,0,0.0
P004617,서울열린데이터광장,,문화생활,김중업 건축문화의집,서울특별시 성북구 장위로21나길 11,37.6150174740391,127.044068592488,02-6903-3136,,,,,1970 년대 당시 장위동 일대는 고급주택들이 밀집된 주택가로 현재의 삼성생명의 전신인 동,0,0.0
P004618,서울열린데이터광장,,문화생활,드플로허,서울특별시 용산구 대사관로5길 34,37.5357781821948,127.000275617878,홈페이지 참조,,,,,"<복합문화공간 - 드플로허 DeFlore> -층별안내: 3F갤러리, 2F카페, 1F빈티지샵",0,0.0
P004619,서울열린데이터광장,,문화생활,서울기록원,서울특별시 은평구 통일로62길 7,37.6075510290657,126.93482332974094,02-350-5600,,,,,서울기록원은 서울특별시 시정기록과 서울시민의 기억과 기록을 수집하여 전문적으로 보존?관리하,0,0.0
P004620,서울열린데이터광장,,문화생활,스튜디오블루,서울특별시 종로구 대학로8가길 80 리트모빌딩 지하,37.5824772665454,127.003268042931,0507-1328-9207,,,,,"예술가가 편안한 소극장, 관객이 안전한 소극장",0,0.0
P004621,서울열린데이터광장,,문화생활,G밸리산업박물관,서울특별시 구로구 디지털로26길 38 G타워 3층,37.4798477003537,126.895318461208,02-6734-6900~1,,,,,"G밸리산업박물관은 옛 구로공단부터 오늘날 서울디지털산업단지에 이르기까지, G밸리가 거쳐온 ",0,0.0
P004622,서울열린데이터광장,,문화생활,서울새활용플라자,서울특별시 성동구 자동차시장길 49,37.5586850612677,127.057851176035,02-2153-0400,,,,,"지구 자원의 생산과 소비가 선순환하는 도시, 서울로 거듭나기 위해 서울시는 「자원순환도시 ",0,0.0
P004623,서울열린데이터광장,,문화생활,하자센터,서울특별시 영등포구 영신로 200,37.5251674152059,126.90329955667,02-2677-9200,,,,,하자센터(공식 명칭: 시립청소년미래진로센터)는 연세대학교가 서울시의 위탁을 받아 운영하는 ,0,0.0
P004624,서울열린데이터광장,,문화생활,인사1010 갤러리,서울특별시 종로구 인사동10길 10 B1-4F,37.5739830371389,126.98564311887,02-722-8780,,,,,갤러리 '인사1010'의 이름은 주소지 인사동 10길 10에서 왔습니다. 오래전 많은 예술,0,0.0
P004625,서울열린데이터광장,,문화생활,한식문화공간 이음,서울특별시 종로구 북촌로 18,37.5784106376538,126.985838684851,02-6320-8400,,,,,한식문화공간 이음은 한식관련 전시/체험/홍보/교육을 종합적으로 수행하는 문화복합 공간입니다,0,0.0
P004626,서울열린데이터광장,,문화생활,만천명월예술인家,서울특별시 금천구 은행나무로 44,37.4506976782696,126.907445405639,02-6953-3490,,,,,“ 찬란한 예술이 온 금천을 비춥니다. ” '만천명월예술인家' 는 금천구의 지역 및 사회공,0,0.0
P004627,서울열린데이터광장,,문화생활,금천마을활력소 어울샘,서울특별시 금천구 탑골로 22 3층,37.4518093222104,126.91164928524,02-809-7860,,,,,"어울샘은 금천의 생활문화 거점공간으로 금천구민 누구나 생활문화 프로그램 제안 및 실행, 동",0,0.0
P004628,서울열린데이터광장,,문화생활,갤러리240,서울특별시 종로구 창경궁로 240-37,37.5821766417247,126.998581997051,0507-1396-2533,,,,,대학로의 깊은 문화의 발자취를 따라 11월 갤러리240의 첫 시작을 알리고자 합니다. 미술,0,0.0
P004629,서울열린데이터광장,,문화생활,케이움 갤러리 ,"서울특별시 송파구 동남로4길 13 지층, 2층",37.4890025871301,127.124457773685,홈페이지 참고,,,,,K-UM ART Consulting & Collaboration 합리적으로 미술과 공간에 ,0,0.0
P004630,서울열린데이터광장,,문화생활,문화실험공간 호수 ,서울특별시 송파구 송파나루길 256,37.5103180005696,127.101092270844,02-3431-9784,,,,,문화실험공간 호수는 3층 규모의 문화시설로 층마다 다양한 콘텐츠가 마련되어 있습니다. 1층,0,0.0
P004631,서울열린데이터광장,,문화생활,서울아트책보고,서울특별시 구로구 경인로 430,37.4982125677913,126.867088741096,02-2066-4830,,,,,예술 책 보물창고 서울아트책보고는 단순히 보고 읽는 책의 경계를 넘어 예술 책을 통해 다양,0,0.0
P004632,서울열린데이터광장,,문화생활,세종뮤지엄갤러리,서울특별시 광진구 능동로 209,37.5516093089619,127.07318364213,02-3408-4162,,,,,"1973년 국내 대학 중 최대 규모의 세종박물관을 개관하고, 2006년에는 세종아트갤러리를",0,0.0
P004633,서울열린데이터광장,,문화생활,서울갤러리,"서울특별시 중구 세종대로 110, 서울특별시청 지하 1, 2층",37.566370776634,126.977918351844,02-6324-1400,,,,,정책이 컨텐츠로 시민이 예술로 행정이 문화로 내 친구 서울갤러리 서울의 이야기를 시민의 경,0,0.0
P004634,서울열린데이터광장,,문화생활,서울시립 미술아카이브,서울특별시 종로구 평창문화로 101,37.6078008399411,126.97190179486,02-2124-7400,,,,,미술아카이브는 미술의 역사를 보존하고 연구하는 미술관입니다. 미술아카이브는 예술인 개인과 ,0,0.0
P004635,서울열린데이터광장,,문화생활,YK Presents,서울특별시 중구 을지로43길 13,37.5668979260337,127.006807513903,홈페이지 참고,,,,,서울 중구 을지로에 위치한 Contemporary Art Gallery 입니다.,0,0.0
P004636,서울열린데이터광장,,문화생활,구립영등포아트스퀘어 ,서울특별시 영등포구 영중로 15 타임스퀘어 지하 2층,37.5172332566615,126.903715993779,02-3457-7751,,,,,구민의 문화 향유 기회 확대와 지역민의 문화예술 활동을 지원하기 위해 영등포구는 영등포아트,0,0.0
P004637,서울열린데이터광장,,문화생활,세종대학교 박물관,서울특별시 광진구 능동로 209,37.5516093089619,127.07318364213,02-3408-3876,,,,,본 대학교가 1979년 세종대학교로 개편됨에 따라 박물관의 명칭도 '세종박물관'으로 개칭하,0,0.0
P004638,서울열린데이터광장,,문화생활,상계예술마당,서울특별시 노원구 상계로10길 41-7,37.6557775544452,127.068364829752,"02-2289-3462,3408",,,,,상계예술마당은 구민들의 문화예술 참여기회를 높이고자 만들어진 공간으로 전시공연을 위한 다목,0,0.0
P004639,서울열린데이터광장,,문화생활,김달진미술자료박물관,서울특별시 종로구 홍지문1길 4,37.6000466301122,126.956659658461,02-730-6216,,,,,김달진미술자료박물관의 일은 우리 현대미술 사료를 정리해 남기는 일과 미술 정보 제공에 힘쓰,0,0.0
P004640,서울열린데이터광장,,문화생활,문화살롱 5120,"서울특별시 노원구 공릉로51길 20, 지하 1층",37.628392704654,127.075703075721,02-948-1217,,,,,"문화살롱 5120은 지역 내 청년 예술 창작자들을 발굴하고 지원, 육성하기 위해 노원구에서",0,0.0
P004641,서울열린데이터광장,,문화생활,갤러리광화,서울특별시 종로구 새문안로 103,37.5705293260846,126.976089119166,070-8287-2208,,,,,"갤러리광화 는 2023년 1월 개관하여 우리문화의 중심 에 위치하고 있으며, 세계문화 콘텐",0,0.0
P004642,서울열린데이터광장,,문화생활,스페이스 아텔,서울특별시 성북구 보문로34다길 31 지하1층,37.5926264060614,127.020899246809,홈페이지 참고,,,,,성북구에 위치한 종합예술공간으로 여러 분야 예술인들의 작품이 전시되는 공간 입니다.,0,0.0
P004643,서울열린데이터광장,,문화생활,갤러리 인덱스,서울특별시 종로구 인사동길 45,37.5741966894963,126.984430460968,02-722-6635,,,,,"갤러리 인덱스는 시각예술 전문 아트 갤러리로 사진, 회화 등 다양한 매체의 전시를 볼 수 ",0,0.0
P004644,서울열린데이터광장,,문화생활,서울시립 백남준을 기억하는 집,서울특별시 종로구 종로53길 12-1,37.5730656233283,127.013775536144,02-2124-5268,,,,,백남준기념관은 세계적인 현대 예술가 백남준(1932~2006)을 기억하고 기념하는 공간입니,0,0.0
P004645,서울열린데이터광장,,문화생활,경희대학교 중앙박물관,서울특별시 동대문구 경희대로 26,37.59713729362956,127.05272856110398,02-961-0141,,,,,경희대학교 중앙박물관은 1955년 개관한 이래 고고 역사 민속 중심의 제 1종 종합 박물관,0,0.0
P004646,서울열린데이터광장,,문화생활,서울문화예술교육센터 용산,"서울특별시 용산구 서빙고로 17 업무동 1층, 공공시설동 5-6층",37.5269056148241,126.966566172294,02-3785-3199,,,,,‘서울문화예술교육센터 용산’은 시민들이 다양한 예술 경험을 통해 삶의 감각을 깨우고 생각의,0,0.0
P004647,서울열린데이터광장,,문화생활,서울과학기술대학교 미술관,서울특별시 노원구 공릉로 232,37.6330789279387,127.076794742851,02-910-6215,,,,,현대미술을 전시하여 학내구성원 및 지역주민들에게 문화향유의 기회를 제공하는 예술공간입니다.,0,0.0
P004648,서울열린데이터광장,,문화생활,한익환서울아트박물관,서울특별시 용산구 한남대로 108,37.5380282356306,127.004991481116,02-796-0100,,,,,석정 한익환 선생님은 옛 도자기의 맛은 색에서 나온다고 하시면서 평생 도자 색의 연구에 몰,0,0.0
P004649,서울열린데이터광장,,문화생활,오온,"서울특별시 마포구 성미산로11길 25 1F, B1",37.5617369167278,126.916169189423,0507-1367-2519,,,,,오온은 비정기적으로 전시 및 공연으로 채워집니다. 오온의 구별법 만큼이나 아주 세밀하고 미,0,0.0
P004650,서울열린데이터광장,,문화생활,뉴스뮤지엄 을지로점,서울특별시 중구 을지로 127,37.5665858405333,126.99206174432,070-7717-6623,,,,,새로움을 큐레이션 하여 다양한 라이프스타일을 체험할 수 있는 컨템포러리 라이프스타일 뮤지엄,0,0.0
P004651,서울열린데이터광장,,문화생활,송파 청년아티스트센터,서울특별시 송파구 풍성로10길 6-1,37.5340686405498,127.115954729217,070-4062-2800 / 070-4001-2800,,,,,"송파 청년아티스트센터는 유휴공간을 새롭게 조성한 예술가 레지던시로, 생활 속에서 문화적 경",0,0.0
P004652,서울열린데이터광장,,문화생활,한양도성 혜화동 전시안내센터,서울특별시 종로구 창경궁로35길 63,37.5886093418801,127.003012312572,02-766-8520,,,,,혜화동에 있는 옛 서울시장 공관이 한양도성 혜화동 전시. 안내센터로 새롭게 리모델링되어 운,0,0.0
P004653,서울열린데이터광장,,문화생활,계동배렴가옥,서울특별시 종로구 계동길 89,37.5812970665623,126.9866534944,02-765-1375,,,,,배렴 가옥(등록문화재 제85호)은 한국화가 제당 배렴 선생님께서 살던 한옥으로 서울특별시 ,0,0.0
P004654,서울열린데이터광장,,문화생활,한양여자대학교 미술관,서울특별시 성동구 살곶이길 200,37.5579175887117,127.049321897316,02-2290-2741,,,,,행원갤러리 위치: 도서관 1층 전화: 02-2290-2741 스퀘어갤러리 위치: 행원스퀘어,0,0.0
P004655,서울열린데이터광장,,문화생활,고촌이종근기념관,서울특별시 서대문구 충정로 8,37.5596781093752,126.963201979192,070-7094-4510,,,,,종근당 창업주 고촌 이종근 회장 유품 및 자료,0,0.0
P004656,서울열린데이터광장,,문화생활,불교중앙박물관,서울특별시 종로구 우정국로 55,37.5738931410856,126.981881684461,02-2011-1960,,,,,불교중앙박물관은 우리나라 불교의 대표적 종단인 대한불교조계종에서 설립하여 2007년에 개관,0,0.0
P004657,서울열린데이터광장,,문화생활,경희궁,서울특별시 종로구 새문안로 45,37.57078184592975,126.96865021365493,02-724-0274~6,,,,,사적으로 지정된 경희궁은 조선후기의 이궁이었습니다. 1617년(광해군 9)부터 짓기 시작하,0,0.0
P004658,서울열린데이터광장,,문화생활,송파구민회관,서울특별시 송파구 백제고분로 242,37.5023578475607,127.093490160793,02-2147-3560,,,,,"설치목적 구민에 대한 종합복지, 편익시설의 제공과 문화의식 향상에 기여하기 위함. 건립연도",0,0.0
P004659,서울열린데이터광장,,문화생활,아트잠실,서울특별시 송파구 삼전로13길 22,37.5077554427665,127.087930838384,없음,,,,,아트잠실은 다양한 장르의 협업을 적극적으로 수용하고 새로운 시도에 도전할 수 있는 열린 공,0,0.0
P004660,서울열린데이터광장,,문화생활,명동아트브리즈,서울특별시 중구 남대문로 52-20,37.5619920911407,126.982629878627,02-3789-2226,,,,,"[명동아트브리즈] K-컬처 복합문화공간 # 유튜브 스튜디오, 전시갤러리, 소규모 공연장, ",0,0.0
P004661,서울열린데이터광장,,문화생활,술술센터,서울특별시 영등포구 도림로133길 15 술술센터,37.5130103533725,126.894145367557,02-2634-2220,,,,,예술기술 융복합 문화공간 ‘술술센터’ 삶의 이유가 되는 예술과 삶의 방법을 찾는 기술이 만,0,0.0
P004662,서울열린데이터광장,,문화생활,더 윌로,"서울특별시 동대문구 고산자로36길 38, 2층",37.5792710720991,127.040626893582,070-8833-1767,,,,,더 윌로(The WilloW)는 제기동 경동시장에 위치한 크리에이티브 스페이스(Creati,0,0.0
P004663,서울열린데이터광장,,문화생활,동대문운동장기념관,서울특별시 중구 을지로 281,37.56781670060353,127.01116073816152,02-2153-0201,,,,,1925년10월 경성운동장은 한양도성의 동쪽에 처음 문을 열었습니다. 이 근대식 운동장은 ,0,0.0
P004664,서울열린데이터광장,,문화생활,백인제가옥,서울특별시 종로구 북촌로7길 16,37.5804450398958,126.984092922693,"02-724-0200, 0232",,,,,백인제가옥 북촌 가회동에 위치한 백인제 가옥은 근대 한옥의 양식을 고스란히 보존하고 있는 ,0,0.0
P004665,서울열린데이터광장,,문화생활,북촌한옥청,서울특별시 종로구 북촌로12길 29-1,37.5827367359949,126.985645287314,02-2133-5582,,,,,"'북촌 한옥청(聽)'은 가회동 11번지 언덕에 위치한 공공한옥으로, 북촌에서는 보기 드문 ",0,0.0
P004666,서울열린데이터광장,,문화생활,성북예술창작터,서울특별시 성북구 성북로 23,37.5900522477346,127.004123001975,02-2038-9989,,,,,"성북예술창작터는 시각예술분야의 창작자를 지원?양성하고, 창작의 다양한 지형에서 실험을 이어",0,0.0
P004667,서울열린데이터광장,,문화생활,가회민화박물관,서울특별시 종로구 북촌로 52,37.5815093512458,126.985229239519,02-741-0466,,,,,2002년 문을 연 가회민화박물관은 인간의 삶과 염원이 담겨있는 민화를 모아 전시하고 있습,0,0.0
P004668,서울열린데이터광장,,문화생활,관문사 성보 박물관,서울특별시 서초구 바우뫼로7길 111,37.4737503294487,127.022282279515,02-3460-5300,,,,,"책-묘법연화경 제1~3권(보물960호), 묘법연화경 제6~7권(보물962호), 대방광불화엄",0,0.0
P004669,서울열린데이터광장,,문화생활,신당생활문화예술터일상,서울특별시 중구 퇴계로 408,37.5651113032546,127.017008191328,070-7767-6733,,,,,생활문화예술터 신당은 중구 신당동에 위치한 생활문화지원센터로 중구민들이 자유롭게 생활문화를,0,0.0
P004670,서울열린데이터광장,,문화생활,서울생활문화센터 서교,"서울특별시 마포구 양화로 72 효성해링턴타워 지하1층, 지하2층",37.5508138163956,126.916493990351,02-336-7531,,,,,청년 생활문화의 메카 서울생활문화센터 서교 Seoul Community Cultural C,0,0.0
P004671,서울열린데이터광장,,문화생활,국가무형유산전수교육관,서울특별시 강남구 봉은사로 406,37.5100930706802,127.044624837573,02-566-6300,,,,,국가무형유산전수교육관은 국가무형유산의 전승을 위해 1997년 국가유산청이 건립하여 국가무형,0,0.0
P004672,서울열린데이터광장,,문화생활,서울로봇인공지능과학관,서울특별시 도봉구 마들로13길 56,37.6555838047766,127.049506212905,02-920-4301,,,,,서울로봇인공지능과학관은 로봇?인공지능과 인문학적 사고 그리고 다양한 예술과 창작활동이 결합,0,0.0
P004673,서울열린데이터광장,,문화생활,성북구민회관,서울특별시 성북구 성북로4길 177,37.5958756496148,127.008710342034,02-929-0883,,,,,"성북구민회관은 음악, 연극, 무용 등 다양한 공연과 발표회, 설명회, 강연회 등의 다양한 ",0,0.0
P004674,서울열린데이터광장,,문화생활,아르떼케이(arte k),서울특별시 강남구 언주로172길 24,37.5274024182689,127.03562200241,02-6203-0101,,,,,미술 시장은 애호가들의 다양한 니즈를 반영하며 빠르게 변하고 있습니다. arte k는 이러,0,0.0
P004675,서울열린데이터광장,,문화생활,서울대학교 미술관,서울특별시 관악구 관악로 1,37.4662872666604,126.94815644252,02-880-9504,,,,,서울대학교미술관은 학내 구성원과 일반 대중들의 창의성 함양을 위한 친절한 동반자입니다. 서,0,0.0
P004676,서울열린데이터광장,,문화생활,경희대학교한의학역사박물관,서울특별시 동대문구 경희대로 26,37.59583018210771,127.05421667214812,02-961-2274,,,,,한의학박물관은 한국 한의학의 역사를 살펴볼 수 있는 자료들을 전시함으로써 한의학을 전공하는,0,0.0
P004677,서울열린데이터광장,,문화생활,서울영화센터,서울특별시 중구 마른내로 38 서울영화센터,37.5641618036958,126.992108521208,02-3455-8389,,,,,서울영화센터는 영화인과 시민이 함께 어울리며 성장하는 서울시 영상문화의 거점입니다. 창작자,0,0.0
P004678,서울열린데이터광장,,문화생활,창덕궁 낙선재,서울특별시 종로구 율곡로 99,37.5788697347103,126.989710338876,02-3668-2300,,,,,낙선재는 창덕궁과 창경궁 경계에 위치하고 있다.맨 좌측에 낙선재가 크게 자리 잡고 그 우측,0,0.0
P004679,서울열린데이터광장,,문화생활,우석뮤지엄,서울특별시 서대문구 신촌로 129,37.5565639285478,126.940328119434,02-364-8900,,,,,우석뮤지엄은 전각가이자 서예가인 우석 최규명 선생(1919~1999)의 작고 15주기를 맞,0,0.0
P004680,서울열린데이터광장,,문화생활,앤스 갤러리 카페(Ns Cafe),서울특별시 서초구 방배선행길 12,37.4735252580813,126.983812071512,02-6228-5100,,,,,"안녕하세요. 앤스 갤러리 카페입니다. 사당역 3번 출구 도보 5분 거리에 위치하며, 브런치",0,0.0
P004681,서울열린데이터광장,,문화생활,서울거리예술창작센터,서울특별시 광진구 아차산로 710,37.5557021786094,127.112680401117,02-3437-0099,,,,,"제작, 연습, 교육, 배급 및 교류가 이루어지는 거리예술과 서커스의 베이스캠프 서울거리예술",0,0.0
P004682,서울열린데이터광장,,문화생활,국립관세박물관,서울특별시 강남구 언주로 721 서울본부세관 본관 1층,37.51846218273785,127.03453476540844,02-510-1083,,,,,"국립관세박물관은 관세청 개청 30주년을 기념하여, 세관 및 관세행정의 역사를 보존하고, 관",0,0.0
P004683,서울열린데이터광장,,문화생활,서울퓨처랩,"서울특별시 강서구 마곡중앙5로 9, 지하 1층",37.5660114536639,126.82692745642,02-2063-3461,,,,,미래기술 집중형 체험 공간 '서울퓨처랩' 미래 사회를 쉽고 재미있게 통찰할 수 있는 미래기,0,0.0
P004684,서울열린데이터광장,,문화생활,캔버스N 갤러리,서울특별시 강남구 언주로172길 25,37.5275620390218,127.036040211271,02-511-6890,,,,,"캔버스N 갤러리 오픈을 시작으로 양평 서종 북한강변에 대규모 미술관을 준비 중이며, 미국 ",0,0.0
P004685,서울열린데이터광장,,문화생활,아르코예술기록원,서울특별시 서초구 남부순환로 2406 예술의전당 디자인미술관 2층,37.4802401962069,127.014215239186,02-760-4750,,,,,"예술기록 수집, 보존, 열람서비스 전문기관 아르코예술기록원 아르코예술기록원은 한국 근현대 ",0,0.0
P004686,서울열린데이터광장,,문화생활,도잉아트,서울특별시 서초구 남부순환로325길 9 B1,37.4817321410906,127.014511066108,02-525-2223,,,,,도잉아트(DOHING ART)는 동시대 예술가들의 작품을 소개하고 전시와 다양한 프로그램을,0,0.0
P004687,서울열린데이터광장,,문화생활,한무숙문학관,서울특별시 종로구 혜화로9길 20,37.587790370379,126.998657523066,02-762-3093,,,,,한무숙문학관은 작가 한무숙 선생이 40년을 살다간 일부 서양식으로 개조한 전통 정원을 둘러,0,0.0
P004688,서울열린데이터광장,,문화생활,서울 명륜동 장면 가옥 ,서울특별시 종로구 혜화로5길 49,37.5875414324732,126.999456195054,070-8239-1063,,,,,국가등록문화유산 ? 운석 장면(1899?1966) 총리가 1937년 건립하여 거주했던 곳이,0,0.0
P004689,서울열린데이터광장,,문화생활,최규하 가옥,서울특별시 마포구 동교로15길 10,37.5553406594108,126.9149234149,02-3144-2038,,,,,국가등록문화유산 제413호 / 건립 연도: 1972년 이 집은 최규하 전 대통령이 제12대,0,0.0
P004690,서울열린데이터광장,,문화생활,수도박물관,서울특별시 성동구 성수동1가 642-1,37.5398270134134,127.042263013059,02-3146-5921,,,,,이곳 뚝섬 지역에 우리나라 최초의 정수장인 뚝도수원지 제1정수장이 들어선 지도 어느덧 11,0,0.0
P004691,서울열린데이터광장,,문화생활,경복궁 수정전,서울특별시 종로구 사직로 161,37.5759040910202,126.976842133821,02-3700-3900,,,,,"수정전은 근정전 서측에 있는 건물로써, 북쪽으로는 경회루가 자리 잡고 있다. 수정전이 있는",0,0.0
P004692,서울열린데이터광장,,문화생활,국민대학교 명원박물관,서울특별시 성북구 정릉로9길 68,37.61106261291357,127.00012175190037,02-909-4210,,,,,차의 뜰에 오신 것을 환영합니다 . 명원박물관은 기존 성곡도서관 5층에 있던 박물관과 우리,0,0.0
P004693,서울열린데이터광장,,문화생활,서울대학교박물관,서울특별시 관악구 관악로 1,37.4662872666604,126.94815644252,02-880-5333,,,,,"연천 전곡리, 양양 오산리, 여주 흔암리, 아차산 일대 고구려 보루, 서울 석촌동 고분군과",0,0.0
P004694,서울열린데이터광장,,문화생활,공간지은,서울특별시 송파구 풍성로 22 1층,37.5347555969296,127.114906287417,050-71388-0280,,,,,"<공간지은>은 풍납동 골목에 위치하고 있으며, 아티스트런 공간입니다. 골목에서 마주하는 예",0,0.0
P004695,서울열린데이터광장,,문화생활,의정부지 역사유적광장,서울특별시 종로구 세종로 76-14,37.5748036513699,126.977967142855,02-120,,,,,의정부지 개요 ㅇ 지정종별 : 국가지정유산 ‘사적’ ㅇ 지정명칭 : 의정부지(議政府址) ㅇ,0,0.0
P004696,서울열린데이터광장,,문화생활,갤러리K 역삼센터,서울특별시 강남구 논현로 413,37.4970121191651,127.03839465769,1644-2208,,,,,역삼 - 서울특별시 강남구 논현로 413 갤러리K 오프라 역삼점 B1F (02-552-33,0,0.0
P004697,서울열린데이터광장,,문화생활,이화박물관,서울특별시 중구 정동길 26,37.5661766361549,126.971324436617,02-2175-1964,,,,,"박물관 내에는 이화 동문들의 기증 유물을 전시중인 기증전시실, 교내 역사를 영상으로 감상하",0,0.0
P004698,서울열린데이터광장,,문화생활,세종충무공이야기,서울특별시 종로구 세종대로 지하 175,37.5721860410735,126.976817249422,02-399-1177,,,,,세종충무공이야기는 도심 속 광화문 한복판에서 생생한 역사를 체험할 수 있는 공간이다. 한국,0,0.0
P004699,서울열린데이터광장,,문화생활,갤러리 아르스 ,서울특별시 강남구 도산대로35길 24-1,37.5223815311342,127.030670353749,0507-1429-9782,,,,,"갤러리,화랑",0,0.0
P004700,서울열린데이터광장,,문화생활,고갤러리,서울특별시 동대문구 안암로20길 19,37.5873248786113,127.035279851633,02-927-9590,,,,,"고려대학교가 보이는 한적한 주택가의 골목길 사이에 위치해 있으며, 마당과 테라스가 있는 지",0,0.0
P004701,서울열린데이터광장,,문화생활,서울대학교병원 의학박물관,서울특별시 종로구 대학로 101,37.5804523853297,126.997196437908,02-2072-2636,,,,,"-대한의원 개원칙서 -20세기 초반 의료기기와 의약품, 도서류 -대한의원 시계탑 탑시계 등",0,0.0
P004702,서울열린데이터광장,,문화생활,서울역사박물관,서울특별시 종로구 새문안로 55,37.570507525011855,126.97052372473162,02-724-0274~6,,,,,서울을 찾는 내외국인에게 유서깊은 서울의 역사와 전통문화에 대한 이해와 인식을 높이고자 지,0,0.0
P004703,서울열린데이터광장,,문화생활,창덕궁 돈화문,서울특별시 종로구 창덕궁길 94 원서노인정,37.581680541322,126.989439938903,정보없음,,,,,1963년 1월 21일 보물로 지정되었다. 조선 태종(太宗) 12년인 1412년 5월에 건,0,0.0
P004704,서울열린데이터광장,,문화생활,한국잡지박물관,서울특별시 영등포구 여의대방로67길 11,37.5197651591196,126.930241165994,02-360-0040,,,,,한국잡지박물관은 국내에서 발행되고 있는 모든 잡지를 한곳에서 볼 수 있는 공간이다. 한국잡,0,0.0
P004705,서울열린데이터광장,,문화생활,인현이음,서울특별시 중구 퇴계로41길 30 인현문화마루 3층,37.5631948764436,126.996190190284,02-2230-6724,,,,,○ 공간소개 - 위치 : 서울특별시 중구 퇴계로41길 30 인현문화마루 3층(인현동2가 1,0,0.0
P004706,서울열린데이터광장,,문화생활,상촌재,서울특별시 종로구 자하문로17길 12-11,37.5818556960931,126.969677623398,02-6013-1142,,,,,전통이 살아 쉼쉬는 한옥 문화공간 상촌재는 경복궁 서측에 조성된 한옥문화공간 으로 전통문화,0,0.0
P004707,서울열린데이터광장,,문화생활,공공룸,서울특별시 종로구 계동길 23 북쪽방향 두번째 가게,37.578865058887246,126.98736205514392,0507-1464-3104,,,,,"공공룸은 창작자와 브랜드를 위한 대여, 팝업공간 입니다. 공공룸과 함께 많은 사람들에게 브",0,0.0
P004708,서울열린데이터광장,,문화생활,갤러리 아미디 신촌,서울특별시 서대문구 신촌역로 21 2층 갤러리 아미디 신촌,37.5586573877793,126.94249132259,0507-1424-6696,,,,,"갤러리아미디는 일상이 예술이 되고, 예술이 일상이 되는 순간을 꿈꿉니다. 갤러리아미디는 아",0,0.0
P004709,서울열린데이터광장,,문화생활,싱글벙글교육센터,서울특별시 관악구 남부순환로234길 73,37.4760962512417,126.956288055678,02-878-1114,,,,,싱글벙글교육센터는 구립 봉천청소년독서실을 증축ㆍ리모델링하여 새롭게 변신한 복합교육문화시설입,0,0.0
P004710,서울열린데이터광장,,문화생활,숭실대학교 한국기독교박물관,서울특별시 동작구 상도로 369,37.4964289688636,126.955157917408,02-820-0752,,,,,"국보 제141호 정문경(다뉴세문경), 국보 제231호 청동기 거푸집 일괄, 보물 제569호",0,0.0
P004711,서울열린데이터광장,,문화생활,한국광고박물관,서울특별시 송파구 올림픽로35길 137,37.5159272595028,127.099643159822,02-2144-0116,,,,,한국광고박물관은 한국 광고계의 숙원사업으로 한국 근현대 광고 120년을 한눈에 살펴볼 수 ,0,0.0
P004712,서울열린데이터광장,,문화생활,광흥당,서울특별시 마포구 독막로21길 15,37.5486522177452,126.928706582608,02-322-4450,,,,,광흥당은 공민왕사당 오른쪽에 있는 한옥문화공간으로 전통문화의 소중함을 일깨우기 위해 다양한,0,0.0
P004713,서울열린데이터광장,,문화생활,인덕대학교 아정미술관,서울특별시 노원구 초안산로 12,37.6302514486494,127.054448642206,02-950-7331,,,,,"인덕대학교 아정미술관은 서울 2,3년제 대학 최초로 설립된 등록미술관 (서울 제 28호)으",0,0.0
P004714,서울열린데이터광장,,문화생활,이스랏아트룸,서울특별시 서초구 서초대로23길 15-8,37.4881149635394,126.991986495389,0507-1321-5471,,,,,"이스랏아트룸은 서울 서초구 방배동에 위치한 미술 갤러리입니다. 회화, 조각, 설치미술 등 ",0,0.0
P004715,서울열린데이터광장,,문화생활,공간유보,서울특별시 송파구 바람드리길 14 지하1층,37.5379381336317,127.117446112374,0507-1325-9504,,,,,오로지 기획전으로만 이루어지는 풍납동 대안공간 입니다. 전시는 불규칙적으로 이루어짐으로 확,0,0.0
P004716,서울열린데이터광장,,문화생활,마을극장 흰고무신,서울특별시 도봉구 시루봉로15마길 13 2층,37.6681272209585,127.031542795166,02-955-0110,,,,,마을극장 흰고무신은 민주화운동가이자 변혁의 물결 속에서도 자유와 평등을 외친 수안 계훈제님,0,0.0
P004717,서울열린데이터광장,,문화생활,언커먼 갤러리,"서울특별시 강남구 봉은사로 516 B1층 (삼성동, 미켈란147)",37.5132365165484,127.055995805325,070-8808-3500,,,,,언커먼 갤러리는 AI Network가 운영하는 웹 3 문화예술공간입니다. 한국의 최초 NF,0,0.0
P004718,서울열린데이터광장,,문화생활,국립국악박물관,서울특별시 서초구 남부순환로 2364,37.47740797974563,127.00957863302924,02-580-3130,,,,,？1995년에 문을 국악박물관은 다양한 국악 유물과 악기를 전시한 국내 유일의 국악 전문 ,0,0.0
P004719,서울열린데이터광장,,문화생활,탄허기념불교박물관,서울특별시 강남구 밤고개로14길 13-51 탄허기념불교박물관,37.4789886079745,127.10281217163,02-445-8481,,,,,탄허기념박물관은 유?불?선 삼교의 사상을 회통하셨던 대종사의 학덕을 기리고자 유품?도서?역,0,0.0
P004720,서울열린데이터광장,,문화생활,CN갤러리 (충남문화예술 서울전시장),서울특별시 종로구 북촌로5길 56-7 CN갤러리(정독도서관 앞),37.5800389234192,126.981945857423,02-739-6405~6,,,,,CN갤러리는 중심과 탈 중심의 경계를 허물고 북촌과 충청남도의 예술이 만나 교류하고 충돌하,0,0.0
P004721,서울열린데이터광장,,문화생활,마루아트센터,서울특별시 종로구 인사동길 35-6 B1/ 1 / 3F 마루아트센터,37.5734135359001,126.985058887009,02-2223-2533,,,,,(주)인사동마루는 인사동의 중심에 위치해있는 문화 복합 공간입니다. 매주 바뀌는 다양한 전,0,0.0
P004722,서울열린데이터광장,,문화생활,김수영문학관,서울특별시 도봉구 해등로32길 80,37.6599237129724,127.023801597762,02-3494-1127~8,,,,,한국 문학의 대표적 자유 시인인 김수영 시인이 생전에 시작(詩作) 생활을 하였던 도봉구에는,0,0.0
P004723,서울열린데이터광장,,문화생활,서울로미디어캔버스,서울특별시 중구 만리재로 215,37.55659103776328,126.96821760617011,02-2133-1938,,,,,서울로미디어캔버스는 서울시 공공미술 [서울은 미술관] 프로젝트의 일환 으로 시민이 향유하고,0,0.0
P004724,서울열린데이터광장,,문화생활,갤러리 허브,서울특별시 성동구 왕십리광장로 17 비트플렉스 4층 갤러리허브,37.5614417528647,127.038394194396,02-2204-7552,,,,,2015년 성동문화재단 출범 이후 시민들의 문화예술 향유를 위한 공간으로 왕십리 갤러리 허,0,0.0
P004725,서울열린데이터광장,,문화생활,배재학당역사박물관,서울특별시 중구 서소문로11길 19 배재학당역사박물관,37.564007341132,126.97260325467973,02-319-5578,,,,,배재학당은 1885년 미국인 북감리교 선교사 헨리 게르하트 아펜젤러(Henry Gerhar,0,0.0
P004726,서울열린데이터광장,,문화생활,홍난파가옥,서울특별시 종로구 송월1길 38,37.5716374254324,126.965098385748,02-2665-7419,,,,,서울 종로구 홍파동에 위치한 ‘홍난파가옥‘은 주옥같은 우리 가곡과 동요를 남긴 작곡가 난파,0,0.0
P004727,서울열린데이터광장,,문화생활,갤러리 모나리자 산촌,서울특별시 종로구 인사동길 30-13,37.57379444189,126.986257044732,02-765-1114,,,,,"대관 가능한 레스토랑, 카페, 갤러리 그리고 피아노가 있는 복합문화공간 입니다.",0,0.0
P004728,서울열린데이터광장,,문화생활,미인도,서울특별시 성북구 동선동3가 22-6,37.5956658072394,127.020408660227,02-6015-2620,,,,,"미인도는 미아리고개를 의미 하는 ‘두루 미(彌)’사람을 뜻 하는 '사람 인(人)', 길을 ",0,0.0
P004729,서울열린데이터광장,,문화생활,청소년 예술공간 채움,서울특별시 도봉구 도봉로 955 광역환승센터 1층,37.6897506980596,127.04491945608,02-3491-2312,,,,,"청소년 예술공간「채움」은 청소년과 전문예술인이 함께 참여하는 공연을 개최하고, 작곡?댄스 ",0,0.0
P004730,서울열린데이터광장,,문화생활,VIVIAN CHOI GALLERY,서울특별시 강남구 도산대로85길 30 2층 209,37.526439666489,127.049680036198,050255525818,,,,,비비안초이갤러리는 세계 전역의 역량 있는 작가들을 발굴하여 시대의 흐름과 문화적 맥락에 호,0,0.0
P004731,서울열린데이터광장,,문화생활,송파책박물관,서울특별시 송파구 송파대로37길 77,37.4988841772964,127.104383431798,02-2147-2486,,,,,송파책박물관은 전국 최초 공립 책 박물관입니다. 대한민국 독서문화를 이끄는 곳으로 책의 힘,0,0.0
P004732,서울열린데이터광장,,문화생활,박정희 가옥,서울특별시 중구 다산로36가길 25,37.561469121354,127.019854920988,02-2231-5143,,,,,국가등록문화유산 제412호 박정희 전 대통령과 그의 가족이 1958년 5월부터 1961년 ,0,0.0
P004733,서울열린데이터광장,,문화생활,성북문화예술교육센터,서울특별시 성북구 장월로8길 38,37.6102411295211,127.049789635556,02-6906-3166,,,,,성북문화예술교육센터는 자원과 네트워크를 기반으로 다양한 문화예술 교육 주체와 지역 주민들을,0,0.0
P004734,서울열린데이터광장,,문화생활,삼각산금암미술관,서울특별시 은평구 진관길 21-2 삼각산금암미술관,37.6416280285312,126.940911076697,02-351-8554,,,,,삼각산금암미술관은 북한산의 옛 이름인 '삼각산'과 검은 바위가 있는 이 마을의 한자식 표기,0,0.0
P004735,서울열린데이터광장,,문화생활,프로타주 갤러리,서울특별시 마포구 독막로15길 12,37.5483662558053,126.922303660865,02-365-2038,,,,,"프로타주 갤러리에서는 자체 기획 전시가 진행되지 않는 기간을 활용하여, 외부 기획 전시 및",0,0.0
P004736,서울열린데이터광장,,문화생활,서촌라운지,서울특별시 종로구 필운대로 27-4,37.5784950496129,126.968871585185,02-736-7909,,,,,"서울 공공한옥 ‘서촌라운지’는 서울시민뿐만 아니라, 한국을 방문하는 모든 세계인에게 열린 ",0,0.0
P004737,서울열린데이터광장,,문화생활,송파여성문화회관,서울특별시 송파구 백제고분로42길 5,37.505929427057,127.109731490219,02-2203-3330,,,,,2001년에 개관한 송파여성문화회관은 ‘행복을 디자인하는 송파여성문화회관’이라는 미션과 ‘,0,0.0
P004738,서울열린데이터광장,,문화생활,홍익대학교 박물관,서울특별시 마포구 와우산로 94,37.5525192523979,126.924990619497,02-320-1323,,,,,"홍익대학교 박물관은 고고유물 부터 근.현대 회화, 조각, 도예 작품까지 시대를 망라하는 다",0,0.0
P004739,서울열린데이터광장,,문화생활,갤러리 무모,서울특별시 송파구 가락로19길 5,37.5027201885223,127.111026578851,0507-1320-0543,,,,,MUMO는 대중들이 보다 쉽게 예술을 접할 수 있고 향유 할 수 있는 촉매제로서의 역할을 ,0,0.0
P004740,서울열린데이터광장,,문화생활,군기시유적전시실,서울특별시 중구 세종대로 110 시민청 지하 1층,37.56682861183312,126.9781287511621,02-739-9922,,,,,서울시청 건립공사 중 출토된 조선시대 군기시 및 근대 건물지 유구 45기와 조선시대 화포인,0,0.0
P004741,서울열린데이터광장,,문화생활,청년예술청 SAPY,서울특별시 서대문구 경기대로 26-26,37.5610226183,126.962192415514,0507-1324-9745,,,,,청년예술인의 지속가능한 창작활동을 위해 새로운 실험과 도전을 ‘당사자’ 중심으로 펼치는 공,0,0.0
P004742,서울열린데이터광장,,문화생활,선농단역사문화관,서울특별시 동대문구 무학로44길 38,37.5811837728607,127.031888509482,02-3295-5562,,,,,"서울 선농단은 일제강점기와 근대화를 거치며 규모의 축소, 지형의 변형 등의 물리적 변화를 ",0,0.0
P004743,서울열린데이터광장,,문화생활,경인미술관,서울특별시 종로구 인사동10길 11-4,37.5745908579478,126.985723489033,02-733-4448,,,,,1983년 12월 6일 경인 이금홍선생이 설립한 경인미술관은 서울의 한 가운데 종로구 관훈,0,0.0
P004744,서울열린데이터광장,,문화생활,보신각,서울특별시 종로구 종로 54,37.5697673859634,126.983677617361,02-2133-0983,,,,,"보신각은 서울특별시 종로구 종로2가에 있는 종각으로, 서울을 상징하는 대표적인 전통건물 파",0,0.0
P004745,서울열린데이터광장,,문화생활,갤러리 마롱,서울특별시 종로구 북촌로 143-6,37.5870817484472,126.98275199004,02-720-4540,,,,,2016년 8월 개관한 갤러리 마롱은 서울시 종로구 삼청동에 위치한 기획 ? 대관 갤러리입,0,0.0
P004746,서울열린데이터광장,,문화생활,서리풀청년아트센터,서울특별시 서초구 반포대로 58 104동 상가 3층,37.48523983119472,127.01147633794446,02-3474-2911,,,,,서리풀청년아트센터는 서초음악문화지구 활성화를 위해 조성되었습니다. 클래식이 어렵다고 느끼는,0,0.0
P004747,서울열린데이터광장,,문화생활,우정총국,서울특별시 종로구 우정국로 59,37.5744290728773,126.982614538067,02-734-8369,,,,,"조선 말기 우편 업무를 담당하던 관청으로 1884년에 설치되어, 그해 10월에 처음으로 우",0,0.0
P004748,서울열린데이터광장,,문화생활,ANDNEW GALLERY(앤드뉴 갤러리),서울특별시 서대문구 명물길 70 B1,37.5588656635722,126.940066426045,정보없음,,,,,"《 아티스트와 아트 러버 모두를 위한 앤드뉴 》 앤드뉴는 미래의 예술시장을 이끌어 갈, 아",0,0.0
P004749,서울열린데이터광장,,문화생활,은평한옥마을어울림터,서울특별시 은평구 연서로48길 74,37.6410413469516,126.941351270557,02-351-4331,,,,,은평한옥마을을 찾아오신 모든 분들에게 ‘쉼’을 제공하는 공간입니다. 기존 마을회관을 202,0,0.0
P004750,서울열린데이터광장,,문화생활,간송옛집,서울특별시 도봉구 시루봉로 149-18,37.6648929195749,127.028186809295,02-954-5757,,,,,지정번호 : 등록문화재 제521호 위치 : 도봉구 시루봉로 149-18 (방학동430) 지,0,0.0
P004751,서울열린데이터광장,,문화생활,용산역사박물관,서울특별시 용산구 한강대로14길 35-29,37.5256680404431,126.965769395985,02-2199-4620,,,,,용산역사박물관은 100년의 역사를 간직하고 있는 근대건축물인 옛 용산철도병원 건물을 최대한,0,0.0
P004752,서울열린데이터광장,,문화생활,갤러리자유(Gallery Jayu),서울특별시 용산구 녹사평대로32길 8,37.5335020410682,126.98931187262,없음,,,,,"갤러리자유(Gallery Jayu)는 큐레이터, 작가, 영화감독이 운영하는 신생 갤러리로 ",0,0.0
P004753,서울열린데이터광장,,문화생활,샬트르성바오로수녀회 역사박물관,서울특별시 중구 명동길 74-2,37.56244218046588,126.98804211686432,02-3706-3255,,,,,수녀회 역사박물관은 새로운 문화 안에 그리스도교 메시지를 전파하기 위해 신앙의 빛으로 삶을,0,0.0
P004754,서울열린데이터광장,,문화생활,플레이스막3,서울특별시 서대문구 홍연길 96 지층 플레이스막3,37.5769228781642,126.931769590961,02-0303-0303,,,,,"시야를 가린 막이 올라가며, 지금 바로 막 무엇인가가 펼쳐지는 동시대 예술을 실험하는 무대",0,0.0
P004755,서울열린데이터광장,,문화생활,문화역서울284,서울특별시 중구 통일로 1 문화역서울284,37.5560581817344,126.972115894161,02-3407-3500,,,,,문화역서울284는 한국 근?현대사의 주요 무대이자 교통과 교류의 관문이었던 구 서울역사의 ,0,0.0
P004756,서울열린데이터광장,,문화생활,자하미술관,서울특별시 종로구 창의문로5가길 46 자하미술관,37.5893771091653,126.960306246732,02-395-3222,,,,,자하미술관은 서울에서 가장 높은 곳에 위치한 미술관입니다. 중심가에서 5분 거리에 위치해 ,0,0.0
P004757,서울열린데이터광장,,문화생활,이화장,서울특별시 종로구 이화장1길 32,37.578342566916,127.006414931482,02-762-3171,,,,,"사적 제497호 이화장은 이승만 초대 대통령이 거주하던 곳으로, 현재는 그의 유품을 소장하",0,0.0
P004758,서울열린데이터광장,,문화생활,대한민국역사박물관,서울특별시 종로구 세종대로 198,37.5737136067193,126.978339442463,02-3703-9200,,,,,대한민국역사박물관은 대한민국의 탄생과 발전을 이끌어온 우리 국민들의 다양한 역사적 경험을 ,0,0.0
P004759,서울열린데이터광장,,문화생활,수림큐브,서울특별시 종로구 돈화문로 84,37.5759408685551,126.990750184392,02-765-7911,,,,,독립적이면서도 유기적인 여섯 개의 화이트 큐브로 이루어져 있는 전시공간,0,0.0
P004760,서울열린데이터광장,,문화생활,심산기념문화센터,서울특별시 서초구 사평대로 55,37.49904352920025,126.99169932767369,02-3477-2461,,,,,심산기념문화센터는 시민의 문화예술 활동을 도모하고 지역사회의 문화예술 사업을 지원하는 비영,0,0.0
P004761,서울열린데이터광장,,문화생활,알비,서울특별시 성동구 서울숲6길 8-1 3층,37.5476765284371,127.042490372746,홈페이지 참고,,,,,루비박스출판사가 운영하는 빈티지포스터와 서점이 있는 갤러리,0,0.0
P004762,서울열린데이터광장,,문화생활,서울장애예술창작센터,서울특별시 종로구 대학로12길 31 자유빌딩 2층,37.5827487259914,127.003607698821,02-423-6675,,,,,서울장애예술창작센터는 서울문화재단에서 운영하는 장애예술 지원 플랫폼입니다.지난 16년간 3,0,0.0
P004763,서울열린데이터광장,,문화생활,시그니처 키친 스위트 청담,서울특별시 강남구 압구정로60길 13,37.5263382656115,127.042128357934,02-3777-6700,,,,,시그니처 키친 스위트 쇼룸은 시그니처 키친 스위트 제품을 빌트인하여 완벽한 동선과 최상의 ,0,0.0
P004764,서울열린데이터광장,,문화생활,송원아트센터,서울특별시 종로구 윤보선길 75,37.5793191593831,126.983448207812,02-735-9277,,,,,송원아트센터는 동국제강그룹 산하 장학재단인 송원문화재단 사업의 일환으로 예술가의 문화예술지,0,0.0
P004765,서울열린데이터광장,,문화생활,서울시민대학 다시가는 캠퍼스,서울특별시 관악구 낙성대로 70,37.4722178724298,126.958335234959,02-889-6430,,,,,미래시민 역량 개발 교육으로 시민의 변화와 성장을 이끌어 갈 수 있도록 지원하는 평생학습 ,0,0.0
P004766,서울열린데이터광장,,문화생활,KP Gallery,서울특별시 용산구 소월로2나길 12,37.553335577368,126.97730689223,02-706-6751,,,,,K.P Gallery 는 정체된 사진문화의 문제의식을 공유하고 대안을 모색하기 위해 설립된,0,0.0
P004767,서울열린데이터광장,,문화생활,영등포문화라운지 따따따,서울특별시 영등포구 영중로 15,37.5172332566615,126.903715993779,02-2068-9421,,,,,‘영등포관광정보센터’가 있던 타임스퀘어 광장 내(문래로 196) ‘영등포 문화라운지 따따따,0,0.0
P004768,서울열린데이터광장,,문화생활,서울문화예술교육센터 은평,서울특별시 은평구 수색로 322-2,37.5851270962157,126.893782364905,02-2106-1300,,,,,‘서울무용창작센터’로도 불리게 될 서울문화예술교육센터 은평은 5개 서울문화예술교육센터 중에,0,0.0
P004769,서울열린데이터광장,,문화생활,봉황각,서울특별시 강북구 삼양로173길 107-12,37.6601985055374,127.006060325301,02-993-2391,,,,,봉황각(鳳凰閣)은 서울특별시 강북구 우이동에 있는 대한제국시대의 건축물이다. 1969년 9,0,0.0
P004770,서울열린데이터광장,,문화생활,동대문역사관,서울특별시 중구 을지로 281,37.56710262553757,127.01153416188669,02-2153-0200,,,,,동대문역사관은 동대문디자인플라자(DDP)와 동대문역사문화공원의 조성 과정에서 발굴 조사된 ,0,0.0
P004771,서울열린데이터광장,,문화생활,아트스페이스 보안1942(통의동 보안여관),서울특별시 종로구 효자로 33,37.579117894432,126.973630299897,02-720-8409,,,,,통의동 2-1번지 ‘통의동 보안여관’은 80여년의 세월동안 ‘여관’이라는 이름 그대로 나그,0,0.0
P004772,서울열린데이터광장,,문화생활,서울문화재단 대학로센터,서울특별시 종로구 동숭길 122,37.5836990003446,127.00371665858,02-758-2176,,,,,종로구 동숭길에 위치한 서울문화재단 대학로센터에서는 예술인의 문화예술 기획과 창작 활동을 ,0,0.0
P004773,서울열린데이터광장,,문화생활,라프,서울특별시 서대문구 북아현로 63,37.5628087873075,126.955086243611,02-364-8586,,,,,"아하하 아트컴퍼니는 예술가 지원과 기획자 양성, 이들의 적극적인 교류를 도모하고, 그 결과",0,0.0
P004774,서울열린데이터광장,,문화생활,마프MAF,서울특별시 중구 서애로 33 5F,37.5595492748546,126.996562057598,02-3444-7178,,,,,친근하고 흥미로운 이야기의 장을 펼칩니다. 예술과 과학의 접점에서 새로운 경험을 추구합니다,0,0.0
P004775,서울열린데이터광장,,문화생활,문화비축기지,서울특별시 마포구 증산로 87,37.571364837277535,126.89425096674894,02-376-8410,,,,,“석유에서 문화로(Oil to Culture)” 마포구 서울월드컵경기장 인근 매봉산에 에워,0,0.0
P004776,서울열린데이터광장,,문화생활,언바운드,서울특별시 송파구 백제고분로45길 32 B01,37.5106146799736,127.108234270692,0507-1493-6543,,,,,언바운드는 다양한 형식의 예술을 전시 및 공연하고 실험하는 아트랩입니다. 언바운드는 시각 ,0,0.0
P004777,서울열린데이터광장,,문화생활,다락옥수,서울특별시 성동구 한림말5길 20,37.5429326268813,127.016893391887,02-2204-7542,,,,,어둡고 삭막했던 옥수역 고가하부가 도시재생을 통해 즐거움을 생산하는 문화공간으로 변신하였습,0,0.0
P004778,서울열린데이터광장,,문화생활,서소문성지 역사박물관,서울특별시 중구 칠패로 5,37.5605678517575,126.968867161039,02-3147-2401,,,,,2019년 6월 개관한 서소문성지 역사박물관(서울 중구 소재 공립박물관)은 조선시대 국가 ,0,0.0
P004779,서울열린데이터광장,,문화생활,서울시립대학교 박물관,서울특별시 동대문구 서울시립대로 163,37.5825775765293,127.059988126984,02-6490-6587,,,,,"서울시립대학교 박물관은 국내외의 역사, 고고, 민속, 미술 관계의 자료와 서울특별시의 역사",0,0.0
P004780,서울열린데이터광장,,문화생활,공릉청소년문화정보센터,서울특별시 노원구 노원로1나길 10,37.62146235791622,127.08300670832529,02-973-1318,,,,,공릉청소년문화정보센터 는 노원구가 설립한 공공 청소년시설이자 도서관입니다. 우리 아이들이 ,0,0.0
P004781,서울열린데이터광장,,문화생활,갤러리 조은,서울특별시 용산구 이태원로55가길 3,37.538032303187,127.000742583982,02-790-5889,,,,,"갤러리조은은 2016년 1월 한남동 유엔빌리지 길에 첫 문을 열고, 2020년 9월 현재의",0,0.0
P004782,서울열린데이터광장,,문화생활,서울시립 사진미술관,서울특별시 도봉구 마들로13길 68 (창동)서울시립 사진미술관,37.6555150225578,127.048947814686,02-2124-7600,,,,,사진 매체가 가진 기록성과 창조성에 초점을 두고 사진문화 전반을 아우르는 우리나라 유일의 ,0,0.0
P004783,서울열린데이터광장,,문화생활,도림생활문화센터,서울특별시 영등포구 도신로33길 4,37.5099911988676,126.908050531966,0507-1349-2980,,,,,"생활과 문화가 연결되는 곳, <도림 생활문화센터>입니다.",0,0.0
P004784,서울열린데이터광장,,문화생활,통인화랑,서울특별시 종로구 인사동길 32,37.5735831190527,126.985921443202,02-733-4867,,,,,"통인(通仁)이란 우리가 생각하고 실행하는 일들이 세상의 아름다움의 근본이 되고, 바른 문화",0,0.0
P004785,서울열린데이터광장,,문화생활,사직단,서울특별시 종로구 사직로 89,37.575936511748,126.967263789945,정보없음,,,,,사직단이란 나라와 국민 생활의 편안을 빌고 풍년을 기원하며 제사 지내는 곳으로 사(社)는 ,0,0.0
P004786,서울열린데이터광장,,문화생활,한벽원미술관,서울특별시 종로구 삼청로 83,37.5828831210893,126.981563523249,02-732-3777,,,,,한국 화단을 위해 평생 헌신하신 월전 선생을 기리는 기념관 성격의 미술관 건립이 필요하다는,0,0.0
P004787,서울열린데이터광장,,문화생활,한솥아트스페이스,서울특별시 강남구 압구정로 459 B1층,37.5254941585008,127.047030515103,02-2033-9642,,,,,한솥아트스페이스는 ESG 정신을 담은 문화예술의 창작과 교류를 도모하는 아트플랫폼입니다. ,0,0.0
P004788,서울열린데이터광장,,문화생활,다락방(茶樂房),서울특별시 은평구 진관길 23,37.6415095859352,126.941165084265,02-351-8553,,,,,다락방은 한옥에서 차(茶)를 매개로 다양한 한문화 체험 및 문화 향유 기회를 제공하기 위한,0,0.0
P004789,서울열린데이터광장,,문화생활,서울문화예술교육센터 서초,서울특별시 서초구 신반포로19길 6,37.5047177127649,126.998308072811,02-3399-0777,,,,,서울문화예술교육센터 서초 동남권에 거점을 둔 문화예술교육센터 서울문화예술교육센터 서초는 동,0,0.0
P004790,서울열린데이터광장,,문화생활,성북구립미술관,서울특별시 성북구 성북로 134,37.5948371972307,126.994887077742,02-6925-5011,,,,,"성북구립미술관은 지역 미술관의 선구적인 사례로 주목받는 자치구 최초의 공립미술관으로, 20",0,0.0
P004791,서울열린데이터광장,,문화생활,서울시립과학관,서울특별시 노원구 한글비석로 160,37.6419941138165,127.07743706477,02-970-4500,,,,,강북권역에 과학문화시설을 확충해 지역별 과학문화 격차를 해소하고 서울의 권역별 균형발전을 ,0,0.0
P004792,서울열린데이터광장,,문화생활,금천정원지원센터,서울특별시 금천구 시흥대로40길 120,37.4462867745134,126.909787407217,02-806-9419,,,,,"운영날짜 : 화~토 (일, 월, 공휴일 휴무) 운영시간 : 09:00~18:00",0,0.0
P004793,서울열린데이터광장,,문화생활,관악청년청,서울특별시 관악구 신림로3길 35,37.4675533645757,126.944962394132,02-883-8116,,,,,관악청년청은 청년특별시 관악구에서 청년들이 지역사회와 소통할 수 있는 플랫폼으로 청년의 다,0,0.0
P004794,서울열린데이터광장,,문화생활,갤러리더씨,서울특별시 용산구 임정로 35 2층,37.543149846744,126.958603008297,070-7869-9694,,,,,"갤러리더씨(Gallery the C)는 예술의 다양성을 존중하며, 새로운 시각을 발견하고자",0,0.0
P004795,서울열린데이터광장,,문화생활,LDK,서울특별시 용산구 대사관로20길 8 ldk,37.5331280165774,127.003508572886,없음,,,,,About LDK LDK는 한남동에 위치한 100평 규모의 2층 단독 주택입니다. 브랜드 ,0,0.0
P004796,서울열린데이터광장,,문화생활,한강플플,서울특별시 광진구 강변북로 2202,37.5308773153076,127.065983191885,02-3780-0517,,,,,한강플플(Play+Place)은 한강의 다양한 매력을 한곳에서 만날 수 있는 복합문화공간입,0,0.0
P004797,서울열린데이터광장,,문화생활,공간투,서울특별시 영등포구 경인로 790 2F/3F,37.514176444136,126.901017134427,02-2632-8848,,,,,공투’는 ‘인디아트홀 공’의 새로운 이름입니다. 2012년부터 2021년까지 10여년간 예,0,0.0
P004798,서울열린데이터광장,,문화생활,비더비(B the B) ,"서울특별시 중구 을지로 281, DDP 지하2층 DDP마켓 BtheB",37.5680445876689,127.010890355484,02-2153-0770,,,,,라운지 LOUNGE B the B는 도심 속 휴식처가 되어주는 뷰티 복합 문화 공간입니다.,0,0.0
P004799,서울열린데이터광장,,문화생활,서울 앨버트 테일러 가옥(딜쿠샤),서울특별시 종로구 사직로2길 17 딜쿠샤,37.5730423068152,126.963476480113,070-4126-8853,,,,,딜쿠샤의 역사 딜쿠샤(DILKUSHA)는 페르시아어로 ‘기쁜 마음’이라는 뜻으로 앨버트 W,0,0.0
P004800,서울열린데이터광장,,문화생활,ALT SPACE,서울특별시 중구 퇴계로18길 77,37.5577104175282,126.984917948957,0507-1410-0246,,,,,"ALT, SPACE는 팝업스토어부터 강연 세미나, 커뮤니티 행사까지 브랜드 경험을 완성하는",0,0.0
P004801,서울열린데이터광장,,문화생활,서울시50플러스 남부캠퍼스,서울특별시 구로구 오류로 36-25,37.4884743879741,126.841844660977,02-460-5350,,,,,서울시50플러스 남부캠퍼스는 서울시 중장년(40~64세)의 일자리·경력설계·직업훈련·역량개,0,0.0
P004802,서울열린데이터광장,,문화생활,청계천 광교갤러리,서울특별시 중구 남대문로1가 9,37.5687746427352,126.982855935853,02-2290-6803,,,,,광교 다리밑에 조성되어 있는 전시공간은 야외이면서 실내분위기를 연출하고있는 아주 특색있는 ,0,0.0
P004803,서울열린데이터광장,,문화생활,대한무용협회,서울특별시 양천구 목동서로 225 10층 1003호,37.5270754105611,126.870745963571,02-744-8066,,,,,대한무용협회는 지난 64년간 한국 무용계를 대표하는 기관으로 자리매김하며 무용 예술의 발전,0,0.0
P004804,서울열린데이터광장,,문화생활,성신여자대학교 박물관,서울특별시 성북구 보문로34다길 2,37.5916524767249,127.02214561649,02-920-7715,,,,,"식물 표본 약 12만점, 동물 표본 약 21만점, 광물 및 암석 표본 약 100점 소장.",0,0.0
P004805,서울열린데이터광장,,문화생활,동국대학교 박물관,서울특별시 중구 필동로1길 30,37.55821033013079,127.00232862783749,02-2260-3722~3,,,,,동국대학교 박물관은 고故 황수영 박사를 초대관장으로 하여 1963년 9월 1일에 개관하였습,0,0.0
P004806,서울열린데이터광장,,문화생활,아트코드갤러리,서울특별시 강남구 언주로130길 14,37.5148382107332,127.036775427752,0507-1400-6359,,,,,아트코드갤러리는 예술로 새로운 문화를 만들어갑니다. 동시대 미술을 중심으로 전시를 기획하고,0,0.0
P004807,서울열린데이터광장,,문화생활,공간일리,서울특별시 종로구 세검정로9길 19 안채 공간일리,37.6039872305834,126.961140135552,0507-1425-3881,,,,,2017년 서울 종로구 통의동에서 시작한 독립예술공간으로 2019년 종로구 구기동 이전하여,0,0.0
P004808,서울열린데이터광장,,문화생활,더레퍼런스,"서울특별시 종로구 자하문로24길 44, 3층",37.5822928450685,126.971805868932,070-4150-3105,,,,,2018년 더레퍼런스는 ‘예술과 전시가 있는 서점’을 모토로 현재 효자동 서촌과 서울 시립,0,0.0
P004809,서울열린데이터광장,,문화생활,챔버,서울특별시 성북구 동소문로 26-6,37.5893516331653,127.009027063682,없음,,,,,1939년경에 지어진 목조 단층주택 건물을 예술과 관련된 다목적 공간으로 운영하고 있습니다,0,0.0
P004810,서울열린데이터광장,,문화생활,서울문화예술교육센터 강북,서울특별시 강북구 솔샘로48길 14,37.6195551709225,127.017722183323,02-2105-2314,,,,,"서울문화예술교육센터 강북은 동북권을 대표하는 예술교육 거점 공간으로, 어린이와 장?노년층,",0,0.0
P004811,서울열린데이터광장,,문화생활,얼터(alter),서울특별시 영등포구 경인로74길 6,37.5108435582263,126.893077314469,없음,,,,,서울시 영등포구 문래동 신도림역 근처에 위치한 스튜디오 얼터는 약 180평 규모의 철을 가,0,0.0
P004812,서울열린데이터광장,,문화생활,혜화아트센터,서울특별시 종로구 대학로 156 1층,37.585549,127.002437,02-747-6943,,,,,"역사와 문화가 살아 숨 쉬는 혜화동 로터리, 대학로 문화예술의 거리가 시작되는 유서 깊은 ",0,0.0
P004813,서울열린데이터광장,,문화생활,헌법재판소 전시관,서울특별시 종로구 북촌로 15 헌법재판소,37.5775337374097,126.984694556818,02-710-4296,,,,,헌법재판소전시관은 헌법과 헌법재판에 대하여 보다 쉽게 배우고 이해하며 체험 할 수 있는 공,0,0.0
P004814,서울열린데이터광장,,문화생활,아트301,서울특별시 강남구 압구정로 443 6층,37.5267298610407,127.045941283788,02-3446-5891,,,,,"Art301은 어린 창작자들이 자신의 작품을 선보이고, 서로의 이야기를 나누는 예술 플랫폼",0,0.0
P004815,서울열린데이터광장,,문화생활,고려대학교 박물관,서울특별시 성북구 안암로 145,37.589530692665726,127.03434961764154,02-3290-1514,,,,,"고려대학교 박물관은 국내 대학박물관의 효시로서 역사, 고고,민속, 미술에 이르는 다양한 소",0,0.0
P004816,서울열린데이터광장,,문화생활,국제갤러리,서울특별시 종로구 삼청로 54,37.5807206678387,126.98057390782,02-735-8449,,,,,지난 1982년 이현숙 회장이 설립한 국제갤러리는 인사동을 거쳐 1987년에 소격동으로 이,0,0.0
P004817,서울열린데이터광장,,문화생활,갤러리99,서울특별시 마포구 홍익로 5-1,37.5531134735776,126.923605730907,02-322-0199,,,,,"갤러리 99는 대한민국 관광, 문화예술의 중심지인 홍대 앞에 위치한 컨템포러리 아트 갤러리",0,0.0
P004818,서울열린데이터광장,,문화생활,갤러리 인,서울특별시 서대문구 홍제천로 116 201호,37.5751406092104,126.926931783172,02-592-2016,,,,,누구나 편하게 방문할수있는 미술 초보 컬렉터들을 위한 갤러리,0,0.0
P004819,서울열린데이터광장,,문화생활,국토발전전시관,서울특별시 중구 정동길 18,37.5668101785732,126.9700823803,"02-3425-8900,  8901",,,,,우리나라는 한국전쟁으로 인한 폐허와 가난에도 좌절하지 않고 세계가 놀라워하는 경제발전을 이,0,0.0
P004820,서울열린데이터광장,,문화생활,파르티타,서울특별시 서초구 사임당로 66,37.4889994957009,127.017187101343,02-3471-0017,,,,,2014년 2월 오픈한 파르티타는 마스터급 제작가부터 미래가 기대되는 국내외 신진 제작가들,0,0.0
P004821,서울열린데이터광장,,문화생활,PS CENTER,"서울특별시 중구 창경궁로5다길 18, 3층",37.56787,126.9967,02-6956-3501,,,,,"PS CENTER는 센터코퍼레이션에서 운영하는 전시 공간으로, 을지로 철공소 골목, 196",0,0.0
P004822,서울열린데이터광장,,문화생활,미앤갤러리,서울특별시 종로구 자하문로10길 13-1,37.5795262021706,126.972349639942,0507-1390-7104,,,,,"미앤갤러리는 동시대의 감각을 반영한 다양한 시각예술을 소개하며, 새로운 시선과 실험 정신을",0,0.0
P004823,서울열린데이터광장,,문화생활,마테리오갤러리,"서울특별시 강남구 강남대로 94길 27-15 (역삼동 635-6), 태리빌딩 8층",37.5430999,126.9585778,02-566-5310,,,,,'MATERIAUX'는 예술의 재료(material)가 되는 모든 물질을 가리킨다. 물질을,0,0.0
P004824,서울열린데이터광장,,문화생활,에케이다,서울특별시 중구 퇴계로39길 12-7 1층,37.5619374686783,126.994490695752,없음,,,,,"미술인 7인의 후원으로 운영되는 예술공간으로, 작가들의 다양한 실험과 실패를 응원한다. 자",0,0.0
P004825,서울열린데이터광장,,문화생활,크리스프 웨지,서울특별시 마포구 양화로8길 32-17 지하 1층 크리스프 웨지,37.5493590071323,126.916412664084,없음,,,,,크리스프 웨지Crisp Wedge는 하나의 질문이 하나의 형태로 귀결되는 과정과 조건을 탐,0,0.0
P004826,서울열린데이터광장,,문화생활,매헌윤봉길의사기념관,서울특별시 서초구 매헌로 99,37.46958870025365,127.03656401367662,02-578-3388,,,,,전시실 개선공사를 위한 휴관 안내 2024. 10. 10.(목) ~ 12.31.(화) ※ ,0,0.0
P004827,서울열린데이터광장,,문화생활,호리아트스페이스,서울특별시 종로구 삼청로7길 11,37.5837344936393,126.981144526694,02-511-5482,,,,,2020년에 개관한 호리아트스페이스는 동시대 미술계에서 새로운 변화를 이끄는 작가들의 작품,0,0.0
P004828,서울열린데이터광장,,문화생활,스페이스세컨뷰,서울특별시 서초구 사임당로18길 52-2 2층,37.4875349783628,127.019623102918,050-5282-8708,,,,,정효문화재단 2층에 자리한 시각예술 전시 공간입니다. 시각예술 전시와 아트&디자인 세미나를,0,0.0
P004829,서울열린데이터광장,,문화생활,에브리데이몬데이 갤러리,서울특별시 송파구 송파대로48길 14,37.5088551901993,127.105757151234,0507-1480-0309,,,,,2014년에 개관한 EM은 컨템포러리 아트에 중점을 두고 국내외 유망한 아티스트들을 소개하,0,0.0
P004830,서울열린데이터광장,,문화생활,북촌한옥역사관,서울특별시 종로구 계동4길 3,37.5823064951822,126.987062016756,02-747-8630,,,,,"북촌 한옥역사관은 종로구 계동4길 3에 있으며, 한옥을 개조한 공간에서 북촌 역사를 살펴볼",0,0.0
P004831,서울열린데이터광장,,문화생활,오래된집,서울특별시 성북구 성북로18길 16,37.5940199274977,126.999559188806,02-2135-7622,,,,,캔 파운데이션은 2008년 예술창작 지원을 목적으로 비영리단체로 설립되었으며 2011년 고,0,0.0
P004832,서울열린데이터광장,,문화생활,캡션 서울,서울특별시 용산구 원효로81길 5,37.5393388908586,126.96721801729,0507-1409-7995,,,,,"캡션서울(Caption Seoul)은 창작자와 관람객의 소통을 돕는 매개체로, 동시대 창작",0,0.0
P004833,서울열린데이터광장,,문화생활,뮤지엄멋 (museum mut),"서울특별시 중구 퇴계로 411 뮤지엄멋 m1, m2",37.5657793622516,127.017212536149,정보없음,,,,,뮤지엄멋은 크리에이티브 멋에서 운영하는 신당동 문화예술 플랫폼이다. 신당동과 인근 지역을 ,0,0.0
P004834,서울열린데이터광장,,문화생활,홍대갤러리 키르큐펠,"서울특별시 마포구 와우산로25길 26 1층, 2층 홍대갤러리 키르큐펠",37.5544389044835,126.926112038874,없음,,,,,작품전시&팝업스토어&생일이벤트&모임공간 대여 홍대레드거리에서 도보 3분거리에 위치한 키르큐,0,0.0
P004835,서울열린데이터광장,,문화생활,에스플렉스센터 ,서울특별시 마포구 매봉산로 31,37.5757269662412,126.889972593033,02-3470-1531,,,,,에스플렉스센터(S-PlexCenter)는 IT·미디어·콘텐츠 산업의 집중육성과 서울시 데이,0,0.0
P004836,서울열린데이터광장,,문화생활,성동청소년문화의집,서울특별시 성동구 금호동3가 1266,37.549600601651,127.018993419483,02-2236-2678,,,,,성동 청소년 문화의 집 청소년의 다양한 문화적 욕구를 수용한 다채롭고 전문적인 청소년 활동,0,0.0
P004837,서울열린데이터광장,,문화생활,옥상팩토리,서울특별시 송파구 법원로4길 5 지하1층 B112호,37.482913928496,127.121873324034,0507-1479-2334,,,,,옥상팩토리이지만 지하 1층에 위치해있습니다. 전시일정은 인스타계정을 통해 꼭 확인부탁드립니,0,0.0
P004838,서울열린데이터광장,,문화생활,윈드밀,서울특별시 용산구 원효로 13 지하2층,37.5347486637961,126.946125028265,없음,,,,,"윈드밀은 2021년에 개관한 퍼포먼스 공간입니다. 미술작가 문보람, 정명우, 조익정이 창립",0,0.0
P004839,서울열린데이터광장,,문화생활,한양도성 유적전시관,서울특별시 중구 회현동1가 100-267,37.55390443319124,126.98179078204588,02-779-9870,,,,,"조선왕조 수도 성곽인 한양도성의 유적과 조선신궁 배전터, 남산 분수대 등을 볼 수 있는 야",0,0.0
P004840,서울열린데이터광장,,문화생활,이글락아트스페이스,서울특별시 성동구 뚝섬로1길 53-1,37.5460256232685,127.047470360006,0507-1472-1634,,,,,"서울 성동구 성수동에 위치한 이글락아트스페이스는 고급스러운 원목과, 빈티지 유럽미장 인테리",0,0.0
P004841,서울열린데이터광장,,문화생활,갤러리 508,서울특별시 강남구 도산대로67길 14,37.5249920319161,127.044705546448,02-6448-5087,,,,,갤러리 508은 예술의 다양한 창작을 소개하고 미술품 소장의 문턱을 낮춰 폭넓은 콜렉터층과,0,0.0
P004842,서울열린데이터광장,,문화생활,씨알방학간,서울특별시 도봉구 도봉로 666(구 소방학교),37.6640064725024,127.043019014157,070-4159-9617,,,,,씨알방학간은 서울소방재난본부의 (구)소방학교 폐시설을 재활용하여 도봉문화재단에서 운영하는 ,0,0.0
P004843,서울열린데이터광장,,문화생활,서울연극창작센터,서울특별시 성북구 성북로 8,37.5892179362926,127.006040752071,02-758-2095,,,,,2025년 3월 개관 예정,0,0.0
P004844,서울열린데이터광장,,문화생활,갤러리 화이트다이아몬드,서울특별시 송파구 올림픽로37길 130 에이동 203호,37.5208819816451,127.104421421949,02-417-2001,,,,,갤러리화이트다이몬드의 입구에는 전시 정보가 안내되고 있습니다. 언제나 편안하게 들어오세요!,0,0.0
P004845,서울열린데이터광장,,문화생활,17717,서울특별시 성북구 성북로8길 11 B1,37.5911362215001,127.004400808532,없음,,,,,"2011년 서울 이태원에서의 공간 운영을 시작으로, 2013년부터 서울 성북동으로 옮겨와 ",0,0.0
P004846,서울열린데이터광장,,문화생활,돈의문역사관,서울특별시 종로구 새문안로 35-54,37.5692197342866,126.968779117404,02-724-0271,,,,,박물관이 된 식당 돈의문敦義門은 한양도성의 서쪽 대문입니다. 1396년(태조 5) 한양도성,0,0.0
P004847,서울열린데이터광장,,문화생활,학민재,서울특별시 종로구 북촌로11가길 28-2,37.5826998027203,126.984288870289,0507-1313-0213,,,,,학민재는 서울 도심속에서 마치 100년 전 과거로 시간 여행을 떠난 듯한 착각에 빠지는 경,0,0.0
P004848,서울열린데이터광장,,문화생활,방배열린문화센터,서울특별시 서초구 방배로 173,37.4890076091191,126.992242397414,02-2155-7831,,,,,"2013.10월 방배열린문화센터 개소로 53개 주민자치프로그램을 운영하며, 체육시설(헬스,",0,0.0
P004849,서울열린데이터광장,,문화생활,서울여성플라자,서울특별시 동작구 여의대방로54길 18,37.5116087174603,126.927226422645,02-810-5264,,,,,서울시여성가족재단이 운영하는 서울여성플라자는 여성 · 가족의 소통과 공유 공간으로 국제회의,0,0.0
P004850,서울열린데이터광장,,문화생활,동덕여자대학교 박물관,서울특별시 성북구 화랑로13길 60 동덕여자대학교 동덕르네상스홀,37.606552160140886,127.04279179203144,02-940-4232,,,,,본 대학 박물관은 1977년 5월 27일에 개관하였습니다. 1998년 3월에는 여성학 박물,0,0.0
P004851,서울열린데이터광장,,문화생활,무계원,서울특별시 종로구 창의문로5가길 2,37.5918679,126.9634368,02-379-7131~2,,,,,"도심 속 자연에서 만나는 특별한 전통문화 공간 “ 부암동 전통문화공간, 머물고 싶은 곳 ”",0,0.0
P004852,서울열린데이터광장,,문화생활,아트스페이스공작,서울특별시 마포구 동교로19길 56 102호,37.5578258360317,126.917142026143,없음,,,,,"Gongzak공작은 예술로 소통하는 자리입니다. 창작자는 자유로이 에너지를 발산하고, 작품",0,0.0
P004853,서울열린데이터광장,,문화생활,아르코미술관,서울특별시 종로구 동숭길 3 한국문화예술위원회 아르코미술관,37.5805022887696,127.003256182632,02-760-4850,,,,,아르코미술관은 2024년 개관 50주년을 맞이합니다. 1974년 '미술회관'으로 시작해 1,0,0.0
P004854,서울열린데이터광장,,문화생활,온조대왕문화체육관,서울특별시 강동구 고덕로 285,37.5567272009253,127.157453945306,02-2045-7800,,,,,"공익성과 수익성이 조화를 이루는 합리적인 경영을 통해, 다수가 참여할 수 있는 다양한 문화",0,0.0
P004855,서울열린데이터광장,,문화생활,덕성여자대학교 박물관,서울특별시 도봉구 삼양로144길 33,37.65276133230196,127.01656184686124,02-901-8131,,,,,덕성여자대학교박물관은 1971년 5월에 설립되어 운니동캠퍼스 D관 7층에서 약 40평 규모,0,0.0
P004856,서울열린데이터광장,,문화생활,서울역사편찬원,서울특별시 송파구 방이동 올림픽로 424(방이동 88-3),37.5203396980951,127.115517876627,02-420-1255~1256,,,,,"서울역사편찬원은 서울시 역사자료의 수집, 조사와 연구 및 편찬에 관한 사항을 추진하기 위해",0,0.0
P004857,서울열린데이터광장,,문화생활,오시선,서울특별시 성동구 성덕정길 112,37.536989665314,127.055745180959,정보없음,,,,,"오시선은 파트타임 아트스페이스로, 실내의 가변 벽을 사용하여 공간을 변화무쌍하게 활용한다.",0,0.0
P004858,서울열린데이터광장,,문화생활,책과얽힘,서울특별시 강남구 선릉로133길 15,37.5179419934245,127.039546839166,02-542-9383,,,,,과학기술 그리고 인문 중심의 서점인 '책과얽힘' 입니다.,0,0.0
P004859,서울열린데이터광장,,문화생활,방도,서울특별시 영등포구 영중로14길 33-1 2층-3층,37.5197542228629,126.908890002748,없음,,,,,방도는 예술의 방법과 도리를 찾는 공간입니다. 재개발이 진행중인 영중로 거리에서 1974년,0,0.0
P004860,서울열린데이터광장,,문화생활,레드로드발전소,서울특별시 마포구 와우산로37길 35,37.5564381192339,126.929035860751,02-3153-1633,,,,,레드로드발전소는 구 경의선 책거리를 홍대 특유의 문화예술과 특성을 반영한 복합문화예술공간으,0,0.0
P004861,서울열린데이터광장,,문화생활,WWW SPACE,서울특별시 마포구 망원로6길 37 지하1층,37.555283006064,126.90378758952,0507-1410-7241,,,,,ABOUT WWW “WWW는 살아있는 공간입니다. 첨단을 기치로 서로다른 모두의 생각과 떨,0,0.0
P004862,서울열린데이터광장,,문화생활,디멘션크리에이션,서울특별시 용산구 한강대로14길 35-32,37.5246030233094,126.966600006643,0507-1330-7594,,,,,디멘션갤러리 디멘션갤러리는 현대미술의 향방을 가늠할 수 있는 국내 작가의 작품을 소개하고 ,0,0.0
P004863,서울열린데이터광장,,문화생활,더 케이브 서울,서울특별시 중구 청계천로 24 케이스퀘어빌딩 지하 1층,37.5685159133492,126.98020965303,02-6250-5352,,,,,더 케이브는 우리가 현실에서 보고있는 것이 이데아의 그림자에 지나지 않는다는 철학자 플라톤,0,0.0
P004864,서울열린데이터광장,,문화생활,노화랑,서울특별시 종로구 인사동길 54,37.5748603162364,126.984085733694,02-732-3558,,,,,"노화랑은 1977년, 서울 종로구 인사동에 ‘송원화랑’으로 개관한 이래 현재까지 한국미술시",0,0.0
P004865,서울열린데이터광장,,문화생활,중랑청소년문화예술창작센터,서울특별시 중랑구 면목로36길 4 면목7동복합청사 3층 중랑청소년문화예술창작센터,37.5777558156609,127.086063662762,02-495-3370,,,,,"청소년의 문화예술 향유 공간인 중랑청소년문화예술창작센터는 모션랩, 뮤직랩, 멀티랩A, 멀티",0,0.0
P004866,서울열린데이터광장,,문화생활,리얼레이션 스페이스,서울특별시 강남구 봉은사로114길 46 1층,37.511909216187,127.065515756604,0507-1342-8586,,,,,문화예술 컨텐츠를 위한 모듈형 베뉴입니다.,0,0.0
P004867,서울열린데이터광장,,문화생활,파소 갤러리 헤리티지,서울특별시 종로구 성균관로 92,37.5897525530897,126.998762107984,02-765-4331,,,,,파소 갤러리 (Paso Gallery)는 10여년간 '신진 아티스트 공모전'을 열어 국내 ,0,0.0
P004868,서울열린데이터광장,,문화생활,은평마을예술창작소 별별곳간,서울특별시 은평구 갈현동 333-9,37.615188968599,126.909410004906,070-7363-3335,,,,,"일상이 예술이 되고, 상상이 현실이 되는 마을마당 은평마을예술창작소 별별곳간 은평구가 주민",0,0.0
P004869,서울열린데이터광장,,문화생활,우란문화재단,서울특별시 성동구 연무장7길 11,37.5437897702564,127.054416929987,02-465-1418,,,,,"우란전시 잊혀 가는 전통 공예의 미감과 장인의 작업 과정을 재발견하고, 예술가의 새로운 창",0,0.0
P004870,서울열린데이터광장,,문화생활,미오갤러리,서울특별시 종로구 청계천로 55 지하1층,37.5690245373078,126.9838385148,없음,,,,,서울 종로 청계천로에 자리한 미오갤러리는 60년의 시간을 품은 건축물 안에서 새로운 예술의,0,0.0
P004871,서울열린데이터광장,,문화생활,창덕궁 인정전,서울특별시 종로구 율곡로 99,37.5788697347103,126.989710338876,02-3668-2300,,,,,역사 제1차 왕자의 난 이후 정종은 조선의 도읍을 개경으로 옮겼다. 이후 태종 때 다시 한,0,0.0
P004872,서울열린데이터광장,,문화생활,오에이오에이,서울특별시 강남구 삼성로63길 32-11,37.5000442067308,127.057072857318,02-6207-3211,,,,,"오에이오에이(oaoa)는 'ordinary art original art'의 약자로, 일상",0,0.0
P004873,서울열린데이터광장,,문화생활,국립대한민국임시정부기념관,서울특별시 서대문구 통일로 279-24,37.5759997348249,126.954417321379,02-772-8782,,,,,대한민국 헌법은 ‘3.1운동으로 건립된 대한민국 임시정부의 법통을 계승’ 한다고 밝히고 있,0,0.0
P004874,서울열린데이터광장,,문화생활,스페이스로라,서울특별시 성동구 성수이로26길 25,37.545827113547,127.060342160868,070-4144-5954,,,,,"갤러리겸 문화공간. Roller의 일본식 발음, ‘로라’ 집 옆 공간에 자리를 잡은 스페이",0,0.0
P004875,서울열린데이터광장,,문화생활,갤러리 플래닛,서울특별시 강남구 압구정로71길 14,37.5275164514377,127.045900812708,02-540-4853,,,,,2013년에 개관한 갤러리 플래닛은 시대적 공감을 끌어내면서도 차별화된 접근으로 독창적인 ,0,0.0
P004876,서울열린데이터광장,,문화생활,아케이드서울,서울특별시 영등포구 도림로128길 23 1층,37.5155167575219,126.894539872062,0507-1497-4944,,,,,*대관 및 자체 기획 콘텐츠로 운영됩니다. (상시 오픈 X) OPEN NOW 아케이드 서울,0,0.0
P004877,서울열린데이터광장,,문화생활,지역관광 안테나숍,서울특별시 중구 세종대로 119,37.5668837502225,126.976702419575,0507-1371-0664,,,,,"안테나숍에 들어오는 순간, 여행은 멀리 가지 않아도 시작됩니다. '로컬 여행의 시작은. 바",0,0.0
P004878,서울열린데이터광장,,문화생활,탈영역우정국,서울특별시 마포구 독막로20길 42,37.5469505567011,126.927612357085,02-336-8553,,,,,탈영역 우정국은 우체국통폐합으로 인한 유휴공간이었던 서울 마포구 창전동의 (구)창전동 우체,0,0.0
P004879,서울열린데이터광장,,문화생활,관악청소년센터,서울특별시 관악구 신림로23길 17,37.4702439018707,126.935243319909,02-870-7650,,,,,"관악구민들에게 생활체육?문화강좌 프로그램을 제공하는 공간입니다. ● 대지면적 1,944.4",0,0.0
P004880,서울열린데이터광장,,문화생활,MGFS100갤러리,서울특별시 종로구 삼청로 122 1층 mgfs100,37.58617358750333,126.98181689032252,02-720-1220,,,,,My Good Friends 100 MGFS100 (My Good Friends 100)은,0,0.0
P004881,서울열린데이터광장,,문화생활,공간O'S [공간오즈],서울특별시 용산구 한강대로21길 7,37.5266432193517,126.964329373384,0507-1361-8931,,,,,비즈니스의 중심 서울 용산구에 위치한 문화예술공간 공간O’s (공간오즈) 입니다.,0,0.0
P004882,서울열린데이터광장,,문화생활,미디어센터 관악,서울특별시 관악구 남부순환로 1491 6층,37.4824643621379,126.916405836212,02-6385-7500,,,,,미디어센터관악은 관악구의 미디어 산업 발전과 구민의 미디어 접근성을 높이기 위해 설립되었습,0,0.0
P004883,서울열린데이터광장,,문화생활,미림아트,서울특별시 종로구 인사동길 11-1 미림아트센터 3F,37.571852756212,126.986681102308,027355711,,,,,"1961년 인사동에 문을 연 미림아트는 반세기 넘게 유럽, 미국, 일본 등지에서 엄선한 고",0,0.0
P004884,서울열린데이터광장,,문화생활,아트사이드 갤러리,서울특별시 종로구 자하문로6길 15 아트사이드 갤러리,37.5782683724918,126.972946031397,02-725-1020,,,,,"아트사이드 갤러리는 1999년 인사동 개관이래 사이드(Side), ‘예술이란 주변의 끊임없",0,0.0
P004885,서울열린데이터광장,,문화생활,민주화운동기념관,서울특별시 용산구 한강대로71길 37,37.5409459533191,126.971537661678,02-6440-8800,,,,,새로 탄생하게 될 민주화운동기념관(서울 용산구 한강대로71길 37)은 공권력의 고문시설이었,0,0.0
P004886,서울열린데이터광장,,문화생활,백범김구기념관,서울특별시 용산구 임정로 26,37.5442779438577,126.959253034196,02-799-3400,,,,,휴관 (전시관 개선공사) : 2024. 10. 21. - 12. 31. (예정) ※ 상기 ,0,0.0
P004887,서울열린데이터광장,,문화생활,RNL 로즈앤라임 갤러리,서울특별시 중구 다산로 138 B1,37.5560473866483,127.011629334897,02-2236-6247,,,,,"삶의 활력을 불어넣는 감성문화공간 RnL 로즈앤라임입니다. Art, Music, Fashi",0,0.0
P004888,서울열린데이터광장,,문화생활,팩션,서울특별시 서대문구 홍제천로6길 26 지하1층,37.574286142724,126.925978326544,0507-1306-2618,,,,,"팩션은 2021년 개관하여 시각예술, 퍼포먼스, 사운드, 영화 등 여러 장르를 아우르는 기",0,0.0
P004889,서울열린데이터광장,,문화생활,성북역사문화센터,서울특별시 성북구 성북로21길 31,37.5926041717051,126.997423573618,02-2241-2656,,,,,성북역사문화센터는 '지붕 없는 박물관' 성북동의 문화관광 인프라 거점시설로 2020년에 개,0,0.0
P004890,서울열린데이터광장,,문화생활,서울도시건축센터,서울특별시 종로구 송월길 2 돈의문박물관마을 내,37.5685333472923,126.968746691077,02-739-2900,,,,,서울도시건축센터는 ‘돈의문 박물관마을’ 내 시민과 소통을 통해 서울시 도시건축 문화유산의 ,0,0.0
P004891,서울열린데이터광장,,문화생활,별관,서울특별시 마포구 망원로 74 2층,37.5572258907747,126.904979777478,0507-1305-1459,,,,,작업실과 전시공간이 따로 또 같이 이어지는 Artist Run Space [별관] 입니다.,0,0.0
P004892,서울열린데이터광장,,문화생활,온에어갤러리,서울특별시 서대문구 연희로14길 62-57,37.5662657676458,126.93438086461,0507-1405-8842,,,,,연희동과 연세대학교를 잇는 샛길에 자리잡고 있습니다. 예술가와 주민 그리고 청년을 위한 복,0,0.0
P004893,서울열린데이터광장,,문화생활,아리수갤러리,서울특별시 종로구 종로11길 13,37.5709202758265,126.985570242096,02-2212-5653,,,,,예술의 향기가 함께하는 아리수 갤러리(Arisoo Gallery)입니다. 아리수 갤러리는 ,0,0.0
P004894,서울열린데이터광장,,문화생활,북아현문화체육센터,서울특별시 서대문구 북아현로 51 북아현문화체육센터,37.5618398088356,126.955438258574,02-360-8660,,,,,서대문구에 위치한 북아현문화체육센터입니다!,0,0.0
P004895,서울열린데이터광장,,문화생활,룩인사이드 갤러리,서울특별시 강남구 도산대로17길 30-1 1층,37.5206693525947,127.024511695575,없음,,,,,"신사동 가로수길에 자리한 룩인사이드는 예술과 일상의 경계를 허물며, 사진과 시각 예술을 중",0,0.0
P004896,서울열린데이터광장,,문화생활,이화여고 100주년기념관,서울특별시 중구 정동길 26,37.56623459588855,126.9706951930061,02-777-4258,,,,,"공연장인 화암홀, 프라이홀, 이화아트갤러리, 물리실, 화학실, 생물실, 지구과학실, 어학실",0,0.0
P004897,서울열린데이터광장,,문화생활,옹기테마공원 체험장,서울특별시 중랑구 신내로21길 116,37.6126537169803,127.088519359108,"02-3407-6546, 6547",,,,,"독 짓는 장인 숨결 품은 옹기테마공원 위치 : 중랑구 신내동 777일대 / 규모 : 9,0",0,0.0
P004898,서울열린데이터광장,,문화생활,관악구평생학습관,서울특별시 관악구 남부순환로 1546,37.4829905930825,126.922411546168,02-879-5679,,,,,"서울시 최초 평생학습도시, 지상6층, 지하1층, 네트워크, 강좌검색, 강사은행, 학습동아리",0,0.0
P004899,서울열린데이터광장,,문화생활,(재)한원미술관,"서울특별시 서초구 남부순환로 2423, 한원빌딩 본관 B1F",37.4817811288984,127.015435697895,02-588-5642,,,,,"(재)한원미술관은 1993년 개관한 제 1종 전문 미술관으로서, 한원그룹 고(故)하동환 명",0,0.0
P004900,서울열린데이터광장,,문화생활,관천로 문화플랫폼 S1472,서울특별시 관악구 관천로 53,37.4841127974646,126.925774880088,02-6357-5001~5006,,,,,관천로 문화플랫폼 S1472는 구민의 일상 속 문화예술 향유를 위해 운영되는 참여형 전시?,0,0.0
P004901,서울열린데이터광장,,문화생활,망우마중마을활력소,서울특별시 중랑구 용마산로 461,37.5923584985717,127.098158860524,02-434-1240,,,,,중랑구 '마을활력소 마중'은 지역주민과 함께 만들어가는 열린 공간으로 지역공동체 활성화를 ,0,0.0
P004902,서울열린데이터광장,,문화생활,아르티펙스 갤러리,서울특별시 송파구 법원로 128 문정역SKV1 B동 715호,37.4868314347245,127.120453991896,02-6412-3380,,,,,아르티펙스 갤러리는 기성 작가 뿐 아니라 신진 작가들의 개인전과 그룹전을 볼 수 있는 시각,0,0.0
P004903,서울열린데이터광장,,문화생활,서울예술인지원센터,서울특별시 종로구 동숭길 122,37.5836990003446,127.00371665858,02-758-2178,,,,,서울 예술인의 지속가능한 창작활동을 지원하는 예술인 지원 플랫폼 서울예술인지원센터는 서울 ,0,0.0
P004904,서울열린데이터광장,,문화생활,이호철북콘서트홀,서울특별시 은평구 통일로 767 호반베르디움스테이원 2층 상가,37.6139964990436,126.926499742667,02-351-8581,,,,,이호철 북콘서트홀은 이호철 작가의 문학적 유산을 기리고 문학과 예술이 하나 되는 복합문화 ,0,0.0
P004905,서울열린데이터광장,,문화생활,콤플렉스,서울특별시 용산구 후암로 59,37.5510827221899,126.976845515427,0507-1494-2094,,,,,"콤플렉스는 약 40년 간 목욕탕과 고시원, 다방으로 사용되던 후암동의 오랜 공간을 다듬어 ",0,0.0
P004906,서울열린데이터광장,,문화생활,57th갤러리,"서울특별시 종로구 율곡로3길 17 2층, 지하",37.5764227904413,126.982592565586,02-733-2657,,,,,감고당길 초입에 위치한 57th 갤러리는 기존의 인사동을 기반으로하는 예술의 역사와 더불어,0,0.0
P004907,서울열린데이터광장,,문화생활,갤러리아리아,서울특별시 송파구 오금로 170,37.5094570810951,127.113220365122,홈페이지 참고,,,,,"아리아 클래스 @aria_class 서울특별시 송파구 오금로 170, B01호 Open :",0,0.0
P004908,서울열린데이터광장,,문화생활,모리함,서울특별시 중구 소공로 36,37.5587419129145,126.983167890728,02-790-1888,,,,,"모리함은 한국의 전통 표구(장황粧潢, 배첩褙貼)를 기반으로 하여 소중한 이야기를 작품으로 ",0,0.0
P004909,서울열린데이터광장,,문화생활,경운박물관,서울특별시 강남구 삼성로 29 경기여고 100주년기념관 1층,37.48783935741881,127.06604493487576,02-3463-1336,,,,,경운박물관은 2003년 4월 15일 개관하였습니다. 고등학교 동창회를 중심으로 박물관이 세,0,0.0
P004910,서울열린데이터광장,,문화생활,노원수학문화관,서울특별시 노원구 한글비석로19길 28,37.6578302271754,127.072350210885,02-2116-2181,,,,,"'수학의 매력을 발견하는 곳, 노원수학문화관' 안녕하세요!노원수학문화관에 오신 것을 환영합",0,0.0
P004911,서울열린데이터광장,,문화생활,이회영기념관,서울특별시 종로구 사직로6길 15 이회영기념관,37.5731739268239,126.965832677435,02-755-0610,,,,,이회영기념관 벗집 이 집은 서울에 들어온 서양인들이 서대문 일대에서 홍파동 사직동 행촌동 ,0,0.0
P004912,서울열린데이터광장,,문화생활,보자르갤러리,서울특별시 강남구 도산대로99길 50-2 (청담동) 1층,37.5270629329359,127.049361647914,02-543-5662,,,,,청담 보자르갤러리(CHEONGDAM BEAUX-ARTS GALLERY)는 수많은 주요 전시,0,0.0
P004913,서울열린데이터광장,,문화생활,koldsleep 콜드슬립,서울특별시 강북구 인수봉로 301 1층,37.6456350743682,127.010445714014,없음,,,,,강북구 주택가 1층에 위치한 콜드슬립은 3.63평(12㎡)의 공간입니다. 분해 가능한 철제,0,0.0
P004914,서울열린데이터광장,,문화생활,아크원 갤러리,서울특별시 용산구 한강대로40길 25,37.5302989726222,126.970653369124,0507-1488-5956,,,,,"아크원 갤러리는 개인전, 기획전, 그룹전, 팝업, 프로포즈 공간/전시로 사용가능합니다. 전",0,0.0
P004915,서울열린데이터광장,,문화생활,성북근현대문학관,서울특별시 성북구 성북로21길 24,37.5924971251231,126.997050373072,02-2241-1939,,,,,"성북근현대문학관은 성북의 문학과 문인에 관련된 종합적인 자료를 수집하고, 문학관을 찾아 주",0,0.0
P004916,서울열린데이터광장,,문화생활,하랑갤러리,서울특별시 종로구 자하문로38길 45,37.5941632391391,126.965670446605,02-365-9545,,,,,국내 미술문화의 발전을 위해 창작활동을 보이는 작가들을 대상으로 한국미술의 우수성을 국내 ,0,0.0
P004917,서울열린데이터광장,,문화생활,온수공간,서울특별시 마포구 월드컵북로1길 74,37.5534884539757,126.917814194047,070-7543-3767,,,,,O/S 서교동의 어수선한 상업 가로 이면에 자리한 이곳은 주거-일터를 반복하며 가로지르는 ,0,0.0
P004918,서울열린데이터광장,,문화생활,트웰브즈,서울특별시 강서구 양천로 532 15층 1501호,37.5588549952776,126.858262624754,02-6958-8417,,,,,"트웰브즈는 강서구에 위치한 갤러리입니다. 트웰브즈는 '12의' 라는 뜻으로, 일 년 열 두",0,0.0
P004919,서울열린데이터광장,,문화생활,코엑스마곡,서울특별시 강서구 마곡중앙로 143,37.5647750742195,126.825252880539,02-767-6000,,,,,"최고의 전시컨벤션 전문가 그룹, 코엑스마곡이 서울의 비즈니스 이벤트 지평을 넓혀 갑니다. ",0,0.0
P004920,서울열린데이터광장,,문화생활,갤러리세줄,서울특별시 종로구 평창30길 40,37.6134222984483,126.975144951828,02-391-9171,,,,,갤러리 세줄은 예술인들의 창작활동을 지원하면서 다양한 기획전시와 상설전시 등을 통해 대중에,0,0.0
P004921,서울열린데이터광장,,문화생활,갤러리 안터 공간 눈빛,서울특별시 종로구 인사동11길 16,37.5739510958196,126.983889409627,02-324-8272,,,,,1. 실내 실평수 10평 - 작품 설치 가능한 길이 18m(+2m) - 높이 2.7m 2.,0,0.0
P004922,서울열린데이터광장,,문화생활,효창공원,서울특별시 용산구 효창원로 177-18,37.54508764048156,126.96102849026596,02-2199-8823,,,,,효창공원은 1989년 사적 제 330호로 지정된 국가지정 문화재로 조국의 독립을 위해 피와,0,0.0
P004923,서울열린데이터광장,,문화생활,인가희갤러리,서울특별시 용산구 소월로44길 29,37.5415864542653,126.99301974133,0507-1329-2980,,,,,인가희갤러리는 한국 컨템포러리 미술을 소개하고 전시를 기획한다. 다양한 매체를 활용하는 아,0,0.0
P004924,서울열린데이터광장,,문화생활,써드베란다,서울특별시 종로구 인사동길 9 3층,37.5716790623016,126.986841195091,0507-1374-1986,,,,,"써드베란다는 인사동에 위치한 복합문화공간으로, 다양한 전시 및 작가들의 아트 굿즈를 판매하",0,0.0
P004925,서울열린데이터광장,,문화생활,OMG,서울특별시 용산구 대사관로12길 8 지하층 101호,37.5332386145003,127.001288096524,02-797-9989,,,,,OMG는 일상의 의미를 다시 묻는 동시대 전시공간입니다. 대표성이나 정체성의 틀에 갇히지 ,0,0.0
P004926,서울열린데이터광장,,문화생활,서리풀아트스튜디오,서울특별시 서초구 남부순환로 2365 예술의전당 제1지하보도,37.4792640577144,127.009596620102,"02-3471-9774, 9775",,,,,"서초음악문화지구 활성화를 위한 다목적 문화예술 공간 서리풀아트스튜디오는, 서초음악문화지구 ",0,0.0
P004927,서울열린데이터광장,,문화생활,서울시어울림플라자,서울특별시 강서구 공항대로 489,37.5535154167762,126.861449995331,02-3663-5123,,,,,서울시 어울림플라자는 전국 최초로 장애인과 비장애인이 함께 이용할 수 있는 배리어 프리(b,0,0.0
P004928,서울열린데이터광장,,문화생활,예술공간 의식주,서울특별시 서대문구 홍연길 80 201호,37.5764562255178,126.930947128691,0507-1414-9653,,,,,예술공간 의식주는 2017년 6월 개관한 전시공간 입니다. 다양한 층의 예술가들의 실험공간,0,0.0
P004929,서울열린데이터광장,,문화생활,cync,서울특별시 은평구 통일로 577,37.5986042688311,126.937285356594,070-7954-1473,,,,,cync는 전시와 프로젝트를 중심으로 예술 기반 프로그램을 기획·운영하는 하이브리드 예술 ,0,0.0
P004930,서울열린데이터광장,,문화생활,서울시립 서서울미술관,서울특별시 금천구 시흥대로79길 65 (독산동)서울시립 서서울미술관,37.4580752536422,126.894935931812,02-2124-5800,,,,,서울시립 서서울미술관은 서남권 첫 공립미술관으로 뉴미디어 아트 특화미술관입니다. 새로운 매,0,0.0
P004931,서울열린데이터광장,,문화생활,스페이스 톤,서울특별시 마포구 토정로 43-2,37.5456545675167,126.91580133126,0507-1305-8663,,,,,"스페이스 톤(Space Tone)은 2025년 9월에 개관한 갤러리로, 조각 작품이 가장 ",0,0.0
P004932,서울열린데이터광장,,문화생활,커먼그라운드,서울특별시 광진구 아차산로 200,37.5410566332301,127.065669226745,02-467-2747,,,,,STREET YOUTH CULTURE 200개의 컨테이너로 구성된 국내 최대 컨테이너 팝업,0,0.0
P004933,서울열린데이터광장,,문화생활,성북어린이미술관 꿈자람,서울특별시 성북구 화랑로18자길 13 5층,37.6049779283236,127.05059120982,02-6925-5022,,,,,2019년 8월 개관한 성북어린이미술관 꿈자람(이하 꿈자람)은 자치구 최초 공립 어린이미술,0,0.0
P004934,서울열린데이터광장,,문화생활,더 갤러리 호수,서울특별시 송파구 송파나루길 166 더 갤러리 호수,37.512296516856,127.107617545434,02-2147-3275,,,,,석촌호를 담은 새로운 문화예술 향유의 공간 더 갤러리 호수의 시작을 알립니다.,0,0.0
P004935,서울열린데이터광장,,문화생활,예송미술관,서울특별시 송파구 백제고분로 242 송파문화예술회관 1층 예송미술관,37.5023578475607,127.093490160793,02-2147-3579,,,,,"송파구립 예송미술관은 송파구민의 시각예술향유를 위한 전시관으로 관내 예술인(단체) 전시, ",0,0.0
P004936,서울열린데이터광장,,문화생활,갤러리미즈,서울특별시 종로구 삼일대로 461,37.5755954796793,126.985829029631,02-722-8005,,,,,"1997년도에 개관한 갤러리미즈는 미래지향적인 생각과 이념으로 기획, 초대전시를 통해 한국",0,0.0
P004937,서울열린데이터광장,,문화생활,스페이스 카다로그,서울특별시 중구 을지로3가 수표로 58-1 3F,37.5664621449086,126.989854099281,없음,,,,,"을지로에 위치한 현대미술 공간, 스페이스 카다로그입니다.",0,0.0
P004938,서울열린데이터광장,,문화생활,윤극영가옥,서울특별시 강북구 인수봉로84길 5,37.6464710578,127.010881739751,070-8992-9720,,,,,서울특별시에선 근현대 문화유산 중 미래 세대에게 전달할만한 가치가 있는 보물을 ‘서울 미래,0,0.0
P004939,서울열린데이터광장,,문화생활,시립문래청소년센터,서울특별시 영등포구 문래로 110,37.5188522510214,126.894114718336,02-2167-0100,,,,,"청소년과 함께 걸어가는 청소년의 또 다른 가족, 달촌! 문래청소년센터의 애칭인 ‘달촌’은 ",0,0.0
P004940,서울열린데이터광장,,문화생활,스페이스깨,서울특별시 종로구 자하문로5길 15 1층 스페이스깨,37.5776350450917,126.970971252469,홈페이지 참고,,,,,체부동에 위치한 전시 공간입니다. 전시기간에만 운영합니다.,0,0.0
P004941,서울열린데이터광장,,문화생활,갤러리 스페이스엘,서울특별시 서초구 서래로5길 38,37.4980121074519,126.996200741797,82-10-3007-8211,,,,,스페이스 엘(Gallery Space L)은 전시 프로그램과 함께 자체 컬렉션을 병행하여 ,0,0.0
P004942,서울열린데이터광장,,문화생활,동대문구 아르코,서울특별시 동대문구 왕산로 200 타워동 5층,37.5798901828732,127.04616117771,02-6956-0871,,,,,"동대문구 아르코는 총 470평 규모의 도심 속 복합문화공간으로 로즈홀(220평), 카멜리아",0,0.0
P004943,서울열린데이터광장,,문화생활,KCDF갤러리,서울특별시 종로구 인사동11길 8,37.5740079809751,126.984128478814,02-732-9382,,,,,"전통의 거리, 인사동에 위치한 공예전시 전문 공간 KCDF갤러리는 공예 산업의 진흥을 도모",0,0.0
P004944,서울열린데이터광장,,문화생활,강남힐링센터 개포,서울특별시 강남구 삼성로3길 39,37.4841428175435,127.065349831835,02-3423-7970,,,,,멀리 떠나지 않고 ‘힐링’을 즐길 수 있도록 만들어진 자치구 유일의 도심형 힐링 공간으로 ,0,0.0
P004945,Instagram,#강남술집,주점,너무한육회연어,서울특별시 강남구 역삼동 테헤란로1길 19 지하2층,37.499602303374,127.027516707375,02-564-0426,너무한육회,"20,800원",주류,"5,000원",가성비 너무한육회,20800,5000.0
P004946,Instagram,#강남술집,주점,나노하나,서울특별시 서초구 서초대로73길 42 강남역리가스퀘어 1층 107호,37.5012257817168,127.024441102142,070-7783-2002,2인 모듬숙성회,"29,900원",주류,"6,000원",가성비 2인 모듬숙성회,29900,6000.0
P004947,Instagram,#강남술집,주점,도시맥주,서울특별시 강남구 봉은사로18길 90 1층,37.5008534875438,127.027700486871,0507-1359-7356,후라이드치킨,"19,000원",주류,"4,500원",가성비 후라이드치킨,19000,4500.0
P004948,Instagram,#강남술집,주점,만원수산,서울특별시 서초구 서초대로77길 37 3층,37.5009946247186,127.025104306207,02-6084-8184,막회,"35,000원",주류,"3,000원",가성비 막회,35000,3000.0
P004949,Instagram,#강남술집,주점,싼술의전당,서울특별시 강남구 강남대로96길 13 지하1층,37.4999636489373,127.028103322447,02-568-0057,생연어사시미,"23,900원",주류,"2,900원",가성비 생연어사시미,23900,2900.0
P004950,Instagram,#강남술집,주점,금복주류,서울특별시 서초구 서초동 1307-16 1층,37.5002479649605,127.025085848742,02-535-2498,달콤옥수수전,"18,000원",주류,"5,000원",가성비 달콤옥수수전,18000,5000.0
P004951,Instagram,#강남술집,주점,강남77,서울특별시 서초구 서초대로77길 31,37.5006193877919,127.025375937177,02-533-8765,돈까스핫도그떡볶이,"14,900원",주류,"5,000원",가성비 돈까스핫도그떡볶이,14900,5000.0
P004952,Instagram,#강남술집,주점,아리계곡,서울특별시 강남구 테헤란로1길 28-14,37.5003666573125,127.028527787808,070-7542-4970,원조닭전골,"22,900원",주류,"5,900원",가성비 원조닭전골,22900,5900.0
P004953,Instagram,#관악술집,주점,북새통,서울특별시 관악구 관악로16길 13 1층,37.4804180312521,126.953453156798,0507-1361-2916,꼬치류,990원,주류,"1,900원",가성비 꼬치류,990,1900.0
P004954,Instagram,#관악술집,주점,술지비,서울특별시 관악구 신림로68길 18,37.486565275862,126.930403774049,0507-1407-3644,순살 닭칼국수,"14,000원",주류,"3,000원",가성비 순살 닭칼국수,14000,3000.0
P004955,Instagram,#관악술집,주점,실내포장마차,서울특별시 관악구 양녕로 16-1,37.4835113181182,126.94670839521,02-885-5352,닭백숙,"12,000원",주류,"4,000원",가성비 닭백숙,12000,4000.0
P004956,Instagram,#관악술집,주점,파이팅,서울특별시 관악구 신림동5길 28 1층,37.4859238291275,126.927377980909,02-883-9242,부추전,"9,000원",주류,"4,000원",가성비 부추전,9000,4000.0
P004957,Instagram,#관악술집,주점,생활맥주,서울특별시 관악구 신림동5길 49,37.4850377189136,126.927870341054,02-875-0419,앵그리버드 순살,"20,000원",주류,"4,500원",가성비 앵그리버드 순살,20000,4500.0
P004958,Instagram,#관악술집,주점,맑은시간,서울특별시 관악구 신림동 1433-172,37.4847456310754,126.925863237441,0507-1361-1234,우삼겹숙주볶음,"18,000원",주류,"5,000원",가성비 우삼겹숙주볶음,18000,5000.0
P004959,Instagram,#관악술집,주점,진주상회,서울특별시 관악구 봉천동 1602-16,37.4799947436425,126.954161058495,02-888-5570,"생굴,보쌈 + 홍합탕","29,000원",주류,"5,000원","가성비 생굴,보쌈 + 홍합탕",29000,5000.0
P004960,Instagram,#관악술집,주점,하하호호이모포차,서울특별시 관악구 신림동 봉천로12길 34,37.487175864841,126.92960267014,0507-1363-5253,생고기김치찌개,"13,000원",주류,"5,000원",가성비 생고기김치찌개,13000,5000.0
P004961,Instagram,#관악술집,주점,만냥행운포차,서울특별시 관악구 봉천동 951-2,37.4860356061692,126.93911110903,02-887-9594,동태알탕,"30,000원",주류,"5,000원",가성비 동태알탕,30000,5000.0
P004962,Instagram,#관악술집,주점,야키토리미치,서울특별시 관악구 관악로14가길 6 1층 101호,37.4782622357877,126.955931343351,070-8863-7778,간단코스,"9,900원",주류,"5,000원",가성비 간단코스,9900,5000.0
P004963,Instagram,#관악술집,주점,즉석두부이야기,서울특별시 관악구 조원로2가길 34 1층,37.4826561241956,126.904550468698,2-865-8991,두부삼합,"25,000원",주류,"4,500원",가성비 두부삼합,25000,4500.0
P004964,Instagram,#관악술집,주점,두꺼비로맨스,서울특별시 관악구 봉천로 473 1층,37.4823655755153,126.952805906537,0507-1386-6636,직화무뼈닭발,"12,900원",주류,"5,000원",가성비 직화무뼈닭발,12900,5000.0
P004965,Instagram,#관악술집,주점,79대포,서울특별시 관악구 신림로67길 16 1층,37.4861155592208,126.928404119593,0507-1465-7667,79김치빠삭파전,"12,900원",주류,"4,500원",가성비 79김치빠삭파전,12900,4500.0
P004966,Instagram,#관악술집,주점,크라운호프,서울특별시 관악구 호암로24길 37,37.4696394283484,126.935269728393,02-887-7501,닭껍질튀김,"6,900원",주류,"5,000원",가성비 닭껍질튀김,6900,5000.0
P004967,Instagram,#관악술집,주점,펀비어킹,서울특별시 관악구 신림동5길 48 1층,37.4850610355517,126.927544007056,02-882-5529,오리지널 후라이드 치킨,"17,900원",주류,"4,000원",가성비 오리지널 후라이드 치킨,17900,4000.0
P004968,Instagram,#관악술집,주점,생마차,서울특별시 관악구 관악로14길 67 1층,37.478500064246,126.956314241501,0507-1485-2061,테바나카 10조각,"9,000원",주류,"1,900원",가성비 테바나카 10조각,9000,1900.0
P004969,Instagram,#관악술집,주점,똥껍데기,서울특별시 관악구 남부순환로170길 2 1층,37.4828602040939,126.924477242769,010-6304-9340,튀김만두무침,"15,000원",주류,"3,000원",가성비 튀김만두무침,15000,3000.0
P004970,Instagram,#관악술집,주점,주시장,서울특별시 관악구 신림로59길 7 2층,37.482924283143,126.929310658097,0507-1473-0398,꼬막,"10,000원",주류,"3,000원",가성비 꼬막,10000,3000.0
P004971,Instagram,#관악술집,주점,상군이네고깃집,서울특별시 관악구 신림로23길 36,37.4693755149408,126.934601756119,0507-1335-6919,7종 고기 무한리필,"16,900원",주류,"3,000원",가성비 7종 고기 무한리필,16900,3000.0
P004972,Instagram,#관악술집,주점,세월마차,서울특별시 관악구 은천로 32,37.4860688262294,126.938884040317,02-877-3353,서대회무침,"25,000원",주류,"3,000원",가성비 서대회무침,25000,3000.0
P004973,Instagram,#관악술집,주점,야간얼큰우동,서울특별시 관악구 남부순환로226길 13,37.4799352769672,126.95392921006,02-883-9394,즉석우동,"7,000원",주류,"5,000원",가성비 즉석우동,7000,5000.0
P004974,Instagram,#관악술집,주점,우마(Uma),서울특별시 관악구 신원로 26 동부아파트상가 101동,37.4811549763764,126.928270805228,02-830-4549,시메사바,"18,000원",주류,"5,000원",가성비 시메사바,18000,5000.0
P004975,Instagram,#남양주술집,주점,상록회관,경기도 남양주시 호평로 173 1층,37.6560861828839,127.25947729314,0507-1437-5159,삼겹살/목살 (100g),"5,500원",주류,"5,000원",가성비 삼겹살/목살 (100g),5500,5000.0
P004976,Instagram,#남양주술집,주점,박씨아저씨,경기도 남양주시 화도읍 먹갓로 23,37.6562721977215,127.274462684579,031-511-1555,돼지곱창전골,"14,000원",주류,"4,000원",가성비 돼지곱창전골,14000,4000.0
P004977,Instagram,#남양주술집,주점,꼬치공방,경기도 남양주시 다산지금로 124-54 1층,37.6015701181111,127.173185573503,070-4060-8448,공방모듬꼬치,"18,900원",주류,"5,000원",가성비 공방모듬꼬치,18900,5000.0
P004978,Instagram,#남양주술집,주점,접시포차,경기도 남양주시 호평로46번안길 4-30 1층,37.6540466792371,127.246042493457,031-559-3746,순살 순도리탕,"9,900원",주류,"2,900원",가성비 순살 순도리탕,9900,2900.0
P004979,Instagram,#남양주술집,주점,낙지의품격,경기도 남양주시 다산중앙로82번안길 132-28 1층,37.6115308531057,127.165437573432,0507-1438-6632,낙지볶음,"13,500원",주류,"5,000원",가성비 낙지볶음,13500,5000.0
P004980,Instagram,#남양주술집,주점,총각네횟집,경기도 남양주시 다산중앙로 117 안강e타워 1층,37.623539489025,127.153150811934,031-552-5800,제철 모둠회,"35,000원",주류,"5,000원",가성비 제철 모둠회,35000,5000.0
P004981,Instagram,#남양주술집,주점,모에모에,경기도 남양주시 도농로 29 B1층 모에모에,37.6084261125277,127.156810748408,0507-1376-2504,차슈플레이트,"23,000원",주류,"5,000원",가성비 차슈플레이트,23000,5000.0
P004982,Instagram,#남양주술집,주점,금별맥주,경기도 남양주시 호평로46번안길 8-8 1층,37.6547032743719,127.245715568331,0507-1324-7241,한우투뿔육회,"14,900원",주류,"4,500원",가성비 한우투뿔육회,14900,4500.0
P004983,Instagram,#남양주술집,주점,생마차,경기도 남양주시 호평로46번안길 8-14 101호,37.6544083088833,127.245708136935,0507-1384-3746,테바나카 10조각,"9,000원",주류,"1,900원",가성비 테바나카 10조각,9000,1900.0
P004984,Instagram,#남양주술집,주점,김복남맥주,경기도 남양주시 화도읍 맷돌로130번길 8-11 1층,37.6569698550992,127.30403008974,0507-1352-8627,투움바떡볶이,"11,000원",주류,"3,800원",가성비 투움바떡볶이,11000,3800.0
P004985,Instagram,#남양주술집,주점,닐니리맘보,경기도 남양주시 오남읍 진건오남로512번길 8-1 1층,37.678530434153,127.210109474958,0507-1324-4390,이모카세,"38,000원",주류,"5,000원",가성비 이모카세,38000,5000.0
P004986,Instagram,#마포술집,주점,마포왕족발,서울특별시 마포구 공덕동 256-43,37.5445969349287,126.953272402839,02-717-2126,한방 왕족발,"34,000원",주류,"5,000원",가성비 한방 왕족발,34000,5000.0
P004987,Instagram,#마포술집,주점,산와쇼텐,서울특별시 마포구 토정로35길 6 1층 3호,37.5400901245002,126.943932635451,010-5713-8755,사시미 낫또탑,"18,000원",주류,"6,000원",가성비 사시미 낫또탑,18000,6000.0
P004988,Instagram,#마포술집,주점,대박포차,서울특별시 마포구 월드컵로36길 40 1층,37.5677802213943,126.905055114548,0507-1339-7153,숯불 돼지꼬리,"20,000원",주류,"5,000원",가성비 숯불 돼지꼬리,20000,5000.0
P004989,Instagram,#마포술집,주점,작은섬소년,서울특별시 마포구 토정로37길 3 1층,37.539801016627,126.944362255013,02-703-5181,가리비구이,"14,000원",주류,"5,000원",가성비 가리비구이,14000,5000.0
P004990,Instagram,#마포술집,주점,화끈네오징양,서울특별시 마포구 토정로 277 1층,37.5421927140462,126.940648030957,02-6956-1977,오징어초무침,"25,000원",주류,"4,500원",가성비 오징어초무침,25000,4500.0
P004991,Instagram,#마포술집,주점,지평선,서울특별시 마포구 토정로3길 17,37.5464978119653,126.914297960226,0507-1440-0977,한우대창전골,"27,000원",주류,"5,000원",가성비 한우대창전골,27000,5000.0
P004992,Instagram,#마포술집,주점,미트라운지,서울특별시 마포구 새창로 30-1 1층,37.5414994309595,126.953378888715,02-711-7798,햄치즈 오나페,"16,000원",주류,"5,000원",가성비 햄치즈 오나페,16000,5000.0
P004993,Instagram,#마포술집,주점,생마차,서울특별시 마포구 어울마당로 145-1,37.5566294825064,126.925941018711,02-3144-2544,테바나카 10조각,"9,000원",주류,"1,900원",가성비 테바나카 10조각,9000,1900.0
P004994,Instagram,#마포술집,주점,경성상회,서울특별시 마포구 도화4길 11 도화아트빌 A동 1층 102호,37.5413807722775,126.950939856292,070-8624-8119,모둠사시미 2인,"38,000원",주류,"5,000원",가성비 모둠사시미 2인,38000,5000.0
P004995,Instagram,#부천술집,주점,생마차,경기도 부천시 원미구 소향로37번길 13-22,37.5044807614016,126.750687153147,032-327-6338,테바나카 10조각,"9,000원",주류,"1,900원",가성비 테바나카 10조각,9000,1900.0
P004996,Instagram,#부천술집,주점,시골막걸리,경기도 부천시 원미구 석천로2번길 64,37.4871033725595,126.763086155755,032-655-3147,두부김치,"7,000원",주류,"3,000원",가성비 두부김치,7000,3000.0
P004997,Instagram,#부천술집,주점,마장동고기집,경기도 부천시 원미구 신흥로 252,37.5062376739296,126.77574694022,032-322-1090,한돈 500g,"33,500원",주류,"2,000원",가성비 한돈 500g,33500,2000.0
P004998,Instagram,#부천술집,주점,김복남맥주,경기도 부천시 원미구 소향로13번길 28-14,37.5048407053906,126.750086996379,1522-3748,투움바떡볶이,"11,000원",주류,"3,800원",가성비 투움바떡볶이,11000,3800.0
P004999,Instagram,#부천술집,주점,무지개맥주,경기도 부천시 원미구 석천로183번길 41,37.5039859675234,126.760681226338,1599-2165,달콤버터갈릭감자튀김,"6,900원",주류,"4,500원",가성비 달콤버터갈릭감자튀김,6900,4500.0
P005000,Instagram,#부천술집,주점,펀비어킹,경기도 부천시 원미구 길주로121번길 17-28,37.506831372656,126.755072692027,032-322-5704,취향저격 반반치킨,"22,900원",주류,"4,000원",가성비 취향저격 반반치킨,22900,4000.0
P005001,Instagram,#부천술집,주점,역전할머니맥주,경기도 부천시 원미구 부천로29번길 35,37.487097039595,126.78129665396,032-611-7624,갈릭빠다포테이토,"7,000원",주류,"4,700원",가성비 갈릭빠다포테이토,7000,4700.0
P005002,Instagram,#부천술집,주점,인쌩맥주,경기도 부천시 원미구 길주로77번길 19-6 1층,37.5068677628432,126.750845697821,010-9767-9830,9900순살치킨,"9,900원",주류,"4,700원",가성비 9900순살치킨,9900,4700.0
P005003,Instagram,#부천술집,주점,금별맥주,경기도 부천시 원미구 조마루로297번길 25,37.498698520351,126.776363196811,032-326-8252,닭오도독튀김,"7,900원",주류,"4,500원",가성비 닭오도독튀김,7900,4500.0
P005004,Instagram,#부천술집,주점,오술차,경기도 부천시 원미구 부천로29번길 39,37.4871960648933,126.781153218528,070-5066-1525,묵은지삼겹김치찌개,"11,900원",주류,"5,000원",가성비 묵은지삼겹김치찌개,11900,5000.0
P005005,Instagram,#부천술집,주점,구들짱황소곱창,경기도 부천시 원미구 중동로254번길 71 정중프라자 105호,37.5020923943833,126.772900472156,032-682-0288,인생대창,"23,000원",주류,"5,000원",가성비 인생대창,23000,5000.0
P005006,Instagram,#부천술집,주점,38소갈비,경기도 부천시 원미구 부일로496번길 18 1층,37.484797927213,126.784822098296,0507-1377-6412,소갈비살600g,"38,000원",주류,"5,000원",가성비 소갈비살600g,38000,5000.0
P005007,Instagram,#부천술집,주점,주점,경기도 부천시 원미구 옥산로 140 1층,37.5060071954289,126.78049482444,032-710-5727,돼지고기 고추장찌개,"18,900원",주류,"5,000원",가성비 돼지고기 고추장찌개,18900,5000.0
P005008,Instagram,#부천술집,주점,청불천막집포차,경기도 부천시 원미구 조마루로291번길 26 101호,37.4987998647835,126.77597296858,032-665-6668,무뼈국물닭발,"22,000원",주류,"5,000원",가성비 무뼈국물닭발,22000,5000.0
P005009,Instagram,#부천술집,주점,전낭자구이도령,경기도 부천시 원미구 조마루로 295 중동프라자 1층,37.497906043702,126.776578501518,032-326-8898,해물파전,"23,000원",주류,"4,000원",가성비 해물파전,23000,4000.0
P005010,Instagram,#부천술집,주점,포차리얼백,경기도 부천시 원미구 조마루로291번길 30 2층,37.4989589958801,126.775932686265,07-1412-4440,리얼백 해물볶음,"22,900원",주류,"3,000원",가성비 리얼백 해물볶음,22900,3000.0
P005011,Instagram,#부천술집,주점,꼬주망태,경기도 부천시 원미구 중동 1130-4,37.4984798923508,126.776054442497,0507-1443-5152,반반꼬막,24000원,주류,"4,000원",가성비 반반꼬막,24000,4000.0
P005012,Instagram,#부천술집,주점,통통돼지부속,경기도 부천시 원미구 중동 1150-5,37.5027163046131,126.77031925935,032-323-2653,모둠,"31,000원",주류,"4,500원",가성비 모둠,31000,4500.0
P005013,Instagram,#부천술집,주점,윗마을포차,경기도 부천시 원미구 소향로13번길 14-11 103호,37.5045392778392,126.749896868595,0507-1308-2244,의성마늘듬뿍 닭볶음탕,"26,000원",주류,"5,000원",가성비 의성마늘듬뿍 닭볶음탕,26000,5000.0
P005014,Instagram,#부천술집,주점,클램블리,경기도 부천시 원미구 상동 411 104호,37.4901924764851,126.752884536414,010-6287-1611,켄터키보일링,"15,000원",주류,"5,000원",가성비 켄터키보일링,15000,5000.0
P005015,Instagram,#부천술집,주점,신세대맥주,경기도 부천시 원미구 소향로13번길 28-14 맘모스타워 119호,37.5048407053906,126.750086996379,0507-1392-0943,살로만치킨,"9,000원",주류,"1,900원",가성비 살로만치킨,9000,1900.0
P005016,Instagram,#부천술집,주점,숯토리,경기도 부천시 원미구 중동로262번길 20,37.5027760719629,126.769918385745,070-8211-2988,오사카 장인 튀김 Set ,"23,900원",주류,"4,900원",가성비 오사카 장인 튀김 Set ,23900,4900.0
P005017,Instagram,#부천술집,주점,부천도,경기도 부천시 원미구 신흥로 178 두산위브더스테이트 3단지 216호,37.4999641140393,126.777483304264,032-655-0260,프리미엄 스페셜 260g,"35,000원",주류,"1,500원",가성비 프리미엄 스페셜 260g,35000,1500.0
P005018,Instagram,#송파술집,주점,88조개,서울특별시 송파구 백제고분로7길 32-10 1층,37.5102885847034,127.082479429053,02-422-3179,초대형 조개전골,"52,000원",주류,"5,500원",가성비 초대형 조개전골,52000,5500.0
P005019,Instagram,#송파술집,주점,79대포,서울특별시 송파구 백제고분로7길 32-8 1층,37.5104202414659,127.082450732066,02-417-4003,79김치빠삭파전,"12,900원",주류,"4,500원",가성비 79김치빠삭파전,12900,4500.0
P005020,Instagram,#송파술집,주점,사사노하,서울특별시 송파구 백제고분로42길 4-13 수정빌딩 1층 101호,37.5055082291902,127.108831293223,0507-1328-4451,사사노하 초밥 5pcs,"9,900원",주류,"4,800원",가성비 사사노하 초밥 5pcs,9900,4800.0
P005021,Instagram,#송파술집,주점,마실포차,서울특별시 송파구 올림픽로32길 56,37.5122023951453,127.112229161781,02-417-5092,만두전골,"30,000원",주류,"4,500원",가성비 만두전골,30000,4500.0
P005022,Instagram,#송파술집,주점,포차천국,서울특별시 송파구 백제고분로7길 48 성원빌딩 2층,37.5106744716474,127.084158681466,02-424-1090,순살치킨 로제파스타,"15,800원",주류,"3,900원",가성비 순살치킨 로제파스타,15800,3900.0
P005023,Instagram,#송파술집,주점,제주화로집,서울특별시 송파구 중대로9길 34 1층,37.4963405358618,127.118798446524,02-404-2200,무한리필 1인,"18,900원",주류,"1,500원",가성비 무한리필 1인,18900,1500.0
P005024,Instagram,#송파술집,주점,사루오뎅,서울특별시 송파구 올림픽로32길 18 1층 102호,37.5144143800455,127.109129830721,0507-1373-1896,오뎅세트,"12,700원",주류,"1,900원",가성비 오뎅세트,12700,1900.0
P005025,Instagram,#송파술집,주점,완도산회,서울특별시 송파구 백제고분로41길 10 해븐빌딩 1층,37.5071345100566,127.108376841868,02-422-5989,물회,"18,000원",주류,"3,500원",가성비 물회,18000,3500.0
P005026,Instagram,#송파술집,주점,파도집,서울특별시 송파구 오금로15길 7-1 2층,37.5125648628524,127.109256533917,0507-1397-6250,육사시미,"34,000원",주류,"6,000원",가성비 육사시미,34000,6000.0
P005027,Instagram,#송파술집,주점,더짱터,서울특별시 송파구 법원로 114 제이동 제지1층 제이-비102호,37.4860552797801,127.12100938212,02-2283-1334,순대국밥,"9,000원",주류,"5,000원",가성비 순대국밥,9000,5000.0
P005028,Instagram,#송파술집,주점,생마차,서울특별시 송파구 백제고분로7길 34 1층,37.5106932793486,127.082660504197,02-418-0120,테바나카 10조각,"9,000원",주류,"1,900원",가성비 테바나카 10조각,9000,1900.0
P005029,Instagram,#송파술집,주점,역전할머니맥주,서울특별시 송파구 백제고분로41길 8 송파빌딩,37.5069695938017,127.108510287751,02-424-4188,갈릭빠다포테이토,"7,000원",주류,"4,700원",가성비 갈릭빠다포테이토,7000,4700.0
P005030,Instagram,#송파술집,주점,탁꼬치킨,서울특별시 송파구 가락로 138,37.5022046513441,127.111294637266,02-416-0626,반반치킨,"18,000원",주류,"4,000원",가성비 반반치킨,18000,4000.0
P005031,Instagram,#시흥술집,주점,계가,경기도 시흥시 서울대학로278번길 25-32 다인로얄팰리스 배곧2차 1층 112호,37.3692095306727,126.729332730924,0507-1335-5030,닭매운탕,"18,000원",주류,"4,000원",가성비 닭매운탕,18000,4000.0
P005032,Instagram,#시흥술집,주점,바담칼국수,경기도 시흥시 오이도로157번길 1 1층,37.3470000080524,126.688546439376,0507-1322-8458,대왕해물전골칼국수,"21,500원",주류,"5,000원",가성비 대왕해물전골칼국수,21500,5000.0
P005033,Instagram,#시흥술집,주점,단성무이,"경기도 시흥시 은계번영길 23 120, 121호",37.4998297147673,127.028290435143,0507-1394-7507,홍콩덕 한상 2인,"14,000원",주류,"5,000원",가성비 홍콩덕 한상 2인,14000,5000.0
P005034,Instagram,#시흥술집,주점,세광양대창,경기도 시흥시 서울대학로278번길 43-13 스타타워 1층,37.3692262684235,126.730190993993,031-433-2898,대창구이 200g,"15,000원",주류,"5,000원",가성비 대창구이 200g,15000,5000.0
P005035,Instagram,#시흥술집,주점,롱타임노씨,경기도 시흥시 은계번영길 25 3층,37.4367815108798,126.803965954337,0507-1431-0112,롱타임노씨 피자,"17,500원",주류,"3,800원",가성비 롱타임노씨 피자,17500,3800.0
P005036,Instagram,#시흥술집,주점,벙커1987,경기도 시흥시 월곶해안로 111-1 2층 201호,37.388840042151,126.734275124968,0507-1304-8976,감바스,"19,900원",주류,"4,500원",가성비 감바스,19900,4500.0
P005037,Instagram,#시흥술집,주점,오이도조개92,경기도 시흥시 오이도로 135,37.3481899519686,126.689181785064,07-1403-5029,모듬해산물,"65,000원",주류,"5,000원",가성비 모듬해산물,65000,5000.0
P005038,Instagram,#시흥술집,주점,싱싱수산시장,경기도 시흥시 대골안길 96 1층 싱싱수산시장,37.4416624894121,126.785946420539,0507-1397-9525,제철모둠회,"32,000원",주류,"3,500원",가성비 제철모둠회,32000,3500.0
P005039,Instagram,#평택술집,주점,보리보리,경기도 평택시 자유로13번길 6 2층 201호,36.993189357272,127.090788861599,0507-1400-4229,스지수육전골,"24,000원",주류,"4,500원",가성비 스지수육전골,24000,4500.0
P005040,Instagram,#평택술집,주점,서주잡화점,경기도 평택시 함박산8길 37 1동 1층 101호,37.038676186045,127.032314947427,070-8680-6668,조개술찜 ,"19,000원",주류,"5,000원",가성비 조개술찜 ,19000,5000.0
P005041,Instagram,#평택술집,주점,오리진,경기도 평택시 비전5로 35 스페이스스퀘어 1층 108호,37.001849814329,127.114475941888,031-654-5984,단새우사시미,"28,000원",주류,"5,000원",가성비 단새우사시미,28000,5000.0
P005042,Instagram,#평택술집,주점,지금보고싶다,경기도 평택시 자유로 6 2층,36.9924473427617,127.090398631124,010-9983-9502,보고싶다플레이트,"23,900원",주류,"4,500원",가성비 보고싶다플레이트,23900,4500.0
P005043,Instagram,#평택술집,주점,이자카야 토라,경기도 평택시 자유로14번길 3 1층,36.9929037699001,127.091068683981,0507-1455-1374,스지나베,"18,900원",주류,"4,500원",가성비 스지나베,18900,4500.0
P005044,Instagram,#평택술집,주점,당나발포차 평택역점,경기도 평택시 자유로 18 1층,36.9930338576249,127.091340576314,0507-1324-4659,시그니처 직화 불고기,"10,900원",주류,"4,500원",가성비 시그니처 직화 불고기,10900,4500.0
P005045,Instagram,#평택술집,주점,역전육회,경기도 평택시 원평로52번길 19,36.9910195451848,127.083809481012,031-657-8707,한우육회,"29,000원",주류,"5,000원",가성비 한우육회,29000,5000.0
P005046,Instagram,#평택술집,주점,추루추루,경기도 평택시 중앙2로43번길 20 1층,36.992137586925,127.092225364227,031-8029-5233,돌문어숙회,"25,900원",주류,"5,000원",가성비 돌문어숙회,25900,5000.0
P005047,Instagram,#평택술집,주점,생마차,경기도 평택시 고덕중앙로 200-33,37.0474701609914,127.04546231786,031-663-3380,테바나카 10조각,"9,000원",주류,"1,900원",가성비 테바나카 10조각,9000,1900.0
